ISO-10303-21;
HEADER;
FILE_DESCRIPTION(('Open CASCADE Model'),'2;1');
FILE_NAME('Open CASCADE Shape Model','2026-08-29T18:06:05',('Author'),(
    'Open CASCADE'),'Open CASCADE STEP processor 7.9','Open CASCADE 7.9'
  ,'Unknown');
FILE_SCHEMA(('AUTOMOTIVE_DESIGN { 1 0 10303 214 1 1 1 1 }'));
ENDSEC;
DATA;
#1 = APPLICATION_PROTOCOL_DEFINITION('international standard',
  'automotive_design',2000,#2);
#2 = APPLICATION_CONTEXT(
  'core data for automotive mechanical design processes');
#3 = SHAPE_DEFINITION_REPRESENTATION(#4,#10);
#4 = PRODUCT_DEFINITION_SHAPE('','',#5);
#5 = PRODUCT_DEFINITION('design','',#6,#9);
#6 = PRODUCT_DEFINITION_FORMATION('','',#7);
#7 = PRODUCT('Table_Tennis_Gantry_V3','Table_Tennis_Gantry_V3','',(#8));
#8 = PRODUCT_CONTEXT('',#2,'mechanical');
#9 = PRODUCT_DEFINITION_CONTEXT('part definition',#2,'design');
#10 = SHAPE_REPRESENTATION('',(#11,#15,#19,#23,#27,#31,#35,#39,#43,#47,
    #51,#55,#59,#63,#67,#71,#75,#79,#83,#87,#91,#95,#99,#103,#107,#111,
    #115,#119,#123,#127,#131,#135,#139,#143,#147,#151,#155,#159,#163,
    #167,#171,#175,#179,#183,#187,#191,#195,#199,#203,#207,#211,#215,
    #219,#223,#227,#231,#235,#239,#243,#247,#251,#255,#259,#263,#267,
    #271,#275,#279,#283,#287,#291,#295,#299,#303,#307,#311,#315,#319,
    #323,#327,#331,#335,#339,#343,#347,#351,#355,#359),#363);
#11 = AXIS2_PLACEMENT_3D('',#12,#13,#14);
#12 = CARTESIAN_POINT('',(0.,0.,0.));
#13 = DIRECTION('',(0.,0.,1.));
#14 = DIRECTION('',(1.,0.,-0.));
#15 = AXIS2_PLACEMENT_3D('',#16,#17,#18);
#16 = CARTESIAN_POINT('',(0.,0.,0.));
#17 = DIRECTION('',(0.,0.,1.));
#18 = DIRECTION('',(1.,0.,-0.));
#19 = AXIS2_PLACEMENT_3D('',#20,#21,#22);
#20 = CARTESIAN_POINT('',(0.,0.,0.));
#21 = DIRECTION('',(0.,0.,1.));
#22 = DIRECTION('',(1.,0.,-0.));
#23 = AXIS2_PLACEMENT_3D('',#24,#25,#26);
#24 = CARTESIAN_POINT('',(0.,0.,0.));
#25 = DIRECTION('',(0.,0.,1.));
#26 = DIRECTION('',(1.,0.,-0.));
#27 = AXIS2_PLACEMENT_3D('',#28,#29,#30);
#28 = CARTESIAN_POINT('',(0.,0.,0.));
#29 = DIRECTION('',(0.,0.,1.));
#30 = DIRECTION('',(1.,0.,-0.));
#31 = AXIS2_PLACEMENT_3D('',#32,#33,#34);
#32 = CARTESIAN_POINT('',(0.,0.,0.));
#33 = DIRECTION('',(0.,0.,1.));
#34 = DIRECTION('',(1.,0.,-0.));
#35 = AXIS2_PLACEMENT_3D('',#36,#37,#38);
#36 = CARTESIAN_POINT('',(0.,0.,0.));
#37 = DIRECTION('',(0.,0.,1.));
#38 = DIRECTION('',(1.,0.,-0.));
#39 = AXIS2_PLACEMENT_3D('',#40,#41,#42);
#40 = CARTESIAN_POINT('',(0.,0.,0.));
#41 = DIRECTION('',(0.,0.,1.));
#42 = DIRECTION('',(1.,0.,-0.));
#43 = AXIS2_PLACEMENT_3D('',#44,#45,#46);
#44 = CARTESIAN_POINT('',(0.,0.,0.));
#45 = DIRECTION('',(0.,0.,1.));
#46 = DIRECTION('',(1.,0.,-0.));
#47 = AXIS2_PLACEMENT_3D('',#48,#49,#50);
#48 = CARTESIAN_POINT('',(0.,0.,0.));
#49 = DIRECTION('',(0.,0.,1.));
#50 = DIRECTION('',(1.,0.,-0.));
#51 = AXIS2_PLACEMENT_3D('',#52,#53,#54);
#52 = CARTESIAN_POINT('',(0.,0.,0.));
#53 = DIRECTION('',(0.,0.,1.));
#54 = DIRECTION('',(1.,0.,-0.));
#55 = AXIS2_PLACEMENT_3D('',#56,#57,#58);
#56 = CARTESIAN_POINT('',(0.,0.,0.));
#57 = DIRECTION('',(0.,0.,1.));
#58 = DIRECTION('',(1.,0.,-0.));
#59 = AXIS2_PLACEMENT_3D('',#60,#61,#62);
#60 = CARTESIAN_POINT('',(0.,0.,0.));
#61 = DIRECTION('',(0.,0.,1.));
#62 = DIRECTION('',(1.,0.,-0.));
#63 = AXIS2_PLACEMENT_3D('',#64,#65,#66);
#64 = CARTESIAN_POINT('',(0.,0.,0.));
#65 = DIRECTION('',(0.,0.,1.));
#66 = DIRECTION('',(1.,0.,-0.));
#67 = AXIS2_PLACEMENT_3D('',#68,#69,#70);
#68 = CARTESIAN_POINT('',(0.,0.,0.));
#69 = DIRECTION('',(0.,0.,1.));
#70 = DIRECTION('',(1.,0.,-0.));
#71 = AXIS2_PLACEMENT_3D('',#72,#73,#74);
#72 = CARTESIAN_POINT('',(0.,0.,0.));
#73 = DIRECTION('',(0.,0.,1.));
#74 = DIRECTION('',(1.,0.,-0.));
#75 = AXIS2_PLACEMENT_3D('',#76,#77,#78);
#76 = CARTESIAN_POINT('',(0.,0.,0.));
#77 = DIRECTION('',(0.,0.,1.));
#78 = DIRECTION('',(1.,0.,-0.));
#79 = AXIS2_PLACEMENT_3D('',#80,#81,#82);
#80 = CARTESIAN_POINT('',(0.,0.,0.));
#81 = DIRECTION('',(0.,0.,1.));
#82 = DIRECTION('',(1.,0.,-0.));
#83 = AXIS2_PLACEMENT_3D('',#84,#85,#86);
#84 = CARTESIAN_POINT('',(0.,0.,0.));
#85 = DIRECTION('',(0.,0.,1.));
#86 = DIRECTION('',(1.,0.,-0.));
#87 = AXIS2_PLACEMENT_3D('',#88,#89,#90);
#88 = CARTESIAN_POINT('',(0.,0.,0.));
#89 = DIRECTION('',(0.,0.,1.));
#90 = DIRECTION('',(1.,0.,-0.));
#91 = AXIS2_PLACEMENT_3D('',#92,#93,#94);
#92 = CARTESIAN_POINT('',(0.,0.,0.));
#93 = DIRECTION('',(0.,0.,1.));
#94 = DIRECTION('',(1.,0.,-0.));
#95 = AXIS2_PLACEMENT_3D('',#96,#97,#98);
#96 = CARTESIAN_POINT('',(0.,0.,0.));
#97 = DIRECTION('',(0.,0.,1.));
#98 = DIRECTION('',(1.,0.,-0.));
#99 = AXIS2_PLACEMENT_3D('',#100,#101,#102);
#100 = CARTESIAN_POINT('',(0.,0.,0.));
#101 = DIRECTION('',(0.,0.,1.));
#102 = DIRECTION('',(1.,0.,-0.));
#103 = AXIS2_PLACEMENT_3D('',#104,#105,#106);
#104 = CARTESIAN_POINT('',(0.,0.,0.));
#105 = DIRECTION('',(0.,0.,1.));
#106 = DIRECTION('',(1.,0.,-0.));
#107 = AXIS2_PLACEMENT_3D('',#108,#109,#110);
#108 = CARTESIAN_POINT('',(0.,0.,0.));
#109 = DIRECTION('',(0.,0.,1.));
#110 = DIRECTION('',(1.,0.,-0.));
#111 = AXIS2_PLACEMENT_3D('',#112,#113,#114);
#112 = CARTESIAN_POINT('',(0.,0.,0.));
#113 = DIRECTION('',(0.,0.,1.));
#114 = DIRECTION('',(1.,0.,-0.));
#115 = AXIS2_PLACEMENT_3D('',#116,#117,#118);
#116 = CARTESIAN_POINT('',(0.,0.,0.));
#117 = DIRECTION('',(0.,0.,1.));
#118 = DIRECTION('',(1.,0.,-0.));
#119 = AXIS2_PLACEMENT_3D('',#120,#121,#122);
#120 = CARTESIAN_POINT('',(0.,0.,0.));
#121 = DIRECTION('',(0.,0.,1.));
#122 = DIRECTION('',(1.,0.,-0.));
#123 = AXIS2_PLACEMENT_3D('',#124,#125,#126);
#124 = CARTESIAN_POINT('',(0.,0.,0.));
#125 = DIRECTION('',(0.,0.,1.));
#126 = DIRECTION('',(1.,0.,-0.));
#127 = AXIS2_PLACEMENT_3D('',#128,#129,#130);
#128 = CARTESIAN_POINT('',(0.,0.,0.));
#129 = DIRECTION('',(0.,0.,1.));
#130 = DIRECTION('',(1.,0.,-0.));
#131 = AXIS2_PLACEMENT_3D('',#132,#133,#134);
#132 = CARTESIAN_POINT('',(0.,0.,0.));
#133 = DIRECTION('',(0.,0.,1.));
#134 = DIRECTION('',(1.,0.,-0.));
#135 = AXIS2_PLACEMENT_3D('',#136,#137,#138);
#136 = CARTESIAN_POINT('',(0.,0.,0.));
#137 = DIRECTION('',(0.,0.,1.));
#138 = DIRECTION('',(1.,0.,-0.));
#139 = AXIS2_PLACEMENT_3D('',#140,#141,#142);
#140 = CARTESIAN_POINT('',(0.,0.,0.));
#141 = DIRECTION('',(0.,0.,1.));
#142 = DIRECTION('',(1.,0.,-0.));
#143 = AXIS2_PLACEMENT_3D('',#144,#145,#146);
#144 = CARTESIAN_POINT('',(0.,0.,0.));
#145 = DIRECTION('',(0.,0.,1.));
#146 = DIRECTION('',(1.,0.,-0.));
#147 = AXIS2_PLACEMENT_3D('',#148,#149,#150);
#148 = CARTESIAN_POINT('',(0.,0.,0.));
#149 = DIRECTION('',(0.,0.,1.));
#150 = DIRECTION('',(1.,0.,-0.));
#151 = AXIS2_PLACEMENT_3D('',#152,#153,#154);
#152 = CARTESIAN_POINT('',(0.,0.,0.));
#153 = DIRECTION('',(0.,0.,1.));
#154 = DIRECTION('',(1.,0.,-0.));
#155 = AXIS2_PLACEMENT_3D('',#156,#157,#158);
#156 = CARTESIAN_POINT('',(0.,0.,0.));
#157 = DIRECTION('',(0.,0.,1.));
#158 = DIRECTION('',(1.,0.,-0.));
#159 = AXIS2_PLACEMENT_3D('',#160,#161,#162);
#160 = CARTESIAN_POINT('',(0.,0.,0.));
#161 = DIRECTION('',(0.,0.,1.));
#162 = DIRECTION('',(1.,0.,-0.));
#163 = AXIS2_PLACEMENT_3D('',#164,#165,#166);
#164 = CARTESIAN_POINT('',(0.,0.,0.));
#165 = DIRECTION('',(0.,0.,1.));
#166 = DIRECTION('',(1.,0.,-0.));
#167 = AXIS2_PLACEMENT_3D('',#168,#169,#170);
#168 = CARTESIAN_POINT('',(0.,0.,0.));
#169 = DIRECTION('',(0.,0.,1.));
#170 = DIRECTION('',(1.,0.,-0.));
#171 = AXIS2_PLACEMENT_3D('',#172,#173,#174);
#172 = CARTESIAN_POINT('',(0.,0.,0.));
#173 = DIRECTION('',(0.,0.,1.));
#174 = DIRECTION('',(1.,0.,-0.));
#175 = AXIS2_PLACEMENT_3D('',#176,#177,#178);
#176 = CARTESIAN_POINT('',(0.,0.,0.));
#177 = DIRECTION('',(0.,0.,1.));
#178 = DIRECTION('',(1.,0.,-0.));
#179 = AXIS2_PLACEMENT_3D('',#180,#181,#182);
#180 = CARTESIAN_POINT('',(0.,0.,0.));
#181 = DIRECTION('',(0.,0.,1.));
#182 = DIRECTION('',(1.,0.,-0.));
#183 = AXIS2_PLACEMENT_3D('',#184,#185,#186);
#184 = CARTESIAN_POINT('',(0.,0.,0.));
#185 = DIRECTION('',(0.,0.,1.));
#186 = DIRECTION('',(1.,0.,-0.));
#187 = AXIS2_PLACEMENT_3D('',#188,#189,#190);
#188 = CARTESIAN_POINT('',(0.,0.,0.));
#189 = DIRECTION('',(0.,0.,1.));
#190 = DIRECTION('',(1.,0.,-0.));
#191 = AXIS2_PLACEMENT_3D('',#192,#193,#194);
#192 = CARTESIAN_POINT('',(0.,0.,0.));
#193 = DIRECTION('',(0.,0.,1.));
#194 = DIRECTION('',(1.,0.,-0.));
#195 = AXIS2_PLACEMENT_3D('',#196,#197,#198);
#196 = CARTESIAN_POINT('',(0.,0.,0.));
#197 = DIRECTION('',(0.,0.,1.));
#198 = DIRECTION('',(1.,0.,-0.));
#199 = AXIS2_PLACEMENT_3D('',#200,#201,#202);
#200 = CARTESIAN_POINT('',(0.,0.,0.));
#201 = DIRECTION('',(0.,0.,1.));
#202 = DIRECTION('',(1.,0.,-0.));
#203 = AXIS2_PLACEMENT_3D('',#204,#205,#206);
#204 = CARTESIAN_POINT('',(0.,0.,0.));
#205 = DIRECTION('',(0.,0.,1.));
#206 = DIRECTION('',(1.,0.,-0.));
#207 = AXIS2_PLACEMENT_3D('',#208,#209,#210);
#208 = CARTESIAN_POINT('',(0.,0.,0.));
#209 = DIRECTION('',(0.,0.,1.));
#210 = DIRECTION('',(1.,0.,-0.));
#211 = AXIS2_PLACEMENT_3D('',#212,#213,#214);
#212 = CARTESIAN_POINT('',(0.,0.,0.));
#213 = DIRECTION('',(0.,0.,1.));
#214 = DIRECTION('',(1.,0.,-0.));
#215 = AXIS2_PLACEMENT_3D('',#216,#217,#218);
#216 = CARTESIAN_POINT('',(0.,0.,0.));
#217 = DIRECTION('',(0.,0.,1.));
#218 = DIRECTION('',(1.,0.,-0.));
#219 = AXIS2_PLACEMENT_3D('',#220,#221,#222);
#220 = CARTESIAN_POINT('',(0.,0.,0.));
#221 = DIRECTION('',(0.,0.,1.));
#222 = DIRECTION('',(1.,0.,-0.));
#223 = AXIS2_PLACEMENT_3D('',#224,#225,#226);
#224 = CARTESIAN_POINT('',(0.,0.,0.));
#225 = DIRECTION('',(0.,0.,1.));
#226 = DIRECTION('',(1.,0.,-0.));
#227 = AXIS2_PLACEMENT_3D('',#228,#229,#230);
#228 = CARTESIAN_POINT('',(0.,0.,0.));
#229 = DIRECTION('',(0.,0.,1.));
#230 = DIRECTION('',(1.,0.,-0.));
#231 = AXIS2_PLACEMENT_3D('',#232,#233,#234);
#232 = CARTESIAN_POINT('',(0.,0.,0.));
#233 = DIRECTION('',(0.,0.,1.));
#234 = DIRECTION('',(1.,0.,-0.));
#235 = AXIS2_PLACEMENT_3D('',#236,#237,#238);
#236 = CARTESIAN_POINT('',(0.,0.,0.));
#237 = DIRECTION('',(0.,0.,1.));
#238 = DIRECTION('',(1.,0.,-0.));
#239 = AXIS2_PLACEMENT_3D('',#240,#241,#242);
#240 = CARTESIAN_POINT('',(0.,0.,0.));
#241 = DIRECTION('',(0.,0.,1.));
#242 = DIRECTION('',(1.,0.,-0.));
#243 = AXIS2_PLACEMENT_3D('',#244,#245,#246);
#244 = CARTESIAN_POINT('',(0.,0.,0.));
#245 = DIRECTION('',(0.,0.,1.));
#246 = DIRECTION('',(1.,0.,-0.));
#247 = AXIS2_PLACEMENT_3D('',#248,#249,#250);
#248 = CARTESIAN_POINT('',(0.,0.,0.));
#249 = DIRECTION('',(0.,0.,1.));
#250 = DIRECTION('',(1.,0.,-0.));
#251 = AXIS2_PLACEMENT_3D('',#252,#253,#254);
#252 = CARTESIAN_POINT('',(0.,0.,0.));
#253 = DIRECTION('',(0.,0.,1.));
#254 = DIRECTION('',(1.,0.,-0.));
#255 = AXIS2_PLACEMENT_3D('',#256,#257,#258);
#256 = CARTESIAN_POINT('',(0.,0.,0.));
#257 = DIRECTION('',(0.,0.,1.));
#258 = DIRECTION('',(1.,0.,-0.));
#259 = AXIS2_PLACEMENT_3D('',#260,#261,#262);
#260 = CARTESIAN_POINT('',(0.,0.,0.));
#261 = DIRECTION('',(0.,0.,1.));
#262 = DIRECTION('',(1.,0.,-0.));
#263 = AXIS2_PLACEMENT_3D('',#264,#265,#266);
#264 = CARTESIAN_POINT('',(0.,0.,0.));
#265 = DIRECTION('',(0.,0.,1.));
#266 = DIRECTION('',(1.,0.,-0.));
#267 = AXIS2_PLACEMENT_3D('',#268,#269,#270);
#268 = CARTESIAN_POINT('',(0.,0.,0.));
#269 = DIRECTION('',(0.,0.,1.));
#270 = DIRECTION('',(1.,0.,-0.));
#271 = AXIS2_PLACEMENT_3D('',#272,#273,#274);
#272 = CARTESIAN_POINT('',(0.,0.,0.));
#273 = DIRECTION('',(0.,0.,1.));
#274 = DIRECTION('',(1.,0.,-0.));
#275 = AXIS2_PLACEMENT_3D('',#276,#277,#278);
#276 = CARTESIAN_POINT('',(0.,0.,0.));
#277 = DIRECTION('',(0.,0.,1.));
#278 = DIRECTION('',(1.,0.,-0.));
#279 = AXIS2_PLACEMENT_3D('',#280,#281,#282);
#280 = CARTESIAN_POINT('',(0.,0.,0.));
#281 = DIRECTION('',(0.,0.,1.));
#282 = DIRECTION('',(1.,0.,-0.));
#283 = AXIS2_PLACEMENT_3D('',#284,#285,#286);
#284 = CARTESIAN_POINT('',(0.,0.,0.));
#285 = DIRECTION('',(0.,0.,1.));
#286 = DIRECTION('',(1.,0.,-0.));
#287 = AXIS2_PLACEMENT_3D('',#288,#289,#290);
#288 = CARTESIAN_POINT('',(0.,0.,0.));
#289 = DIRECTION('',(0.,0.,1.));
#290 = DIRECTION('',(1.,0.,-0.));
#291 = AXIS2_PLACEMENT_3D('',#292,#293,#294);
#292 = CARTESIAN_POINT('',(0.,0.,0.));
#293 = DIRECTION('',(0.,0.,1.));
#294 = DIRECTION('',(1.,0.,-0.));
#295 = AXIS2_PLACEMENT_3D('',#296,#297,#298);
#296 = CARTESIAN_POINT('',(0.,0.,0.));
#297 = DIRECTION('',(0.,0.,1.));
#298 = DIRECTION('',(1.,0.,-0.));
#299 = AXIS2_PLACEMENT_3D('',#300,#301,#302);
#300 = CARTESIAN_POINT('',(0.,0.,0.));
#301 = DIRECTION('',(0.,0.,1.));
#302 = DIRECTION('',(1.,0.,-0.));
#303 = AXIS2_PLACEMENT_3D('',#304,#305,#306);
#304 = CARTESIAN_POINT('',(0.,0.,0.));
#305 = DIRECTION('',(0.,0.,1.));
#306 = DIRECTION('',(1.,0.,-0.));
#307 = AXIS2_PLACEMENT_3D('',#308,#309,#310);
#308 = CARTESIAN_POINT('',(0.,0.,0.));
#309 = DIRECTION('',(0.,0.,1.));
#310 = DIRECTION('',(1.,0.,-0.));
#311 = AXIS2_PLACEMENT_3D('',#312,#313,#314);
#312 = CARTESIAN_POINT('',(0.,0.,0.));
#313 = DIRECTION('',(0.,0.,1.));
#314 = DIRECTION('',(1.,0.,-0.));
#315 = AXIS2_PLACEMENT_3D('',#316,#317,#318);
#316 = CARTESIAN_POINT('',(0.,0.,0.));
#317 = DIRECTION('',(0.,0.,1.));
#318 = DIRECTION('',(1.,0.,-0.));
#319 = AXIS2_PLACEMENT_3D('',#320,#321,#322);
#320 = CARTESIAN_POINT('',(0.,0.,0.));
#321 = DIRECTION('',(0.,0.,1.));
#322 = DIRECTION('',(1.,0.,-0.));
#323 = AXIS2_PLACEMENT_3D('',#324,#325,#326);
#324 = CARTESIAN_POINT('',(0.,0.,0.));
#325 = DIRECTION('',(0.,0.,1.));
#326 = DIRECTION('',(1.,0.,-0.));
#327 = AXIS2_PLACEMENT_3D('',#328,#329,#330);
#328 = CARTESIAN_POINT('',(0.,0.,0.));
#329 = DIRECTION('',(0.,0.,1.));
#330 = DIRECTION('',(1.,0.,-0.));
#331 = AXIS2_PLACEMENT_3D('',#332,#333,#334);
#332 = CARTESIAN_POINT('',(0.,0.,0.));
#333 = DIRECTION('',(0.,0.,1.));
#334 = DIRECTION('',(1.,0.,-0.));
#335 = AXIS2_PLACEMENT_3D('',#336,#337,#338);
#336 = CARTESIAN_POINT('',(0.,0.,0.));
#337 = DIRECTION('',(0.,0.,1.));
#338 = DIRECTION('',(1.,0.,-0.));
#339 = AXIS2_PLACEMENT_3D('',#340,#341,#342);
#340 = CARTESIAN_POINT('',(0.,0.,0.));
#341 = DIRECTION('',(0.,0.,1.));
#342 = DIRECTION('',(1.,0.,-0.));
#343 = AXIS2_PLACEMENT_3D('',#344,#345,#346);
#344 = CARTESIAN_POINT('',(0.,0.,0.));
#345 = DIRECTION('',(0.,0.,1.));
#346 = DIRECTION('',(1.,0.,-0.));
#347 = AXIS2_PLACEMENT_3D('',#348,#349,#350);
#348 = CARTESIAN_POINT('',(0.,0.,0.));
#349 = DIRECTION('',(0.,0.,1.));
#350 = DIRECTION('',(1.,0.,-0.));
#351 = AXIS2_PLACEMENT_3D('',#352,#353,#354);
#352 = CARTESIAN_POINT('',(0.,0.,0.));
#353 = DIRECTION('',(0.,0.,1.));
#354 = DIRECTION('',(1.,0.,-0.));
#355 = AXIS2_PLACEMENT_3D('',#356,#357,#358);
#356 = CARTESIAN_POINT('',(0.,0.,0.));
#357 = DIRECTION('',(0.,0.,1.));
#358 = DIRECTION('',(1.,0.,-0.));
#359 = AXIS2_PLACEMENT_3D('',#360,#361,#362);
#360 = CARTESIAN_POINT('',(0.,0.,0.));
#361 = DIRECTION('',(0.,0.,1.));
#362 = DIRECTION('',(1.,0.,-0.));
#363 = ( GEOMETRIC_REPRESENTATION_CONTEXT(3) 
GLOBAL_UNCERTAINTY_ASSIGNED_CONTEXT((#367)) GLOBAL_UNIT_ASSIGNED_CONTEXT
((#364,#365,#366)) REPRESENTATION_CONTEXT('Context #1',
  '3D Context with UNIT and UNCERTAINTY') );
#364 = ( LENGTH_UNIT() NAMED_UNIT(*) SI_UNIT(.MILLI.,.METRE.) );
#365 = ( NAMED_UNIT(*) PLANE_ANGLE_UNIT() SI_UNIT($,.RADIAN.) );
#366 = ( NAMED_UNIT(*) SI_UNIT($,.STERADIAN.) SOLID_ANGLE_UNIT() );
#367 = UNCERTAINTY_MEASURE_WITH_UNIT(LENGTH_MEASURE(1.E-07),#364,
  'distance_accuracy_value','confusion accuracy');
#368 = PRODUCT_RELATED_PRODUCT_CATEGORY('part',$,(#7));
#369 = SHAPE_DEFINITION_REPRESENTATION(#370,#376);
#370 = PRODUCT_DEFINITION_SHAPE('','',#371);
#371 = PRODUCT_DEFINITION('design','',#372,#375);
#372 = PRODUCT_DEFINITION_FORMATION('','',#373);
#373 = PRODUCT('Table','Table','',(#374));
#374 = PRODUCT_CONTEXT('',#2,'mechanical');
#375 = PRODUCT_DEFINITION_CONTEXT('part definition',#2,'design');
#376 = ADVANCED_BREP_SHAPE_REPRESENTATION('',(#11,#377),#707);
#377 = MANIFOLD_SOLID_BREP('',#378);
#378 = CLOSED_SHELL('',(#379,#499,#599,#646,#693,#700));
#379 = ADVANCED_FACE('',(#380),#394,.F.);
#380 = FACE_BOUND('',#381,.F.);
#381 = EDGE_LOOP('',(#382,#417,#445,#473));
#382 = ORIENTED_EDGE('',*,*,#383,.F.);
#383 = EDGE_CURVE('',#384,#386,#388,.T.);
#384 = VERTEX_POINT('',#385);
#385 = CARTESIAN_POINT('',(-1.37E+03,-762.5,355.));
#386 = VERTEX_POINT('',#387);
#387 = CARTESIAN_POINT('',(-1.37E+03,-762.5,405.));
#388 = SURFACE_CURVE('',#389,(#393,#405),.PCURVE_S1.);
#389 = LINE('',#390,#391);
#390 = CARTESIAN_POINT('',(-1.37E+03,-762.5,355.));
#391 = VECTOR('',#392,1.);
#392 = DIRECTION('',(0.,0.,1.));
#393 = PCURVE('',#394,#399);
#394 = PLANE('',#395);
#395 = AXIS2_PLACEMENT_3D('',#396,#397,#398);
#396 = CARTESIAN_POINT('',(-1.37E+03,-762.5,355.));
#397 = DIRECTION('',(1.,0.,0.));
#398 = DIRECTION('',(0.,0.,1.));
#399 = DEFINITIONAL_REPRESENTATION('',(#400),#404);
#400 = LINE('',#401,#402);
#401 = CARTESIAN_POINT('',(0.,0.));
#402 = VECTOR('',#403,1.);
#403 = DIRECTION('',(1.,0.));
#404 = ( GEOMETRIC_REPRESENTATION_CONTEXT(2) 
PARAMETRIC_REPRESENTATION_CONTEXT() REPRESENTATION_CONTEXT('2D SPACE',''
  ) );
#405 = PCURVE('',#406,#411);
#406 = PLANE('',#407);
#407 = AXIS2_PLACEMENT_3D('',#408,#409,#410);
#408 = CARTESIAN_POINT('',(-1.37E+03,-762.5,355.));
#409 = DIRECTION('',(0.,1.,0.));
#410 = DIRECTION('',(0.,0.,1.));
#411 = DEFINITIONAL_REPRESENTATION('',(#412),#416);
#412 = LINE('',#413,#414);
#413 = CARTESIAN_POINT('',(0.,0.));
#414 = VECTOR('',#415,1.);
#415 = DIRECTION('',(1.,0.));
#416 = ( GEOMETRIC_REPRESENTATION_CONTEXT(2) 
PARAMETRIC_REPRESENTATION_CONTEXT() REPRESENTATION_CONTEXT('2D SPACE',''
  ) );
#417 = ORIENTED_EDGE('',*,*,#418,.T.);
#418 = EDGE_CURVE('',#384,#419,#421,.T.);
#419 = VERTEX_POINT('',#420);
#420 = CARTESIAN_POINT('',(-1.37E+03,762.5,355.));
#421 = SURFACE_CURVE('',#422,(#426,#433),.PCURVE_S1.);
#422 = LINE('',#423,#424);
#423 = CARTESIAN_POINT('',(-1.37E+03,-762.5,355.));
#424 = VECTOR('',#425,1.);
#425 = DIRECTION('',(0.,1.,0.));
#426 = PCURVE('',#394,#427);
#427 = DEFINITIONAL_REPRESENTATION('',(#428),#432);
#428 = LINE('',#429,#430);
#429 = CARTESIAN_POINT('',(0.,0.));
#430 = VECTOR('',#431,1.);
#431 = DIRECTION('',(0.,-1.));
#432 = ( GEOMETRIC_REPRESENTATION_CONTEXT(2) 
PARAMETRIC_REPRESENTATION_CONTEXT() REPRESENTATION_CONTEXT('2D SPACE',''
  ) );
#433 = PCURVE('',#434,#439);
#434 = PLANE('',#435);
#435 = AXIS2_PLACEMENT_3D('',#436,#437,#438);
#436 = CARTESIAN_POINT('',(-1.37E+03,-762.5,355.));
#437 = DIRECTION('',(0.,0.,1.));
#438 = DIRECTION('',(1.,0.,0.));
#439 = DEFINITIONAL_REPRESENTATION('',(#440),#444);
#440 = LINE('',#441,#442);
#441 = CARTESIAN_POINT('',(0.,0.));
#442 = VECTOR('',#443,1.);
#443 = DIRECTION('',(0.,1.));
#444 = ( GEOMETRIC_REPRESENTATION_CONTEXT(2) 
PARAMETRIC_REPRESENTATION_CONTEXT() REPRESENTATION_CONTEXT('2D SPACE',''
  ) );
#445 = ORIENTED_EDGE('',*,*,#446,.T.);
#446 = EDGE_CURVE('',#419,#447,#449,.T.);
#447 = VERTEX_POINT('',#448);
#448 = CARTESIAN_POINT('',(-1.37E+03,762.5,405.));
#449 = SURFACE_CURVE('',#450,(#454,#461),.PCURVE_S1.);
#450 = LINE('',#451,#452);
#451 = CARTESIAN_POINT('',(-1.37E+03,762.5,355.));
#452 = VECTOR('',#453,1.);
#453 = DIRECTION('',(0.,0.,1.));
#454 = PCURVE('',#394,#455);
#455 = DEFINITIONAL_REPRESENTATION('',(#456),#460);
#456 = LINE('',#457,#458);
#457 = CARTESIAN_POINT('',(0.,-1.525E+03));
#458 = VECTOR('',#459,1.);
#459 = DIRECTION('',(1.,0.));
#460 = ( GEOMETRIC_REPRESENTATION_CONTEXT(2) 
PARAMETRIC_REPRESENTATION_CONTEXT() REPRESENTATION_CONTEXT('2D SPACE',''
  ) );
#461 = PCURVE('',#462,#467);
#462 = PLANE('',#463);
#463 = AXIS2_PLACEMENT_3D('',#464,#465,#466);
#464 = CARTESIAN_POINT('',(-1.37E+03,762.5,355.));
#465 = DIRECTION('',(0.,1.,0.));
#466 = DIRECTION('',(0.,0.,1.));
#467 = DEFINITIONAL_REPRESENTATION('',(#468),#472);
#468 = LINE('',#469,#470);
#469 = CARTESIAN_POINT('',(0.,0.));
#470 = VECTOR('',#471,1.);
#471 = DIRECTION('',(1.,0.));
#472 = ( GEOMETRIC_REPRESENTATION_CONTEXT(2) 
PARAMETRIC_REPRESENTATION_CONTEXT() REPRESENTATION_CONTEXT('2D SPACE',''
  ) );
#473 = ORIENTED_EDGE('',*,*,#474,.F.);
#474 = EDGE_CURVE('',#386,#447,#475,.T.);
#475 = SURFACE_CURVE('',#476,(#480,#487),.PCURVE_S1.);
#476 = LINE('',#477,#478);
#477 = CARTESIAN_POINT('',(-1.37E+03,-762.5,405.));
#478 = VECTOR('',#479,1.);
#479 = DIRECTION('',(0.,1.,0.));
#480 = PCURVE('',#394,#481);
#481 = DEFINITIONAL_REPRESENTATION('',(#482),#486);
#482 = LINE('',#483,#484);
#483 = CARTESIAN_POINT('',(50.,0.));
#484 = VECTOR('',#485,1.);
#485 = DIRECTION('',(0.,-1.));
#486 = ( GEOMETRIC_REPRESENTATION_CONTEXT(2) 
PARAMETRIC_REPRESENTATION_CONTEXT() REPRESENTATION_CONTEXT('2D SPACE',''
  ) );
#487 = PCURVE('',#488,#493);
#488 = PLANE('',#489);
#489 = AXIS2_PLACEMENT_3D('',#490,#491,#492);
#490 = CARTESIAN_POINT('',(-1.37E+03,-762.5,405.));
#491 = DIRECTION('',(0.,0.,1.));
#492 = DIRECTION('',(1.,0.,0.));
#493 = DEFINITIONAL_REPRESENTATION('',(#494),#498);
#494 = LINE('',#495,#496);
#495 = CARTESIAN_POINT('',(0.,0.));
#496 = VECTOR('',#497,1.);
#497 = DIRECTION('',(0.,1.));
#498 = ( GEOMETRIC_REPRESENTATION_CONTEXT(2) 
PARAMETRIC_REPRESENTATION_CONTEXT() REPRESENTATION_CONTEXT('2D SPACE',''
  ) );
#499 = ADVANCED_FACE('',(#500),#514,.T.);
#500 = FACE_BOUND('',#501,.T.);
#501 = EDGE_LOOP('',(#502,#532,#555,#578));
#502 = ORIENTED_EDGE('',*,*,#503,.F.);
#503 = EDGE_CURVE('',#504,#506,#508,.T.);
#504 = VERTEX_POINT('',#505);
#505 = CARTESIAN_POINT('',(1.37E+03,-762.5,355.));
#506 = VERTEX_POINT('',#507);
#507 = CARTESIAN_POINT('',(1.37E+03,-762.5,405.));
#508 = SURFACE_CURVE('',#509,(#513,#525),.PCURVE_S1.);
#509 = LINE('',#510,#511);
#510 = CARTESIAN_POINT('',(1.37E+03,-762.5,355.));
#511 = VECTOR('',#512,1.);
#512 = DIRECTION('',(0.,0.,1.));
#513 = PCURVE('',#514,#519);
#514 = PLANE('',#515);
#515 = AXIS2_PLACEMENT_3D('',#516,#517,#518);
#516 = CARTESIAN_POINT('',(1.37E+03,-762.5,355.));
#517 = DIRECTION('',(1.,0.,0.));
#518 = DIRECTION('',(0.,0.,1.));
#519 = DEFINITIONAL_REPRESENTATION('',(#520),#524);
#520 = LINE('',#521,#522);
#521 = CARTESIAN_POINT('',(0.,0.));
#522 = VECTOR('',#523,1.);
#523 = DIRECTION('',(1.,0.));
#524 = ( GEOMETRIC_REPRESENTATION_CONTEXT(2) 
PARAMETRIC_REPRESENTATION_CONTEXT() REPRESENTATION_CONTEXT('2D SPACE',''
  ) );
#525 = PCURVE('',#406,#526);
#526 = DEFINITIONAL_REPRESENTATION('',(#527),#531);
#527 = LINE('',#528,#529);
#528 = CARTESIAN_POINT('',(0.,2.74E+03));
#529 = VECTOR('',#530,1.);
#530 = DIRECTION('',(1.,0.));
#531 = ( GEOMETRIC_REPRESENTATION_CONTEXT(2) 
PARAMETRIC_REPRESENTATION_CONTEXT() REPRESENTATION_CONTEXT('2D SPACE',''
  ) );
#532 = ORIENTED_EDGE('',*,*,#533,.T.);
#533 = EDGE_CURVE('',#504,#534,#536,.T.);
#534 = VERTEX_POINT('',#535);
#535 = CARTESIAN_POINT('',(1.37E+03,762.5,355.));
#536 = SURFACE_CURVE('',#537,(#541,#548),.PCURVE_S1.);
#537 = LINE('',#538,#539);
#538 = CARTESIAN_POINT('',(1.37E+03,-762.5,355.));
#539 = VECTOR('',#540,1.);
#540 = DIRECTION('',(0.,1.,0.));
#541 = PCURVE('',#514,#542);
#542 = DEFINITIONAL_REPRESENTATION('',(#543),#547);
#543 = LINE('',#544,#545);
#544 = CARTESIAN_POINT('',(0.,0.));
#545 = VECTOR('',#546,1.);
#546 = DIRECTION('',(0.,-1.));
#547 = ( GEOMETRIC_REPRESENTATION_CONTEXT(2) 
PARAMETRIC_REPRESENTATION_CONTEXT() REPRESENTATION_CONTEXT('2D SPACE',''
  ) );
#548 = PCURVE('',#434,#549);
#549 = DEFINITIONAL_REPRESENTATION('',(#550),#554);
#550 = LINE('',#551,#552);
#551 = CARTESIAN_POINT('',(2.74E+03,0.));
#552 = VECTOR('',#553,1.);
#553 = DIRECTION('',(0.,1.));
#554 = ( GEOMETRIC_REPRESENTATION_CONTEXT(2) 
PARAMETRIC_REPRESENTATION_CONTEXT() REPRESENTATION_CONTEXT('2D SPACE',''
  ) );
#555 = ORIENTED_EDGE('',*,*,#556,.T.);
#556 = EDGE_CURVE('',#534,#557,#559,.T.);
#557 = VERTEX_POINT('',#558);
#558 = CARTESIAN_POINT('',(1.37E+03,762.5,405.));
#559 = SURFACE_CURVE('',#560,(#564,#571),.PCURVE_S1.);
#560 = LINE('',#561,#562);
#561 = CARTESIAN_POINT('',(1.37E+03,762.5,355.));
#562 = VECTOR('',#563,1.);
#563 = DIRECTION('',(0.,0.,1.));
#564 = PCURVE('',#514,#565);
#565 = DEFINITIONAL_REPRESENTATION('',(#566),#570);
#566 = LINE('',#567,#568);
#567 = CARTESIAN_POINT('',(0.,-1.525E+03));
#568 = VECTOR('',#569,1.);
#569 = DIRECTION('',(1.,0.));
#570 = ( GEOMETRIC_REPRESENTATION_CONTEXT(2) 
PARAMETRIC_REPRESENTATION_CONTEXT() REPRESENTATION_CONTEXT('2D SPACE',''
  ) );
#571 = PCURVE('',#462,#572);
#572 = DEFINITIONAL_REPRESENTATION('',(#573),#577);
#573 = LINE('',#574,#575);
#574 = CARTESIAN_POINT('',(0.,2.74E+03));
#575 = VECTOR('',#576,1.);
#576 = DIRECTION('',(1.,0.));
#577 = ( GEOMETRIC_REPRESENTATION_CONTEXT(2) 
PARAMETRIC_REPRESENTATION_CONTEXT() REPRESENTATION_CONTEXT('2D SPACE',''
  ) );
#578 = ORIENTED_EDGE('',*,*,#579,.F.);
#579 = EDGE_CURVE('',#506,#557,#580,.T.);
#580 = SURFACE_CURVE('',#581,(#585,#592),.PCURVE_S1.);
#581 = LINE('',#582,#583);
#582 = CARTESIAN_POINT('',(1.37E+03,-762.5,405.));
#583 = VECTOR('',#584,1.);
#584 = DIRECTION('',(0.,1.,0.));
#585 = PCURVE('',#514,#586);
#586 = DEFINITIONAL_REPRESENTATION('',(#587),#591);
#587 = LINE('',#588,#589);
#588 = CARTESIAN_POINT('',(50.,0.));
#589 = VECTOR('',#590,1.);
#590 = DIRECTION('',(0.,-1.));
#591 = ( GEOMETRIC_REPRESENTATION_CONTEXT(2) 
PARAMETRIC_REPRESENTATION_CONTEXT() REPRESENTATION_CONTEXT('2D SPACE',''
  ) );
#592 = PCURVE('',#488,#593);
#593 = DEFINITIONAL_REPRESENTATION('',(#594),#598);
#594 = LINE('',#595,#596);
#595 = CARTESIAN_POINT('',(2.74E+03,0.));
#596 = VECTOR('',#597,1.);
#597 = DIRECTION('',(0.,1.));
#598 = ( GEOMETRIC_REPRESENTATION_CONTEXT(2) 
PARAMETRIC_REPRESENTATION_CONTEXT() REPRESENTATION_CONTEXT('2D SPACE',''
  ) );
#599 = ADVANCED_FACE('',(#600),#406,.F.);
#600 = FACE_BOUND('',#601,.F.);
#601 = EDGE_LOOP('',(#602,#623,#624,#645));
#602 = ORIENTED_EDGE('',*,*,#603,.F.);
#603 = EDGE_CURVE('',#384,#504,#604,.T.);
#604 = SURFACE_CURVE('',#605,(#609,#616),.PCURVE_S1.);
#605 = LINE('',#606,#607);
#606 = CARTESIAN_POINT('',(-1.37E+03,-762.5,355.));
#607 = VECTOR('',#608,1.);
#608 = DIRECTION('',(1.,0.,0.));
#609 = PCURVE('',#406,#610);
#610 = DEFINITIONAL_REPRESENTATION('',(#611),#615);
#611 = LINE('',#612,#613);
#612 = CARTESIAN_POINT('',(0.,0.));
#613 = VECTOR('',#614,1.);
#614 = DIRECTION('',(0.,1.));
#615 = ( GEOMETRIC_REPRESENTATION_CONTEXT(2) 
PARAMETRIC_REPRESENTATION_CONTEXT() REPRESENTATION_CONTEXT('2D SPACE',''
  ) );
#616 = PCURVE('',#434,#617);
#617 = DEFINITIONAL_REPRESENTATION('',(#618),#622);
#618 = LINE('',#619,#620);
#619 = CARTESIAN_POINT('',(0.,0.));
#620 = VECTOR('',#621,1.);
#621 = DIRECTION('',(1.,0.));
#622 = ( GEOMETRIC_REPRESENTATION_CONTEXT(2) 
PARAMETRIC_REPRESENTATION_CONTEXT() REPRESENTATION_CONTEXT('2D SPACE',''
  ) );
#623 = ORIENTED_EDGE('',*,*,#383,.T.);
#624 = ORIENTED_EDGE('',*,*,#625,.T.);
#625 = EDGE_CURVE('',#386,#506,#626,.T.);
#626 = SURFACE_CURVE('',#627,(#631,#638),.PCURVE_S1.);
#627 = LINE('',#628,#629);
#628 = CARTESIAN_POINT('',(-1.37E+03,-762.5,405.));
#629 = VECTOR('',#630,1.);
#630 = DIRECTION('',(1.,0.,0.));
#631 = PCURVE('',#406,#632);
#632 = DEFINITIONAL_REPRESENTATION('',(#633),#637);
#633 = LINE('',#634,#635);
#634 = CARTESIAN_POINT('',(50.,0.));
#635 = VECTOR('',#636,1.);
#636 = DIRECTION('',(0.,1.));
#637 = ( GEOMETRIC_REPRESENTATION_CONTEXT(2) 
PARAMETRIC_REPRESENTATION_CONTEXT() REPRESENTATION_CONTEXT('2D SPACE',''
  ) );
#638 = PCURVE('',#488,#639);
#639 = DEFINITIONAL_REPRESENTATION('',(#640),#644);
#640 = LINE('',#641,#642);
#641 = CARTESIAN_POINT('',(0.,0.));
#642 = VECTOR('',#643,1.);
#643 = DIRECTION('',(1.,0.));
#644 = ( GEOMETRIC_REPRESENTATION_CONTEXT(2) 
PARAMETRIC_REPRESENTATION_CONTEXT() REPRESENTATION_CONTEXT('2D SPACE',''
  ) );
#645 = ORIENTED_EDGE('',*,*,#503,.F.);
#646 = ADVANCED_FACE('',(#647),#462,.T.);
#647 = FACE_BOUND('',#648,.T.);
#648 = EDGE_LOOP('',(#649,#670,#671,#692));
#649 = ORIENTED_EDGE('',*,*,#650,.F.);
#650 = EDGE_CURVE('',#419,#534,#651,.T.);
#651 = SURFACE_CURVE('',#652,(#656,#663),.PCURVE_S1.);
#652 = LINE('',#653,#654);
#653 = CARTESIAN_POINT('',(-1.37E+03,762.5,355.));
#654 = VECTOR('',#655,1.);
#655 = DIRECTION('',(1.,0.,0.));
#656 = PCURVE('',#462,#657);
#657 = DEFINITIONAL_REPRESENTATION('',(#658),#662);
#658 = LINE('',#659,#660);
#659 = CARTESIAN_POINT('',(0.,0.));
#660 = VECTOR('',#661,1.);
#661 = DIRECTION('',(0.,1.));
#662 = ( GEOMETRIC_REPRESENTATION_CONTEXT(2) 
PARAMETRIC_REPRESENTATION_CONTEXT() REPRESENTATION_CONTEXT('2D SPACE',''
  ) );
#663 = PCURVE('',#434,#664);
#664 = DEFINITIONAL_REPRESENTATION('',(#665),#669);
#665 = LINE('',#666,#667);
#666 = CARTESIAN_POINT('',(0.,1.525E+03));
#667 = VECTOR('',#668,1.);
#668 = DIRECTION('',(1.,0.));
#669 = ( GEOMETRIC_REPRESENTATION_CONTEXT(2) 
PARAMETRIC_REPRESENTATION_CONTEXT() REPRESENTATION_CONTEXT('2D SPACE',''
  ) );
#670 = ORIENTED_EDGE('',*,*,#446,.T.);
#671 = ORIENTED_EDGE('',*,*,#672,.T.);
#672 = EDGE_CURVE('',#447,#557,#673,.T.);
#673 = SURFACE_CURVE('',#674,(#678,#685),.PCURVE_S1.);
#674 = LINE('',#675,#676);
#675 = CARTESIAN_POINT('',(-1.37E+03,762.5,405.));
#676 = VECTOR('',#677,1.);
#677 = DIRECTION('',(1.,0.,0.));
#678 = PCURVE('',#462,#679);
#679 = DEFINITIONAL_REPRESENTATION('',(#680),#684);
#680 = LINE('',#681,#682);
#681 = CARTESIAN_POINT('',(50.,0.));
#682 = VECTOR('',#683,1.);
#683 = DIRECTION('',(0.,1.));
#684 = ( GEOMETRIC_REPRESENTATION_CONTEXT(2) 
PARAMETRIC_REPRESENTATION_CONTEXT() REPRESENTATION_CONTEXT('2D SPACE',''
  ) );
#685 = PCURVE('',#488,#686);
#686 = DEFINITIONAL_REPRESENTATION('',(#687),#691);
#687 = LINE('',#688,#689);
#688 = CARTESIAN_POINT('',(0.,1.525E+03));
#689 = VECTOR('',#690,1.);
#690 = DIRECTION('',(1.,0.));
#691 = ( GEOMETRIC_REPRESENTATION_CONTEXT(2) 
PARAMETRIC_REPRESENTATION_CONTEXT() REPRESENTATION_CONTEXT('2D SPACE',''
  ) );
#692 = ORIENTED_EDGE('',*,*,#556,.F.);
#693 = ADVANCED_FACE('',(#694),#434,.F.);
#694 = FACE_BOUND('',#695,.F.);
#695 = EDGE_LOOP('',(#696,#697,#698,#699));
#696 = ORIENTED_EDGE('',*,*,#418,.F.);
#697 = ORIENTED_EDGE('',*,*,#603,.T.);
#698 = ORIENTED_EDGE('',*,*,#533,.T.);
#699 = ORIENTED_EDGE('',*,*,#650,.F.);
#700 = ADVANCED_FACE('',(#701),#488,.T.);
#701 = FACE_BOUND('',#702,.T.);
#702 = EDGE_LOOP('',(#703,#704,#705,#706));
#703 = ORIENTED_EDGE('',*,*,#474,.F.);
#704 = ORIENTED_EDGE('',*,*,#625,.T.);
#705 = ORIENTED_EDGE('',*,*,#579,.T.);
#706 = ORIENTED_EDGE('',*,*,#672,.F.);
#707 = ( GEOMETRIC_REPRESENTATION_CONTEXT(3) 
GLOBAL_UNCERTAINTY_ASSIGNED_CONTEXT((#711)) GLOBAL_UNIT_ASSIGNED_CONTEXT
((#708,#709,#710)) REPRESENTATION_CONTEXT('Context #1',
  '3D Context with UNIT and UNCERTAINTY') );
#708 = ( LENGTH_UNIT() NAMED_UNIT(*) SI_UNIT(.MILLI.,.METRE.) );
#709 = ( NAMED_UNIT(*) PLANE_ANGLE_UNIT() SI_UNIT($,.RADIAN.) );
#710 = ( NAMED_UNIT(*) SI_UNIT($,.STERADIAN.) SOLID_ANGLE_UNIT() );
#711 = UNCERTAINTY_MEASURE_WITH_UNIT(LENGTH_MEASURE(1.E-07),#708,
  'distance_accuracy_value','confusion accuracy');
#712 = CONTEXT_DEPENDENT_SHAPE_REPRESENTATION(#713,#715);
#713 = ( REPRESENTATION_RELATIONSHIP('','',#376,#10) 
REPRESENTATION_RELATIONSHIP_WITH_TRANSFORMATION(#714) 
SHAPE_REPRESENTATION_RELATIONSHIP() );
#714 = ITEM_DEFINED_TRANSFORMATION('','',#11,#15);
#715 = PRODUCT_DEFINITION_SHAPE('Placement','Placement of an item',#716
  );
#716 = NEXT_ASSEMBLY_USAGE_OCCURRENCE('1','Table','',#5,#371,$);
#717 = PRODUCT_RELATED_PRODUCT_CATEGORY('part',$,(#373));
#718 = SHAPE_DEFINITION_REPRESENTATION(#719,#725);
#719 = PRODUCT_DEFINITION_SHAPE('','',#720);
#720 = PRODUCT_DEFINITION('design','',#721,#724);
#721 = PRODUCT_DEFINITION_FORMATION('','',#722);
#722 = PRODUCT('Column_1','Column_1','',(#723));
#723 = PRODUCT_CONTEXT('',#2,'mechanical');
#724 = PRODUCT_DEFINITION_CONTEXT('part definition',#2,'design');
#725 = ADVANCED_BREP_SHAPE_REPRESENTATION('',(#11,#726),#1056);
#726 = MANIFOLD_SOLID_BREP('',#727);
#727 = CLOSED_SHELL('',(#728,#848,#948,#995,#1042,#1049));
#728 = ADVANCED_FACE('',(#729),#743,.F.);
#729 = FACE_BOUND('',#730,.F.);
#730 = EDGE_LOOP('',(#731,#766,#794,#822));
#731 = ORIENTED_EDGE('',*,*,#732,.F.);
#732 = EDGE_CURVE('',#733,#735,#737,.T.);
#733 = VERTEX_POINT('',#734);
#734 = CARTESIAN_POINT('',(-1.7E+03,-1.075E+03,0.));
#735 = VERTEX_POINT('',#736);
#736 = CARTESIAN_POINT('',(-1.7E+03,-1.075E+03,2.25E+03));
#737 = SURFACE_CURVE('',#738,(#742,#754),.PCURVE_S1.);
#738 = LINE('',#739,#740);
#739 = CARTESIAN_POINT('',(-1.7E+03,-1.075E+03,0.));
#740 = VECTOR('',#741,1.);
#741 = DIRECTION('',(0.,0.,1.));
#742 = PCURVE('',#743,#748);
#743 = PLANE('',#744);
#744 = AXIS2_PLACEMENT_3D('',#745,#746,#747);
#745 = CARTESIAN_POINT('',(-1.7E+03,-1.075E+03,0.));
#746 = DIRECTION('',(1.,0.,0.));
#747 = DIRECTION('',(0.,0.,1.));
#748 = DEFINITIONAL_REPRESENTATION('',(#749),#753);
#749 = LINE('',#750,#751);
#750 = CARTESIAN_POINT('',(0.,0.));
#751 = VECTOR('',#752,1.);
#752 = DIRECTION('',(1.,0.));
#753 = ( GEOMETRIC_REPRESENTATION_CONTEXT(2) 
PARAMETRIC_REPRESENTATION_CONTEXT() REPRESENTATION_CONTEXT('2D SPACE',''
  ) );
#754 = PCURVE('',#755,#760);
#755 = PLANE('',#756);
#756 = AXIS2_PLACEMENT_3D('',#757,#758,#759);
#757 = CARTESIAN_POINT('',(-1.7E+03,-1.075E+03,0.));
#758 = DIRECTION('',(0.,1.,0.));
#759 = DIRECTION('',(0.,0.,1.));
#760 = DEFINITIONAL_REPRESENTATION('',(#761),#765);
#761 = LINE('',#762,#763);
#762 = CARTESIAN_POINT('',(0.,0.));
#763 = VECTOR('',#764,1.);
#764 = DIRECTION('',(1.,0.));
#765 = ( GEOMETRIC_REPRESENTATION_CONTEXT(2) 
PARAMETRIC_REPRESENTATION_CONTEXT() REPRESENTATION_CONTEXT('2D SPACE',''
  ) );
#766 = ORIENTED_EDGE('',*,*,#767,.T.);
#767 = EDGE_CURVE('',#733,#768,#770,.T.);
#768 = VERTEX_POINT('',#769);
#769 = CARTESIAN_POINT('',(-1.7E+03,-975.,0.));
#770 = SURFACE_CURVE('',#771,(#775,#782),.PCURVE_S1.);
#771 = LINE('',#772,#773);
#772 = CARTESIAN_POINT('',(-1.7E+03,-1.075E+03,0.));
#773 = VECTOR('',#774,1.);
#774 = DIRECTION('',(0.,1.,0.));
#775 = PCURVE('',#743,#776);
#776 = DEFINITIONAL_REPRESENTATION('',(#777),#781);
#777 = LINE('',#778,#779);
#778 = CARTESIAN_POINT('',(0.,0.));
#779 = VECTOR('',#780,1.);
#780 = DIRECTION('',(0.,-1.));
#781 = ( GEOMETRIC_REPRESENTATION_CONTEXT(2) 
PARAMETRIC_REPRESENTATION_CONTEXT() REPRESENTATION_CONTEXT('2D SPACE',''
  ) );
#782 = PCURVE('',#783,#788);
#783 = PLANE('',#784);
#784 = AXIS2_PLACEMENT_3D('',#785,#786,#787);
#785 = CARTESIAN_POINT('',(-1.7E+03,-1.075E+03,0.));
#786 = DIRECTION('',(0.,0.,1.));
#787 = DIRECTION('',(1.,0.,0.));
#788 = DEFINITIONAL_REPRESENTATION('',(#789),#793);
#789 = LINE('',#790,#791);
#790 = CARTESIAN_POINT('',(0.,0.));
#791 = VECTOR('',#792,1.);
#792 = DIRECTION('',(0.,1.));
#793 = ( GEOMETRIC_REPRESENTATION_CONTEXT(2) 
PARAMETRIC_REPRESENTATION_CONTEXT() REPRESENTATION_CONTEXT('2D SPACE',''
  ) );
#794 = ORIENTED_EDGE('',*,*,#795,.T.);
#795 = EDGE_CURVE('',#768,#796,#798,.T.);
#796 = VERTEX_POINT('',#797);
#797 = CARTESIAN_POINT('',(-1.7E+03,-975.,2.25E+03));
#798 = SURFACE_CURVE('',#799,(#803,#810),.PCURVE_S1.);
#799 = LINE('',#800,#801);
#800 = CARTESIAN_POINT('',(-1.7E+03,-975.,0.));
#801 = VECTOR('',#802,1.);
#802 = DIRECTION('',(0.,0.,1.));
#803 = PCURVE('',#743,#804);
#804 = DEFINITIONAL_REPRESENTATION('',(#805),#809);
#805 = LINE('',#806,#807);
#806 = CARTESIAN_POINT('',(0.,-100.));
#807 = VECTOR('',#808,1.);
#808 = DIRECTION('',(1.,0.));
#809 = ( GEOMETRIC_REPRESENTATION_CONTEXT(2) 
PARAMETRIC_REPRESENTATION_CONTEXT() REPRESENTATION_CONTEXT('2D SPACE',''
  ) );
#810 = PCURVE('',#811,#816);
#811 = PLANE('',#812);
#812 = AXIS2_PLACEMENT_3D('',#813,#814,#815);
#813 = CARTESIAN_POINT('',(-1.7E+03,-975.,0.));
#814 = DIRECTION('',(0.,1.,0.));
#815 = DIRECTION('',(0.,0.,1.));
#816 = DEFINITIONAL_REPRESENTATION('',(#817),#821);
#817 = LINE('',#818,#819);
#818 = CARTESIAN_POINT('',(0.,0.));
#819 = VECTOR('',#820,1.);
#820 = DIRECTION('',(1.,0.));
#821 = ( GEOMETRIC_REPRESENTATION_CONTEXT(2) 
PARAMETRIC_REPRESENTATION_CONTEXT() REPRESENTATION_CONTEXT('2D SPACE',''
  ) );
#822 = ORIENTED_EDGE('',*,*,#823,.F.);
#823 = EDGE_CURVE('',#735,#796,#824,.T.);
#824 = SURFACE_CURVE('',#825,(#829,#836),.PCURVE_S1.);
#825 = LINE('',#826,#827);
#826 = CARTESIAN_POINT('',(-1.7E+03,-1.075E+03,2.25E+03));
#827 = VECTOR('',#828,1.);
#828 = DIRECTION('',(0.,1.,0.));
#829 = PCURVE('',#743,#830);
#830 = DEFINITIONAL_REPRESENTATION('',(#831),#835);
#831 = LINE('',#832,#833);
#832 = CARTESIAN_POINT('',(2.25E+03,0.));
#833 = VECTOR('',#834,1.);
#834 = DIRECTION('',(0.,-1.));
#835 = ( GEOMETRIC_REPRESENTATION_CONTEXT(2) 
PARAMETRIC_REPRESENTATION_CONTEXT() REPRESENTATION_CONTEXT('2D SPACE',''
  ) );
#836 = PCURVE('',#837,#842);
#837 = PLANE('',#838);
#838 = AXIS2_PLACEMENT_3D('',#839,#840,#841);
#839 = CARTESIAN_POINT('',(-1.7E+03,-1.075E+03,2.25E+03));
#840 = DIRECTION('',(0.,0.,1.));
#841 = DIRECTION('',(1.,0.,0.));
#842 = DEFINITIONAL_REPRESENTATION('',(#843),#847);
#843 = LINE('',#844,#845);
#844 = CARTESIAN_POINT('',(0.,0.));
#845 = VECTOR('',#846,1.);
#846 = DIRECTION('',(0.,1.));
#847 = ( GEOMETRIC_REPRESENTATION_CONTEXT(2) 
PARAMETRIC_REPRESENTATION_CONTEXT() REPRESENTATION_CONTEXT('2D SPACE',''
  ) );
#848 = ADVANCED_FACE('',(#849),#863,.T.);
#849 = FACE_BOUND('',#850,.T.);
#850 = EDGE_LOOP('',(#851,#881,#904,#927));
#851 = ORIENTED_EDGE('',*,*,#852,.F.);
#852 = EDGE_CURVE('',#853,#855,#857,.T.);
#853 = VERTEX_POINT('',#854);
#854 = CARTESIAN_POINT('',(-1.6E+03,-1.075E+03,0.));
#855 = VERTEX_POINT('',#856);
#856 = CARTESIAN_POINT('',(-1.6E+03,-1.075E+03,2.25E+03));
#857 = SURFACE_CURVE('',#858,(#862,#874),.PCURVE_S1.);
#858 = LINE('',#859,#860);
#859 = CARTESIAN_POINT('',(-1.6E+03,-1.075E+03,0.));
#860 = VECTOR('',#861,1.);
#861 = DIRECTION('',(0.,0.,1.));
#862 = PCURVE('',#863,#868);
#863 = PLANE('',#864);
#864 = AXIS2_PLACEMENT_3D('',#865,#866,#867);
#865 = CARTESIAN_POINT('',(-1.6E+03,-1.075E+03,0.));
#866 = DIRECTION('',(1.,0.,0.));
#867 = DIRECTION('',(0.,0.,1.));
#868 = DEFINITIONAL_REPRESENTATION('',(#869),#873);
#869 = LINE('',#870,#871);
#870 = CARTESIAN_POINT('',(0.,0.));
#871 = VECTOR('',#872,1.);
#872 = DIRECTION('',(1.,0.));
#873 = ( GEOMETRIC_REPRESENTATION_CONTEXT(2) 
PARAMETRIC_REPRESENTATION_CONTEXT() REPRESENTATION_CONTEXT('2D SPACE',''
  ) );
#874 = PCURVE('',#755,#875);
#875 = DEFINITIONAL_REPRESENTATION('',(#876),#880);
#876 = LINE('',#877,#878);
#877 = CARTESIAN_POINT('',(0.,100.));
#878 = VECTOR('',#879,1.);
#879 = DIRECTION('',(1.,0.));
#880 = ( GEOMETRIC_REPRESENTATION_CONTEXT(2) 
PARAMETRIC_REPRESENTATION_CONTEXT() REPRESENTATION_CONTEXT('2D SPACE',''
  ) );
#881 = ORIENTED_EDGE('',*,*,#882,.T.);
#882 = EDGE_CURVE('',#853,#883,#885,.T.);
#883 = VERTEX_POINT('',#884);
#884 = CARTESIAN_POINT('',(-1.6E+03,-975.,0.));
#885 = SURFACE_CURVE('',#886,(#890,#897),.PCURVE_S1.);
#886 = LINE('',#887,#888);
#887 = CARTESIAN_POINT('',(-1.6E+03,-1.075E+03,0.));
#888 = VECTOR('',#889,1.);
#889 = DIRECTION('',(0.,1.,0.));
#890 = PCURVE('',#863,#891);
#891 = DEFINITIONAL_REPRESENTATION('',(#892),#896);
#892 = LINE('',#893,#894);
#893 = CARTESIAN_POINT('',(0.,0.));
#894 = VECTOR('',#895,1.);
#895 = DIRECTION('',(0.,-1.));
#896 = ( GEOMETRIC_REPRESENTATION_CONTEXT(2) 
PARAMETRIC_REPRESENTATION_CONTEXT() REPRESENTATION_CONTEXT('2D SPACE',''
  ) );
#897 = PCURVE('',#783,#898);
#898 = DEFINITIONAL_REPRESENTATION('',(#899),#903);
#899 = LINE('',#900,#901);
#900 = CARTESIAN_POINT('',(100.,0.));
#901 = VECTOR('',#902,1.);
#902 = DIRECTION('',(0.,1.));
#903 = ( GEOMETRIC_REPRESENTATION_CONTEXT(2) 
PARAMETRIC_REPRESENTATION_CONTEXT() REPRESENTATION_CONTEXT('2D SPACE',''
  ) );
#904 = ORIENTED_EDGE('',*,*,#905,.T.);
#905 = EDGE_CURVE('',#883,#906,#908,.T.);
#906 = VERTEX_POINT('',#907);
#907 = CARTESIAN_POINT('',(-1.6E+03,-975.,2.25E+03));
#908 = SURFACE_CURVE('',#909,(#913,#920),.PCURVE_S1.);
#909 = LINE('',#910,#911);
#910 = CARTESIAN_POINT('',(-1.6E+03,-975.,0.));
#911 = VECTOR('',#912,1.);
#912 = DIRECTION('',(0.,0.,1.));
#913 = PCURVE('',#863,#914);
#914 = DEFINITIONAL_REPRESENTATION('',(#915),#919);
#915 = LINE('',#916,#917);
#916 = CARTESIAN_POINT('',(0.,-100.));
#917 = VECTOR('',#918,1.);
#918 = DIRECTION('',(1.,0.));
#919 = ( GEOMETRIC_REPRESENTATION_CONTEXT(2) 
PARAMETRIC_REPRESENTATION_CONTEXT() REPRESENTATION_CONTEXT('2D SPACE',''
  ) );
#920 = PCURVE('',#811,#921);
#921 = DEFINITIONAL_REPRESENTATION('',(#922),#926);
#922 = LINE('',#923,#924);
#923 = CARTESIAN_POINT('',(0.,100.));
#924 = VECTOR('',#925,1.);
#925 = DIRECTION('',(1.,0.));
#926 = ( GEOMETRIC_REPRESENTATION_CONTEXT(2) 
PARAMETRIC_REPRESENTATION_CONTEXT() REPRESENTATION_CONTEXT('2D SPACE',''
  ) );
#927 = ORIENTED_EDGE('',*,*,#928,.F.);
#928 = EDGE_CURVE('',#855,#906,#929,.T.);
#929 = SURFACE_CURVE('',#930,(#934,#941),.PCURVE_S1.);
#930 = LINE('',#931,#932);
#931 = CARTESIAN_POINT('',(-1.6E+03,-1.075E+03,2.25E+03));
#932 = VECTOR('',#933,1.);
#933 = DIRECTION('',(0.,1.,0.));
#934 = PCURVE('',#863,#935);
#935 = DEFINITIONAL_REPRESENTATION('',(#936),#940);
#936 = LINE('',#937,#938);
#937 = CARTESIAN_POINT('',(2.25E+03,0.));
#938 = VECTOR('',#939,1.);
#939 = DIRECTION('',(0.,-1.));
#940 = ( GEOMETRIC_REPRESENTATION_CONTEXT(2) 
PARAMETRIC_REPRESENTATION_CONTEXT() REPRESENTATION_CONTEXT('2D SPACE',''
  ) );
#941 = PCURVE('',#837,#942);
#942 = DEFINITIONAL_REPRESENTATION('',(#943),#947);
#943 = LINE('',#944,#945);
#944 = CARTESIAN_POINT('',(100.,0.));
#945 = VECTOR('',#946,1.);
#946 = DIRECTION('',(0.,1.));
#947 = ( GEOMETRIC_REPRESENTATION_CONTEXT(2) 
PARAMETRIC_REPRESENTATION_CONTEXT() REPRESENTATION_CONTEXT('2D SPACE',''
  ) );
#948 = ADVANCED_FACE('',(#949),#755,.F.);
#949 = FACE_BOUND('',#950,.F.);
#950 = EDGE_LOOP('',(#951,#972,#973,#994));
#951 = ORIENTED_EDGE('',*,*,#952,.F.);
#952 = EDGE_CURVE('',#733,#853,#953,.T.);
#953 = SURFACE_CURVE('',#954,(#958,#965),.PCURVE_S1.);
#954 = LINE('',#955,#956);
#955 = CARTESIAN_POINT('',(-1.7E+03,-1.075E+03,0.));
#956 = VECTOR('',#957,1.);
#957 = DIRECTION('',(1.,0.,0.));
#958 = PCURVE('',#755,#959);
#959 = DEFINITIONAL_REPRESENTATION('',(#960),#964);
#960 = LINE('',#961,#962);
#961 = CARTESIAN_POINT('',(0.,0.));
#962 = VECTOR('',#963,1.);
#963 = DIRECTION('',(0.,1.));
#964 = ( GEOMETRIC_REPRESENTATION_CONTEXT(2) 
PARAMETRIC_REPRESENTATION_CONTEXT() REPRESENTATION_CONTEXT('2D SPACE',''
  ) );
#965 = PCURVE('',#783,#966);
#966 = DEFINITIONAL_REPRESENTATION('',(#967),#971);
#967 = LINE('',#968,#969);
#968 = CARTESIAN_POINT('',(0.,0.));
#969 = VECTOR('',#970,1.);
#970 = DIRECTION('',(1.,0.));
#971 = ( GEOMETRIC_REPRESENTATION_CONTEXT(2) 
PARAMETRIC_REPRESENTATION_CONTEXT() REPRESENTATION_CONTEXT('2D SPACE',''
  ) );
#972 = ORIENTED_EDGE('',*,*,#732,.T.);
#973 = ORIENTED_EDGE('',*,*,#974,.T.);
#974 = EDGE_CURVE('',#735,#855,#975,.T.);
#975 = SURFACE_CURVE('',#976,(#980,#987),.PCURVE_S1.);
#976 = LINE('',#977,#978);
#977 = CARTESIAN_POINT('',(-1.7E+03,-1.075E+03,2.25E+03));
#978 = VECTOR('',#979,1.);
#979 = DIRECTION('',(1.,0.,0.));
#980 = PCURVE('',#755,#981);
#981 = DEFINITIONAL_REPRESENTATION('',(#982),#986);
#982 = LINE('',#983,#984);
#983 = CARTESIAN_POINT('',(2.25E+03,0.));
#984 = VECTOR('',#985,1.);
#985 = DIRECTION('',(0.,1.));
#986 = ( GEOMETRIC_REPRESENTATION_CONTEXT(2) 
PARAMETRIC_REPRESENTATION_CONTEXT() REPRESENTATION_CONTEXT('2D SPACE',''
  ) );
#987 = PCURVE('',#837,#988);
#988 = DEFINITIONAL_REPRESENTATION('',(#989),#993);
#989 = LINE('',#990,#991);
#990 = CARTESIAN_POINT('',(0.,0.));
#991 = VECTOR('',#992,1.);
#992 = DIRECTION('',(1.,0.));
#993 = ( GEOMETRIC_REPRESENTATION_CONTEXT(2) 
PARAMETRIC_REPRESENTATION_CONTEXT() REPRESENTATION_CONTEXT('2D SPACE',''
  ) );
#994 = ORIENTED_EDGE('',*,*,#852,.F.);
#995 = ADVANCED_FACE('',(#996),#811,.T.);
#996 = FACE_BOUND('',#997,.T.);
#997 = EDGE_LOOP('',(#998,#1019,#1020,#1041));
#998 = ORIENTED_EDGE('',*,*,#999,.F.);
#999 = EDGE_CURVE('',#768,#883,#1000,.T.);
#1000 = SURFACE_CURVE('',#1001,(#1005,#1012),.PCURVE_S1.);
#1001 = LINE('',#1002,#1003);
#1002 = CARTESIAN_POINT('',(-1.7E+03,-975.,0.));
#1003 = VECTOR('',#1004,1.);
#1004 = DIRECTION('',(1.,0.,0.));
#1005 = PCURVE('',#811,#1006);
#1006 = DEFINITIONAL_REPRESENTATION('',(#1007),#1011);
#1007 = LINE('',#1008,#1009);
#1008 = CARTESIAN_POINT('',(0.,0.));
#1009 = VECTOR('',#1010,1.);
#1010 = DIRECTION('',(0.,1.));
#1011 = ( GEOMETRIC_REPRESENTATION_CONTEXT(2) 
PARAMETRIC_REPRESENTATION_CONTEXT() REPRESENTATION_CONTEXT('2D SPACE',''
  ) );
#1012 = PCURVE('',#783,#1013);
#1013 = DEFINITIONAL_REPRESENTATION('',(#1014),#1018);
#1014 = LINE('',#1015,#1016);
#1015 = CARTESIAN_POINT('',(0.,100.));
#1016 = VECTOR('',#1017,1.);
#1017 = DIRECTION('',(1.,0.));
#1018 = ( GEOMETRIC_REPRESENTATION_CONTEXT(2) 
PARAMETRIC_REPRESENTATION_CONTEXT() REPRESENTATION_CONTEXT('2D SPACE',''
  ) );
#1019 = ORIENTED_EDGE('',*,*,#795,.T.);
#1020 = ORIENTED_EDGE('',*,*,#1021,.T.);
#1021 = EDGE_CURVE('',#796,#906,#1022,.T.);
#1022 = SURFACE_CURVE('',#1023,(#1027,#1034),.PCURVE_S1.);
#1023 = LINE('',#1024,#1025);
#1024 = CARTESIAN_POINT('',(-1.7E+03,-975.,2.25E+03));
#1025 = VECTOR('',#1026,1.);
#1026 = DIRECTION('',(1.,0.,0.));
#1027 = PCURVE('',#811,#1028);
#1028 = DEFINITIONAL_REPRESENTATION('',(#1029),#1033);
#1029 = LINE('',#1030,#1031);
#1030 = CARTESIAN_POINT('',(2.25E+03,0.));
#1031 = VECTOR('',#1032,1.);
#1032 = DIRECTION('',(0.,1.));
#1033 = ( GEOMETRIC_REPRESENTATION_CONTEXT(2) 
PARAMETRIC_REPRESENTATION_CONTEXT() REPRESENTATION_CONTEXT('2D SPACE',''
  ) );
#1034 = PCURVE('',#837,#1035);
#1035 = DEFINITIONAL_REPRESENTATION('',(#1036),#1040);
#1036 = LINE('',#1037,#1038);
#1037 = CARTESIAN_POINT('',(0.,100.));
#1038 = VECTOR('',#1039,1.);
#1039 = DIRECTION('',(1.,0.));
#1040 = ( GEOMETRIC_REPRESENTATION_CONTEXT(2) 
PARAMETRIC_REPRESENTATION_CONTEXT() REPRESENTATION_CONTEXT('2D SPACE',''
  ) );
#1041 = ORIENTED_EDGE('',*,*,#905,.F.);
#1042 = ADVANCED_FACE('',(#1043),#783,.F.);
#1043 = FACE_BOUND('',#1044,.F.);
#1044 = EDGE_LOOP('',(#1045,#1046,#1047,#1048));
#1045 = ORIENTED_EDGE('',*,*,#767,.F.);
#1046 = ORIENTED_EDGE('',*,*,#952,.T.);
#1047 = ORIENTED_EDGE('',*,*,#882,.T.);
#1048 = ORIENTED_EDGE('',*,*,#999,.F.);
#1049 = ADVANCED_FACE('',(#1050),#837,.T.);
#1050 = FACE_BOUND('',#1051,.T.);
#1051 = EDGE_LOOP('',(#1052,#1053,#1054,#1055));
#1052 = ORIENTED_EDGE('',*,*,#823,.F.);
#1053 = ORIENTED_EDGE('',*,*,#974,.T.);
#1054 = ORIENTED_EDGE('',*,*,#928,.T.);
#1055 = ORIENTED_EDGE('',*,*,#1021,.F.);
#1056 = ( GEOMETRIC_REPRESENTATION_CONTEXT(3) 
GLOBAL_UNCERTAINTY_ASSIGNED_CONTEXT((#1060)) 
GLOBAL_UNIT_ASSIGNED_CONTEXT((#1057,#1058,#1059)) REPRESENTATION_CONTEXT
('Context #1','3D Context with UNIT and UNCERTAINTY') );
#1057 = ( LENGTH_UNIT() NAMED_UNIT(*) SI_UNIT(.MILLI.,.METRE.) );
#1058 = ( NAMED_UNIT(*) PLANE_ANGLE_UNIT() SI_UNIT($,.RADIAN.) );
#1059 = ( NAMED_UNIT(*) SI_UNIT($,.STERADIAN.) SOLID_ANGLE_UNIT() );
#1060 = UNCERTAINTY_MEASURE_WITH_UNIT(LENGTH_MEASURE(1.E-07),#1057,
  'distance_accuracy_value','confusion accuracy');
#1061 = CONTEXT_DEPENDENT_SHAPE_REPRESENTATION(#1062,#1064);
#1062 = ( REPRESENTATION_RELATIONSHIP('','',#725,#10) 
REPRESENTATION_RELATIONSHIP_WITH_TRANSFORMATION(#1063) 
SHAPE_REPRESENTATION_RELATIONSHIP() );
#1063 = ITEM_DEFINED_TRANSFORMATION('','',#11,#19);
#1064 = PRODUCT_DEFINITION_SHAPE('Placement','Placement of an item',
  #1065);
#1065 = NEXT_ASSEMBLY_USAGE_OCCURRENCE('2','Column_1','',#5,#720,$);
#1066 = PRODUCT_RELATED_PRODUCT_CATEGORY('part',$,(#722));
#1067 = SHAPE_DEFINITION_REPRESENTATION(#1068,#1074);
#1068 = PRODUCT_DEFINITION_SHAPE('','',#1069);
#1069 = PRODUCT_DEFINITION('design','',#1070,#1073);
#1070 = PRODUCT_DEFINITION_FORMATION('','',#1071);
#1071 = PRODUCT('Column_2','Column_2','',(#1072));
#1072 = PRODUCT_CONTEXT('',#2,'mechanical');
#1073 = PRODUCT_DEFINITION_CONTEXT('part definition',#2,'design');
#1074 = ADVANCED_BREP_SHAPE_REPRESENTATION('',(#11,#1075),#1405);
#1075 = MANIFOLD_SOLID_BREP('',#1076);
#1076 = CLOSED_SHELL('',(#1077,#1197,#1297,#1344,#1391,#1398));
#1077 = ADVANCED_FACE('',(#1078),#1092,.F.);
#1078 = FACE_BOUND('',#1079,.F.);
#1079 = EDGE_LOOP('',(#1080,#1115,#1143,#1171));
#1080 = ORIENTED_EDGE('',*,*,#1081,.F.);
#1081 = EDGE_CURVE('',#1082,#1084,#1086,.T.);
#1082 = VERTEX_POINT('',#1083);
#1083 = CARTESIAN_POINT('',(-1.7E+03,975.,0.));
#1084 = VERTEX_POINT('',#1085);
#1085 = CARTESIAN_POINT('',(-1.7E+03,975.,2.25E+03));
#1086 = SURFACE_CURVE('',#1087,(#1091,#1103),.PCURVE_S1.);
#1087 = LINE('',#1088,#1089);
#1088 = CARTESIAN_POINT('',(-1.7E+03,975.,0.));
#1089 = VECTOR('',#1090,1.);
#1090 = DIRECTION('',(0.,0.,1.));
#1091 = PCURVE('',#1092,#1097);
#1092 = PLANE('',#1093);
#1093 = AXIS2_PLACEMENT_3D('',#1094,#1095,#1096);
#1094 = CARTESIAN_POINT('',(-1.7E+03,975.,0.));
#1095 = DIRECTION('',(1.,0.,0.));
#1096 = DIRECTION('',(0.,0.,1.));
#1097 = DEFINITIONAL_REPRESENTATION('',(#1098),#1102);
#1098 = LINE('',#1099,#1100);
#1099 = CARTESIAN_POINT('',(0.,0.));
#1100 = VECTOR('',#1101,1.);
#1101 = DIRECTION('',(1.,0.));
#1102 = ( GEOMETRIC_REPRESENTATION_CONTEXT(2) 
PARAMETRIC_REPRESENTATION_CONTEXT() REPRESENTATION_CONTEXT('2D SPACE',''
  ) );
#1103 = PCURVE('',#1104,#1109);
#1104 = PLANE('',#1105);
#1105 = AXIS2_PLACEMENT_3D('',#1106,#1107,#1108);
#1106 = CARTESIAN_POINT('',(-1.7E+03,975.,0.));
#1107 = DIRECTION('',(0.,1.,0.));
#1108 = DIRECTION('',(0.,0.,1.));
#1109 = DEFINITIONAL_REPRESENTATION('',(#1110),#1114);
#1110 = LINE('',#1111,#1112);
#1111 = CARTESIAN_POINT('',(0.,0.));
#1112 = VECTOR('',#1113,1.);
#1113 = DIRECTION('',(1.,0.));
#1114 = ( GEOMETRIC_REPRESENTATION_CONTEXT(2) 
PARAMETRIC_REPRESENTATION_CONTEXT() REPRESENTATION_CONTEXT('2D SPACE',''
  ) );
#1115 = ORIENTED_EDGE('',*,*,#1116,.T.);
#1116 = EDGE_CURVE('',#1082,#1117,#1119,.T.);
#1117 = VERTEX_POINT('',#1118);
#1118 = CARTESIAN_POINT('',(-1.7E+03,1.075E+03,0.));
#1119 = SURFACE_CURVE('',#1120,(#1124,#1131),.PCURVE_S1.);
#1120 = LINE('',#1121,#1122);
#1121 = CARTESIAN_POINT('',(-1.7E+03,975.,0.));
#1122 = VECTOR('',#1123,1.);
#1123 = DIRECTION('',(0.,1.,0.));
#1124 = PCURVE('',#1092,#1125);
#1125 = DEFINITIONAL_REPRESENTATION('',(#1126),#1130);
#1126 = LINE('',#1127,#1128);
#1127 = CARTESIAN_POINT('',(0.,0.));
#1128 = VECTOR('',#1129,1.);
#1129 = DIRECTION('',(0.,-1.));
#1130 = ( GEOMETRIC_REPRESENTATION_CONTEXT(2) 
PARAMETRIC_REPRESENTATION_CONTEXT() REPRESENTATION_CONTEXT('2D SPACE',''
  ) );
#1131 = PCURVE('',#1132,#1137);
#1132 = PLANE('',#1133);
#1133 = AXIS2_PLACEMENT_3D('',#1134,#1135,#1136);
#1134 = CARTESIAN_POINT('',(-1.7E+03,975.,0.));
#1135 = DIRECTION('',(0.,0.,1.));
#1136 = DIRECTION('',(1.,0.,0.));
#1137 = DEFINITIONAL_REPRESENTATION('',(#1138),#1142);
#1138 = LINE('',#1139,#1140);
#1139 = CARTESIAN_POINT('',(0.,0.));
#1140 = VECTOR('',#1141,1.);
#1141 = DIRECTION('',(0.,1.));
#1142 = ( GEOMETRIC_REPRESENTATION_CONTEXT(2) 
PARAMETRIC_REPRESENTATION_CONTEXT() REPRESENTATION_CONTEXT('2D SPACE',''
  ) );
#1143 = ORIENTED_EDGE('',*,*,#1144,.T.);
#1144 = EDGE_CURVE('',#1117,#1145,#1147,.T.);
#1145 = VERTEX_POINT('',#1146);
#1146 = CARTESIAN_POINT('',(-1.7E+03,1.075E+03,2.25E+03));
#1147 = SURFACE_CURVE('',#1148,(#1152,#1159),.PCURVE_S1.);
#1148 = LINE('',#1149,#1150);
#1149 = CARTESIAN_POINT('',(-1.7E+03,1.075E+03,0.));
#1150 = VECTOR('',#1151,1.);
#1151 = DIRECTION('',(0.,0.,1.));
#1152 = PCURVE('',#1092,#1153);
#1153 = DEFINITIONAL_REPRESENTATION('',(#1154),#1158);
#1154 = LINE('',#1155,#1156);
#1155 = CARTESIAN_POINT('',(0.,-100.));
#1156 = VECTOR('',#1157,1.);
#1157 = DIRECTION('',(1.,0.));
#1158 = ( GEOMETRIC_REPRESENTATION_CONTEXT(2) 
PARAMETRIC_REPRESENTATION_CONTEXT() REPRESENTATION_CONTEXT('2D SPACE',''
  ) );
#1159 = PCURVE('',#1160,#1165);
#1160 = PLANE('',#1161);
#1161 = AXIS2_PLACEMENT_3D('',#1162,#1163,#1164);
#1162 = CARTESIAN_POINT('',(-1.7E+03,1.075E+03,0.));
#1163 = DIRECTION('',(0.,1.,0.));
#1164 = DIRECTION('',(0.,0.,1.));
#1165 = DEFINITIONAL_REPRESENTATION('',(#1166),#1170);
#1166 = LINE('',#1167,#1168);
#1167 = CARTESIAN_POINT('',(0.,0.));
#1168 = VECTOR('',#1169,1.);
#1169 = DIRECTION('',(1.,0.));
#1170 = ( GEOMETRIC_REPRESENTATION_CONTEXT(2) 
PARAMETRIC_REPRESENTATION_CONTEXT() REPRESENTATION_CONTEXT('2D SPACE',''
  ) );
#1171 = ORIENTED_EDGE('',*,*,#1172,.F.);
#1172 = EDGE_CURVE('',#1084,#1145,#1173,.T.);
#1173 = SURFACE_CURVE('',#1174,(#1178,#1185),.PCURVE_S1.);
#1174 = LINE('',#1175,#1176);
#1175 = CARTESIAN_POINT('',(-1.7E+03,975.,2.25E+03));
#1176 = VECTOR('',#1177,1.);
#1177 = DIRECTION('',(0.,1.,0.));
#1178 = PCURVE('',#1092,#1179);
#1179 = DEFINITIONAL_REPRESENTATION('',(#1180),#1184);
#1180 = LINE('',#1181,#1182);
#1181 = CARTESIAN_POINT('',(2.25E+03,0.));
#1182 = VECTOR('',#1183,1.);
#1183 = DIRECTION('',(0.,-1.));
#1184 = ( GEOMETRIC_REPRESENTATION_CONTEXT(2) 
PARAMETRIC_REPRESENTATION_CONTEXT() REPRESENTATION_CONTEXT('2D SPACE',''
  ) );
#1185 = PCURVE('',#1186,#1191);
#1186 = PLANE('',#1187);
#1187 = AXIS2_PLACEMENT_3D('',#1188,#1189,#1190);
#1188 = CARTESIAN_POINT('',(-1.7E+03,975.,2.25E+03));
#1189 = DIRECTION('',(0.,0.,1.));
#1190 = DIRECTION('',(1.,0.,0.));
#1191 = DEFINITIONAL_REPRESENTATION('',(#1192),#1196);
#1192 = LINE('',#1193,#1194);
#1193 = CARTESIAN_POINT('',(0.,0.));
#1194 = VECTOR('',#1195,1.);
#1195 = DIRECTION('',(0.,1.));
#1196 = ( GEOMETRIC_REPRESENTATION_CONTEXT(2) 
PARAMETRIC_REPRESENTATION_CONTEXT() REPRESENTATION_CONTEXT('2D SPACE',''
  ) );
#1197 = ADVANCED_FACE('',(#1198),#1212,.T.);
#1198 = FACE_BOUND('',#1199,.T.);
#1199 = EDGE_LOOP('',(#1200,#1230,#1253,#1276));
#1200 = ORIENTED_EDGE('',*,*,#1201,.F.);
#1201 = EDGE_CURVE('',#1202,#1204,#1206,.T.);
#1202 = VERTEX_POINT('',#1203);
#1203 = CARTESIAN_POINT('',(-1.6E+03,975.,0.));
#1204 = VERTEX_POINT('',#1205);
#1205 = CARTESIAN_POINT('',(-1.6E+03,975.,2.25E+03));
#1206 = SURFACE_CURVE('',#1207,(#1211,#1223),.PCURVE_S1.);
#1207 = LINE('',#1208,#1209);
#1208 = CARTESIAN_POINT('',(-1.6E+03,975.,0.));
#1209 = VECTOR('',#1210,1.);
#1210 = DIRECTION('',(0.,0.,1.));
#1211 = PCURVE('',#1212,#1217);
#1212 = PLANE('',#1213);
#1213 = AXIS2_PLACEMENT_3D('',#1214,#1215,#1216);
#1214 = CARTESIAN_POINT('',(-1.6E+03,975.,0.));
#1215 = DIRECTION('',(1.,0.,0.));
#1216 = DIRECTION('',(0.,0.,1.));
#1217 = DEFINITIONAL_REPRESENTATION('',(#1218),#1222);
#1218 = LINE('',#1219,#1220);
#1219 = CARTESIAN_POINT('',(0.,0.));
#1220 = VECTOR('',#1221,1.);
#1221 = DIRECTION('',(1.,0.));
#1222 = ( GEOMETRIC_REPRESENTATION_CONTEXT(2) 
PARAMETRIC_REPRESENTATION_CONTEXT() REPRESENTATION_CONTEXT('2D SPACE',''
  ) );
#1223 = PCURVE('',#1104,#1224);
#1224 = DEFINITIONAL_REPRESENTATION('',(#1225),#1229);
#1225 = LINE('',#1226,#1227);
#1226 = CARTESIAN_POINT('',(0.,100.));
#1227 = VECTOR('',#1228,1.);
#1228 = DIRECTION('',(1.,0.));
#1229 = ( GEOMETRIC_REPRESENTATION_CONTEXT(2) 
PARAMETRIC_REPRESENTATION_CONTEXT() REPRESENTATION_CONTEXT('2D SPACE',''
  ) );
#1230 = ORIENTED_EDGE('',*,*,#1231,.T.);
#1231 = EDGE_CURVE('',#1202,#1232,#1234,.T.);
#1232 = VERTEX_POINT('',#1233);
#1233 = CARTESIAN_POINT('',(-1.6E+03,1.075E+03,0.));
#1234 = SURFACE_CURVE('',#1235,(#1239,#1246),.PCURVE_S1.);
#1235 = LINE('',#1236,#1237);
#1236 = CARTESIAN_POINT('',(-1.6E+03,975.,0.));
#1237 = VECTOR('',#1238,1.);
#1238 = DIRECTION('',(0.,1.,0.));
#1239 = PCURVE('',#1212,#1240);
#1240 = DEFINITIONAL_REPRESENTATION('',(#1241),#1245);
#1241 = LINE('',#1242,#1243);
#1242 = CARTESIAN_POINT('',(0.,0.));
#1243 = VECTOR('',#1244,1.);
#1244 = DIRECTION('',(0.,-1.));
#1245 = ( GEOMETRIC_REPRESENTATION_CONTEXT(2) 
PARAMETRIC_REPRESENTATION_CONTEXT() REPRESENTATION_CONTEXT('2D SPACE',''
  ) );
#1246 = PCURVE('',#1132,#1247);
#1247 = DEFINITIONAL_REPRESENTATION('',(#1248),#1252);
#1248 = LINE('',#1249,#1250);
#1249 = CARTESIAN_POINT('',(100.,0.));
#1250 = VECTOR('',#1251,1.);
#1251 = DIRECTION('',(0.,1.));
#1252 = ( GEOMETRIC_REPRESENTATION_CONTEXT(2) 
PARAMETRIC_REPRESENTATION_CONTEXT() REPRESENTATION_CONTEXT('2D SPACE',''
  ) );
#1253 = ORIENTED_EDGE('',*,*,#1254,.T.);
#1254 = EDGE_CURVE('',#1232,#1255,#1257,.T.);
#1255 = VERTEX_POINT('',#1256);
#1256 = CARTESIAN_POINT('',(-1.6E+03,1.075E+03,2.25E+03));
#1257 = SURFACE_CURVE('',#1258,(#1262,#1269),.PCURVE_S1.);
#1258 = LINE('',#1259,#1260);
#1259 = CARTESIAN_POINT('',(-1.6E+03,1.075E+03,0.));
#1260 = VECTOR('',#1261,1.);
#1261 = DIRECTION('',(0.,0.,1.));
#1262 = PCURVE('',#1212,#1263);
#1263 = DEFINITIONAL_REPRESENTATION('',(#1264),#1268);
#1264 = LINE('',#1265,#1266);
#1265 = CARTESIAN_POINT('',(0.,-100.));
#1266 = VECTOR('',#1267,1.);
#1267 = DIRECTION('',(1.,0.));
#1268 = ( GEOMETRIC_REPRESENTATION_CONTEXT(2) 
PARAMETRIC_REPRESENTATION_CONTEXT() REPRESENTATION_CONTEXT('2D SPACE',''
  ) );
#1269 = PCURVE('',#1160,#1270);
#1270 = DEFINITIONAL_REPRESENTATION('',(#1271),#1275);
#1271 = LINE('',#1272,#1273);
#1272 = CARTESIAN_POINT('',(0.,100.));
#1273 = VECTOR('',#1274,1.);
#1274 = DIRECTION('',(1.,0.));
#1275 = ( GEOMETRIC_REPRESENTATION_CONTEXT(2) 
PARAMETRIC_REPRESENTATION_CONTEXT() REPRESENTATION_CONTEXT('2D SPACE',''
  ) );
#1276 = ORIENTED_EDGE('',*,*,#1277,.F.);
#1277 = EDGE_CURVE('',#1204,#1255,#1278,.T.);
#1278 = SURFACE_CURVE('',#1279,(#1283,#1290),.PCURVE_S1.);
#1279 = LINE('',#1280,#1281);
#1280 = CARTESIAN_POINT('',(-1.6E+03,975.,2.25E+03));
#1281 = VECTOR('',#1282,1.);
#1282 = DIRECTION('',(0.,1.,0.));
#1283 = PCURVE('',#1212,#1284);
#1284 = DEFINITIONAL_REPRESENTATION('',(#1285),#1289);
#1285 = LINE('',#1286,#1287);
#1286 = CARTESIAN_POINT('',(2.25E+03,0.));
#1287 = VECTOR('',#1288,1.);
#1288 = DIRECTION('',(0.,-1.));
#1289 = ( GEOMETRIC_REPRESENTATION_CONTEXT(2) 
PARAMETRIC_REPRESENTATION_CONTEXT() REPRESENTATION_CONTEXT('2D SPACE',''
  ) );
#1290 = PCURVE('',#1186,#1291);
#1291 = DEFINITIONAL_REPRESENTATION('',(#1292),#1296);
#1292 = LINE('',#1293,#1294);
#1293 = CARTESIAN_POINT('',(100.,0.));
#1294 = VECTOR('',#1295,1.);
#1295 = DIRECTION('',(0.,1.));
#1296 = ( GEOMETRIC_REPRESENTATION_CONTEXT(2) 
PARAMETRIC_REPRESENTATION_CONTEXT() REPRESENTATION_CONTEXT('2D SPACE',''
  ) );
#1297 = ADVANCED_FACE('',(#1298),#1104,.F.);
#1298 = FACE_BOUND('',#1299,.F.);
#1299 = EDGE_LOOP('',(#1300,#1321,#1322,#1343));
#1300 = ORIENTED_EDGE('',*,*,#1301,.F.);
#1301 = EDGE_CURVE('',#1082,#1202,#1302,.T.);
#1302 = SURFACE_CURVE('',#1303,(#1307,#1314),.PCURVE_S1.);
#1303 = LINE('',#1304,#1305);
#1304 = CARTESIAN_POINT('',(-1.7E+03,975.,0.));
#1305 = VECTOR('',#1306,1.);
#1306 = DIRECTION('',(1.,0.,0.));
#1307 = PCURVE('',#1104,#1308);
#1308 = DEFINITIONAL_REPRESENTATION('',(#1309),#1313);
#1309 = LINE('',#1310,#1311);
#1310 = CARTESIAN_POINT('',(0.,0.));
#1311 = VECTOR('',#1312,1.);
#1312 = DIRECTION('',(0.,1.));
#1313 = ( GEOMETRIC_REPRESENTATION_CONTEXT(2) 
PARAMETRIC_REPRESENTATION_CONTEXT() REPRESENTATION_CONTEXT('2D SPACE',''
  ) );
#1314 = PCURVE('',#1132,#1315);
#1315 = DEFINITIONAL_REPRESENTATION('',(#1316),#1320);
#1316 = LINE('',#1317,#1318);
#1317 = CARTESIAN_POINT('',(0.,0.));
#1318 = VECTOR('',#1319,1.);
#1319 = DIRECTION('',(1.,0.));
#1320 = ( GEOMETRIC_REPRESENTATION_CONTEXT(2) 
PARAMETRIC_REPRESENTATION_CONTEXT() REPRESENTATION_CONTEXT('2D SPACE',''
  ) );
#1321 = ORIENTED_EDGE('',*,*,#1081,.T.);
#1322 = ORIENTED_EDGE('',*,*,#1323,.T.);
#1323 = EDGE_CURVE('',#1084,#1204,#1324,.T.);
#1324 = SURFACE_CURVE('',#1325,(#1329,#1336),.PCURVE_S1.);
#1325 = LINE('',#1326,#1327);
#1326 = CARTESIAN_POINT('',(-1.7E+03,975.,2.25E+03));
#1327 = VECTOR('',#1328,1.);
#1328 = DIRECTION('',(1.,0.,0.));
#1329 = PCURVE('',#1104,#1330);
#1330 = DEFINITIONAL_REPRESENTATION('',(#1331),#1335);
#1331 = LINE('',#1332,#1333);
#1332 = CARTESIAN_POINT('',(2.25E+03,0.));
#1333 = VECTOR('',#1334,1.);
#1334 = DIRECTION('',(0.,1.));
#1335 = ( GEOMETRIC_REPRESENTATION_CONTEXT(2) 
PARAMETRIC_REPRESENTATION_CONTEXT() REPRESENTATION_CONTEXT('2D SPACE',''
  ) );
#1336 = PCURVE('',#1186,#1337);
#1337 = DEFINITIONAL_REPRESENTATION('',(#1338),#1342);
#1338 = LINE('',#1339,#1340);
#1339 = CARTESIAN_POINT('',(0.,0.));
#1340 = VECTOR('',#1341,1.);
#1341 = DIRECTION('',(1.,0.));
#1342 = ( GEOMETRIC_REPRESENTATION_CONTEXT(2) 
PARAMETRIC_REPRESENTATION_CONTEXT() REPRESENTATION_CONTEXT('2D SPACE',''
  ) );
#1343 = ORIENTED_EDGE('',*,*,#1201,.F.);
#1344 = ADVANCED_FACE('',(#1345),#1160,.T.);
#1345 = FACE_BOUND('',#1346,.T.);
#1346 = EDGE_LOOP('',(#1347,#1368,#1369,#1390));
#1347 = ORIENTED_EDGE('',*,*,#1348,.F.);
#1348 = EDGE_CURVE('',#1117,#1232,#1349,.T.);
#1349 = SURFACE_CURVE('',#1350,(#1354,#1361),.PCURVE_S1.);
#1350 = LINE('',#1351,#1352);
#1351 = CARTESIAN_POINT('',(-1.7E+03,1.075E+03,0.));
#1352 = VECTOR('',#1353,1.);
#1353 = DIRECTION('',(1.,0.,0.));
#1354 = PCURVE('',#1160,#1355);
#1355 = DEFINITIONAL_REPRESENTATION('',(#1356),#1360);
#1356 = LINE('',#1357,#1358);
#1357 = CARTESIAN_POINT('',(0.,0.));
#1358 = VECTOR('',#1359,1.);
#1359 = DIRECTION('',(0.,1.));
#1360 = ( GEOMETRIC_REPRESENTATION_CONTEXT(2) 
PARAMETRIC_REPRESENTATION_CONTEXT() REPRESENTATION_CONTEXT('2D SPACE',''
  ) );
#1361 = PCURVE('',#1132,#1362);
#1362 = DEFINITIONAL_REPRESENTATION('',(#1363),#1367);
#1363 = LINE('',#1364,#1365);
#1364 = CARTESIAN_POINT('',(0.,100.));
#1365 = VECTOR('',#1366,1.);
#1366 = DIRECTION('',(1.,0.));
#1367 = ( GEOMETRIC_REPRESENTATION_CONTEXT(2) 
PARAMETRIC_REPRESENTATION_CONTEXT() REPRESENTATION_CONTEXT('2D SPACE',''
  ) );
#1368 = ORIENTED_EDGE('',*,*,#1144,.T.);
#1369 = ORIENTED_EDGE('',*,*,#1370,.T.);
#1370 = EDGE_CURVE('',#1145,#1255,#1371,.T.);
#1371 = SURFACE_CURVE('',#1372,(#1376,#1383),.PCURVE_S1.);
#1372 = LINE('',#1373,#1374);
#1373 = CARTESIAN_POINT('',(-1.7E+03,1.075E+03,2.25E+03));
#1374 = VECTOR('',#1375,1.);
#1375 = DIRECTION('',(1.,0.,0.));
#1376 = PCURVE('',#1160,#1377);
#1377 = DEFINITIONAL_REPRESENTATION('',(#1378),#1382);
#1378 = LINE('',#1379,#1380);
#1379 = CARTESIAN_POINT('',(2.25E+03,0.));
#1380 = VECTOR('',#1381,1.);
#1381 = DIRECTION('',(0.,1.));
#1382 = ( GEOMETRIC_REPRESENTATION_CONTEXT(2) 
PARAMETRIC_REPRESENTATION_CONTEXT() REPRESENTATION_CONTEXT('2D SPACE',''
  ) );
#1383 = PCURVE('',#1186,#1384);
#1384 = DEFINITIONAL_REPRESENTATION('',(#1385),#1389);
#1385 = LINE('',#1386,#1387);
#1386 = CARTESIAN_POINT('',(0.,100.));
#1387 = VECTOR('',#1388,1.);
#1388 = DIRECTION('',(1.,0.));
#1389 = ( GEOMETRIC_REPRESENTATION_CONTEXT(2) 
PARAMETRIC_REPRESENTATION_CONTEXT() REPRESENTATION_CONTEXT('2D SPACE',''
  ) );
#1390 = ORIENTED_EDGE('',*,*,#1254,.F.);
#1391 = ADVANCED_FACE('',(#1392),#1132,.F.);
#1392 = FACE_BOUND('',#1393,.F.);
#1393 = EDGE_LOOP('',(#1394,#1395,#1396,#1397));
#1394 = ORIENTED_EDGE('',*,*,#1116,.F.);
#1395 = ORIENTED_EDGE('',*,*,#1301,.T.);
#1396 = ORIENTED_EDGE('',*,*,#1231,.T.);
#1397 = ORIENTED_EDGE('',*,*,#1348,.F.);
#1398 = ADVANCED_FACE('',(#1399),#1186,.T.);
#1399 = FACE_BOUND('',#1400,.T.);
#1400 = EDGE_LOOP('',(#1401,#1402,#1403,#1404));
#1401 = ORIENTED_EDGE('',*,*,#1172,.F.);
#1402 = ORIENTED_EDGE('',*,*,#1323,.T.);
#1403 = ORIENTED_EDGE('',*,*,#1277,.T.);
#1404 = ORIENTED_EDGE('',*,*,#1370,.F.);
#1405 = ( GEOMETRIC_REPRESENTATION_CONTEXT(3) 
GLOBAL_UNCERTAINTY_ASSIGNED_CONTEXT((#1409)) 
GLOBAL_UNIT_ASSIGNED_CONTEXT((#1406,#1407,#1408)) REPRESENTATION_CONTEXT
('Context #1','3D Context with UNIT and UNCERTAINTY') );
#1406 = ( LENGTH_UNIT() NAMED_UNIT(*) SI_UNIT(.MILLI.,.METRE.) );
#1407 = ( NAMED_UNIT(*) PLANE_ANGLE_UNIT() SI_UNIT($,.RADIAN.) );
#1408 = ( NAMED_UNIT(*) SI_UNIT($,.STERADIAN.) SOLID_ANGLE_UNIT() );
#1409 = UNCERTAINTY_MEASURE_WITH_UNIT(LENGTH_MEASURE(1.E-07),#1406,
  'distance_accuracy_value','confusion accuracy');
#1410 = CONTEXT_DEPENDENT_SHAPE_REPRESENTATION(#1411,#1413);
#1411 = ( REPRESENTATION_RELATIONSHIP('','',#1074,#10) 
REPRESENTATION_RELATIONSHIP_WITH_TRANSFORMATION(#1412) 
SHAPE_REPRESENTATION_RELATIONSHIP() );
#1412 = ITEM_DEFINED_TRANSFORMATION('','',#11,#23);
#1413 = PRODUCT_DEFINITION_SHAPE('Placement','Placement of an item',
  #1414);
#1414 = NEXT_ASSEMBLY_USAGE_OCCURRENCE('3','Column_2','',#5,#1069,$);
#1415 = PRODUCT_RELATED_PRODUCT_CATEGORY('part',$,(#1071));
#1416 = SHAPE_DEFINITION_REPRESENTATION(#1417,#1423);
#1417 = PRODUCT_DEFINITION_SHAPE('','',#1418);
#1418 = PRODUCT_DEFINITION('design','',#1419,#1422);
#1419 = PRODUCT_DEFINITION_FORMATION('','',#1420);
#1420 = PRODUCT('Column_3','Column_3','',(#1421));
#1421 = PRODUCT_CONTEXT('',#2,'mechanical');
#1422 = PRODUCT_DEFINITION_CONTEXT('part definition',#2,'design');
#1423 = ADVANCED_BREP_SHAPE_REPRESENTATION('',(#11,#1424),#1754);
#1424 = MANIFOLD_SOLID_BREP('',#1425);
#1425 = CLOSED_SHELL('',(#1426,#1546,#1646,#1693,#1740,#1747));
#1426 = ADVANCED_FACE('',(#1427),#1441,.F.);
#1427 = FACE_BOUND('',#1428,.F.);
#1428 = EDGE_LOOP('',(#1429,#1464,#1492,#1520));
#1429 = ORIENTED_EDGE('',*,*,#1430,.F.);
#1430 = EDGE_CURVE('',#1431,#1433,#1435,.T.);
#1431 = VERTEX_POINT('',#1432);
#1432 = CARTESIAN_POINT('',(1.6E+03,-1.075E+03,0.));
#1433 = VERTEX_POINT('',#1434);
#1434 = CARTESIAN_POINT('',(1.6E+03,-1.075E+03,2.25E+03));
#1435 = SURFACE_CURVE('',#1436,(#1440,#1452),.PCURVE_S1.);
#1436 = LINE('',#1437,#1438);
#1437 = CARTESIAN_POINT('',(1.6E+03,-1.075E+03,0.));
#1438 = VECTOR('',#1439,1.);
#1439 = DIRECTION('',(0.,0.,1.));
#1440 = PCURVE('',#1441,#1446);
#1441 = PLANE('',#1442);
#1442 = AXIS2_PLACEMENT_3D('',#1443,#1444,#1445);
#1443 = CARTESIAN_POINT('',(1.6E+03,-1.075E+03,0.));
#1444 = DIRECTION('',(1.,0.,0.));
#1445 = DIRECTION('',(0.,0.,1.));
#1446 = DEFINITIONAL_REPRESENTATION('',(#1447),#1451);
#1447 = LINE('',#1448,#1449);
#1448 = CARTESIAN_POINT('',(0.,0.));
#1449 = VECTOR('',#1450,1.);
#1450 = DIRECTION('',(1.,0.));
#1451 = ( GEOMETRIC_REPRESENTATION_CONTEXT(2) 
PARAMETRIC_REPRESENTATION_CONTEXT() REPRESENTATION_CONTEXT('2D SPACE',''
  ) );
#1452 = PCURVE('',#1453,#1458);
#1453 = PLANE('',#1454);
#1454 = AXIS2_PLACEMENT_3D('',#1455,#1456,#1457);
#1455 = CARTESIAN_POINT('',(1.6E+03,-1.075E+03,0.));
#1456 = DIRECTION('',(0.,1.,0.));
#1457 = DIRECTION('',(0.,0.,1.));
#1458 = DEFINITIONAL_REPRESENTATION('',(#1459),#1463);
#1459 = LINE('',#1460,#1461);
#1460 = CARTESIAN_POINT('',(0.,0.));
#1461 = VECTOR('',#1462,1.);
#1462 = DIRECTION('',(1.,0.));
#1463 = ( GEOMETRIC_REPRESENTATION_CONTEXT(2) 
PARAMETRIC_REPRESENTATION_CONTEXT() REPRESENTATION_CONTEXT('2D SPACE',''
  ) );
#1464 = ORIENTED_EDGE('',*,*,#1465,.T.);
#1465 = EDGE_CURVE('',#1431,#1466,#1468,.T.);
#1466 = VERTEX_POINT('',#1467);
#1467 = CARTESIAN_POINT('',(1.6E+03,-975.,0.));
#1468 = SURFACE_CURVE('',#1469,(#1473,#1480),.PCURVE_S1.);
#1469 = LINE('',#1470,#1471);
#1470 = CARTESIAN_POINT('',(1.6E+03,-1.075E+03,0.));
#1471 = VECTOR('',#1472,1.);
#1472 = DIRECTION('',(0.,1.,0.));
#1473 = PCURVE('',#1441,#1474);
#1474 = DEFINITIONAL_REPRESENTATION('',(#1475),#1479);
#1475 = LINE('',#1476,#1477);
#1476 = CARTESIAN_POINT('',(0.,0.));
#1477 = VECTOR('',#1478,1.);
#1478 = DIRECTION('',(0.,-1.));
#1479 = ( GEOMETRIC_REPRESENTATION_CONTEXT(2) 
PARAMETRIC_REPRESENTATION_CONTEXT() REPRESENTATION_CONTEXT('2D SPACE',''
  ) );
#1480 = PCURVE('',#1481,#1486);
#1481 = PLANE('',#1482);
#1482 = AXIS2_PLACEMENT_3D('',#1483,#1484,#1485);
#1483 = CARTESIAN_POINT('',(1.6E+03,-1.075E+03,0.));
#1484 = DIRECTION('',(0.,0.,1.));
#1485 = DIRECTION('',(1.,0.,0.));
#1486 = DEFINITIONAL_REPRESENTATION('',(#1487),#1491);
#1487 = LINE('',#1488,#1489);
#1488 = CARTESIAN_POINT('',(0.,0.));
#1489 = VECTOR('',#1490,1.);
#1490 = DIRECTION('',(0.,1.));
#1491 = ( GEOMETRIC_REPRESENTATION_CONTEXT(2) 
PARAMETRIC_REPRESENTATION_CONTEXT() REPRESENTATION_CONTEXT('2D SPACE',''
  ) );
#1492 = ORIENTED_EDGE('',*,*,#1493,.T.);
#1493 = EDGE_CURVE('',#1466,#1494,#1496,.T.);
#1494 = VERTEX_POINT('',#1495);
#1495 = CARTESIAN_POINT('',(1.6E+03,-975.,2.25E+03));
#1496 = SURFACE_CURVE('',#1497,(#1501,#1508),.PCURVE_S1.);
#1497 = LINE('',#1498,#1499);
#1498 = CARTESIAN_POINT('',(1.6E+03,-975.,0.));
#1499 = VECTOR('',#1500,1.);
#1500 = DIRECTION('',(0.,0.,1.));
#1501 = PCURVE('',#1441,#1502);
#1502 = DEFINITIONAL_REPRESENTATION('',(#1503),#1507);
#1503 = LINE('',#1504,#1505);
#1504 = CARTESIAN_POINT('',(0.,-100.));
#1505 = VECTOR('',#1506,1.);
#1506 = DIRECTION('',(1.,0.));
#1507 = ( GEOMETRIC_REPRESENTATION_CONTEXT(2) 
PARAMETRIC_REPRESENTATION_CONTEXT() REPRESENTATION_CONTEXT('2D SPACE',''
  ) );
#1508 = PCURVE('',#1509,#1514);
#1509 = PLANE('',#1510);
#1510 = AXIS2_PLACEMENT_3D('',#1511,#1512,#1513);
#1511 = CARTESIAN_POINT('',(1.6E+03,-975.,0.));
#1512 = DIRECTION('',(0.,1.,0.));
#1513 = DIRECTION('',(0.,0.,1.));
#1514 = DEFINITIONAL_REPRESENTATION('',(#1515),#1519);
#1515 = LINE('',#1516,#1517);
#1516 = CARTESIAN_POINT('',(0.,0.));
#1517 = VECTOR('',#1518,1.);
#1518 = DIRECTION('',(1.,0.));
#1519 = ( GEOMETRIC_REPRESENTATION_CONTEXT(2) 
PARAMETRIC_REPRESENTATION_CONTEXT() REPRESENTATION_CONTEXT('2D SPACE',''
  ) );
#1520 = ORIENTED_EDGE('',*,*,#1521,.F.);
#1521 = EDGE_CURVE('',#1433,#1494,#1522,.T.);
#1522 = SURFACE_CURVE('',#1523,(#1527,#1534),.PCURVE_S1.);
#1523 = LINE('',#1524,#1525);
#1524 = CARTESIAN_POINT('',(1.6E+03,-1.075E+03,2.25E+03));
#1525 = VECTOR('',#1526,1.);
#1526 = DIRECTION('',(0.,1.,0.));
#1527 = PCURVE('',#1441,#1528);
#1528 = DEFINITIONAL_REPRESENTATION('',(#1529),#1533);
#1529 = LINE('',#1530,#1531);
#1530 = CARTESIAN_POINT('',(2.25E+03,0.));
#1531 = VECTOR('',#1532,1.);
#1532 = DIRECTION('',(0.,-1.));
#1533 = ( GEOMETRIC_REPRESENTATION_CONTEXT(2) 
PARAMETRIC_REPRESENTATION_CONTEXT() REPRESENTATION_CONTEXT('2D SPACE',''
  ) );
#1534 = PCURVE('',#1535,#1540);
#1535 = PLANE('',#1536);
#1536 = AXIS2_PLACEMENT_3D('',#1537,#1538,#1539);
#1537 = CARTESIAN_POINT('',(1.6E+03,-1.075E+03,2.25E+03));
#1538 = DIRECTION('',(0.,0.,1.));
#1539 = DIRECTION('',(1.,0.,0.));
#1540 = DEFINITIONAL_REPRESENTATION('',(#1541),#1545);
#1541 = LINE('',#1542,#1543);
#1542 = CARTESIAN_POINT('',(0.,0.));
#1543 = VECTOR('',#1544,1.);
#1544 = DIRECTION('',(0.,1.));
#1545 = ( GEOMETRIC_REPRESENTATION_CONTEXT(2) 
PARAMETRIC_REPRESENTATION_CONTEXT() REPRESENTATION_CONTEXT('2D SPACE',''
  ) );
#1546 = ADVANCED_FACE('',(#1547),#1561,.T.);
#1547 = FACE_BOUND('',#1548,.T.);
#1548 = EDGE_LOOP('',(#1549,#1579,#1602,#1625));
#1549 = ORIENTED_EDGE('',*,*,#1550,.F.);
#1550 = EDGE_CURVE('',#1551,#1553,#1555,.T.);
#1551 = VERTEX_POINT('',#1552);
#1552 = CARTESIAN_POINT('',(1.7E+03,-1.075E+03,0.));
#1553 = VERTEX_POINT('',#1554);
#1554 = CARTESIAN_POINT('',(1.7E+03,-1.075E+03,2.25E+03));
#1555 = SURFACE_CURVE('',#1556,(#1560,#1572),.PCURVE_S1.);
#1556 = LINE('',#1557,#1558);
#1557 = CARTESIAN_POINT('',(1.7E+03,-1.075E+03,0.));
#1558 = VECTOR('',#1559,1.);
#1559 = DIRECTION('',(0.,0.,1.));
#1560 = PCURVE('',#1561,#1566);
#1561 = PLANE('',#1562);
#1562 = AXIS2_PLACEMENT_3D('',#1563,#1564,#1565);
#1563 = CARTESIAN_POINT('',(1.7E+03,-1.075E+03,0.));
#1564 = DIRECTION('',(1.,0.,0.));
#1565 = DIRECTION('',(0.,0.,1.));
#1566 = DEFINITIONAL_REPRESENTATION('',(#1567),#1571);
#1567 = LINE('',#1568,#1569);
#1568 = CARTESIAN_POINT('',(0.,0.));
#1569 = VECTOR('',#1570,1.);
#1570 = DIRECTION('',(1.,0.));
#1571 = ( GEOMETRIC_REPRESENTATION_CONTEXT(2) 
PARAMETRIC_REPRESENTATION_CONTEXT() REPRESENTATION_CONTEXT('2D SPACE',''
  ) );
#1572 = PCURVE('',#1453,#1573);
#1573 = DEFINITIONAL_REPRESENTATION('',(#1574),#1578);
#1574 = LINE('',#1575,#1576);
#1575 = CARTESIAN_POINT('',(0.,100.));
#1576 = VECTOR('',#1577,1.);
#1577 = DIRECTION('',(1.,0.));
#1578 = ( GEOMETRIC_REPRESENTATION_CONTEXT(2) 
PARAMETRIC_REPRESENTATION_CONTEXT() REPRESENTATION_CONTEXT('2D SPACE',''
  ) );
#1579 = ORIENTED_EDGE('',*,*,#1580,.T.);
#1580 = EDGE_CURVE('',#1551,#1581,#1583,.T.);
#1581 = VERTEX_POINT('',#1582);
#1582 = CARTESIAN_POINT('',(1.7E+03,-975.,0.));
#1583 = SURFACE_CURVE('',#1584,(#1588,#1595),.PCURVE_S1.);
#1584 = LINE('',#1585,#1586);
#1585 = CARTESIAN_POINT('',(1.7E+03,-1.075E+03,0.));
#1586 = VECTOR('',#1587,1.);
#1587 = DIRECTION('',(0.,1.,0.));
#1588 = PCURVE('',#1561,#1589);
#1589 = DEFINITIONAL_REPRESENTATION('',(#1590),#1594);
#1590 = LINE('',#1591,#1592);
#1591 = CARTESIAN_POINT('',(0.,0.));
#1592 = VECTOR('',#1593,1.);
#1593 = DIRECTION('',(0.,-1.));
#1594 = ( GEOMETRIC_REPRESENTATION_CONTEXT(2) 
PARAMETRIC_REPRESENTATION_CONTEXT() REPRESENTATION_CONTEXT('2D SPACE',''
  ) );
#1595 = PCURVE('',#1481,#1596);
#1596 = DEFINITIONAL_REPRESENTATION('',(#1597),#1601);
#1597 = LINE('',#1598,#1599);
#1598 = CARTESIAN_POINT('',(100.,0.));
#1599 = VECTOR('',#1600,1.);
#1600 = DIRECTION('',(0.,1.));
#1601 = ( GEOMETRIC_REPRESENTATION_CONTEXT(2) 
PARAMETRIC_REPRESENTATION_CONTEXT() REPRESENTATION_CONTEXT('2D SPACE',''
  ) );
#1602 = ORIENTED_EDGE('',*,*,#1603,.T.);
#1603 = EDGE_CURVE('',#1581,#1604,#1606,.T.);
#1604 = VERTEX_POINT('',#1605);
#1605 = CARTESIAN_POINT('',(1.7E+03,-975.,2.25E+03));
#1606 = SURFACE_CURVE('',#1607,(#1611,#1618),.PCURVE_S1.);
#1607 = LINE('',#1608,#1609);
#1608 = CARTESIAN_POINT('',(1.7E+03,-975.,0.));
#1609 = VECTOR('',#1610,1.);
#1610 = DIRECTION('',(0.,0.,1.));
#1611 = PCURVE('',#1561,#1612);
#1612 = DEFINITIONAL_REPRESENTATION('',(#1613),#1617);
#1613 = LINE('',#1614,#1615);
#1614 = CARTESIAN_POINT('',(0.,-100.));
#1615 = VECTOR('',#1616,1.);
#1616 = DIRECTION('',(1.,0.));
#1617 = ( GEOMETRIC_REPRESENTATION_CONTEXT(2) 
PARAMETRIC_REPRESENTATION_CONTEXT() REPRESENTATION_CONTEXT('2D SPACE',''
  ) );
#1618 = PCURVE('',#1509,#1619);
#1619 = DEFINITIONAL_REPRESENTATION('',(#1620),#1624);
#1620 = LINE('',#1621,#1622);
#1621 = CARTESIAN_POINT('',(0.,100.));
#1622 = VECTOR('',#1623,1.);
#1623 = DIRECTION('',(1.,0.));
#1624 = ( GEOMETRIC_REPRESENTATION_CONTEXT(2) 
PARAMETRIC_REPRESENTATION_CONTEXT() REPRESENTATION_CONTEXT('2D SPACE',''
  ) );
#1625 = ORIENTED_EDGE('',*,*,#1626,.F.);
#1626 = EDGE_CURVE('',#1553,#1604,#1627,.T.);
#1627 = SURFACE_CURVE('',#1628,(#1632,#1639),.PCURVE_S1.);
#1628 = LINE('',#1629,#1630);
#1629 = CARTESIAN_POINT('',(1.7E+03,-1.075E+03,2.25E+03));
#1630 = VECTOR('',#1631,1.);
#1631 = DIRECTION('',(0.,1.,0.));
#1632 = PCURVE('',#1561,#1633);
#1633 = DEFINITIONAL_REPRESENTATION('',(#1634),#1638);
#1634 = LINE('',#1635,#1636);
#1635 = CARTESIAN_POINT('',(2.25E+03,0.));
#1636 = VECTOR('',#1637,1.);
#1637 = DIRECTION('',(0.,-1.));
#1638 = ( GEOMETRIC_REPRESENTATION_CONTEXT(2) 
PARAMETRIC_REPRESENTATION_CONTEXT() REPRESENTATION_CONTEXT('2D SPACE',''
  ) );
#1639 = PCURVE('',#1535,#1640);
#1640 = DEFINITIONAL_REPRESENTATION('',(#1641),#1645);
#1641 = LINE('',#1642,#1643);
#1642 = CARTESIAN_POINT('',(100.,0.));
#1643 = VECTOR('',#1644,1.);
#1644 = DIRECTION('',(0.,1.));
#1645 = ( GEOMETRIC_REPRESENTATION_CONTEXT(2) 
PARAMETRIC_REPRESENTATION_CONTEXT() REPRESENTATION_CONTEXT('2D SPACE',''
  ) );
#1646 = ADVANCED_FACE('',(#1647),#1453,.F.);
#1647 = FACE_BOUND('',#1648,.F.);
#1648 = EDGE_LOOP('',(#1649,#1670,#1671,#1692));
#1649 = ORIENTED_EDGE('',*,*,#1650,.F.);
#1650 = EDGE_CURVE('',#1431,#1551,#1651,.T.);
#1651 = SURFACE_CURVE('',#1652,(#1656,#1663),.PCURVE_S1.);
#1652 = LINE('',#1653,#1654);
#1653 = CARTESIAN_POINT('',(1.6E+03,-1.075E+03,0.));
#1654 = VECTOR('',#1655,1.);
#1655 = DIRECTION('',(1.,0.,0.));
#1656 = PCURVE('',#1453,#1657);
#1657 = DEFINITIONAL_REPRESENTATION('',(#1658),#1662);
#1658 = LINE('',#1659,#1660);
#1659 = CARTESIAN_POINT('',(0.,0.));
#1660 = VECTOR('',#1661,1.);
#1661 = DIRECTION('',(0.,1.));
#1662 = ( GEOMETRIC_REPRESENTATION_CONTEXT(2) 
PARAMETRIC_REPRESENTATION_CONTEXT() REPRESENTATION_CONTEXT('2D SPACE',''
  ) );
#1663 = PCURVE('',#1481,#1664);
#1664 = DEFINITIONAL_REPRESENTATION('',(#1665),#1669);
#1665 = LINE('',#1666,#1667);
#1666 = CARTESIAN_POINT('',(0.,0.));
#1667 = VECTOR('',#1668,1.);
#1668 = DIRECTION('',(1.,0.));
#1669 = ( GEOMETRIC_REPRESENTATION_CONTEXT(2) 
PARAMETRIC_REPRESENTATION_CONTEXT() REPRESENTATION_CONTEXT('2D SPACE',''
  ) );
#1670 = ORIENTED_EDGE('',*,*,#1430,.T.);
#1671 = ORIENTED_EDGE('',*,*,#1672,.T.);
#1672 = EDGE_CURVE('',#1433,#1553,#1673,.T.);
#1673 = SURFACE_CURVE('',#1674,(#1678,#1685),.PCURVE_S1.);
#1674 = LINE('',#1675,#1676);
#1675 = CARTESIAN_POINT('',(1.6E+03,-1.075E+03,2.25E+03));
#1676 = VECTOR('',#1677,1.);
#1677 = DIRECTION('',(1.,0.,0.));
#1678 = PCURVE('',#1453,#1679);
#1679 = DEFINITIONAL_REPRESENTATION('',(#1680),#1684);
#1680 = LINE('',#1681,#1682);
#1681 = CARTESIAN_POINT('',(2.25E+03,0.));
#1682 = VECTOR('',#1683,1.);
#1683 = DIRECTION('',(0.,1.));
#1684 = ( GEOMETRIC_REPRESENTATION_CONTEXT(2) 
PARAMETRIC_REPRESENTATION_CONTEXT() REPRESENTATION_CONTEXT('2D SPACE',''
  ) );
#1685 = PCURVE('',#1535,#1686);
#1686 = DEFINITIONAL_REPRESENTATION('',(#1687),#1691);
#1687 = LINE('',#1688,#1689);
#1688 = CARTESIAN_POINT('',(0.,0.));
#1689 = VECTOR('',#1690,1.);
#1690 = DIRECTION('',(1.,0.));
#1691 = ( GEOMETRIC_REPRESENTATION_CONTEXT(2) 
PARAMETRIC_REPRESENTATION_CONTEXT() REPRESENTATION_CONTEXT('2D SPACE',''
  ) );
#1692 = ORIENTED_EDGE('',*,*,#1550,.F.);
#1693 = ADVANCED_FACE('',(#1694),#1509,.T.);
#1694 = FACE_BOUND('',#1695,.T.);
#1695 = EDGE_LOOP('',(#1696,#1717,#1718,#1739));
#1696 = ORIENTED_EDGE('',*,*,#1697,.F.);
#1697 = EDGE_CURVE('',#1466,#1581,#1698,.T.);
#1698 = SURFACE_CURVE('',#1699,(#1703,#1710),.PCURVE_S1.);
#1699 = LINE('',#1700,#1701);
#1700 = CARTESIAN_POINT('',(1.6E+03,-975.,0.));
#1701 = VECTOR('',#1702,1.);
#1702 = DIRECTION('',(1.,0.,0.));
#1703 = PCURVE('',#1509,#1704);
#1704 = DEFINITIONAL_REPRESENTATION('',(#1705),#1709);
#1705 = LINE('',#1706,#1707);
#1706 = CARTESIAN_POINT('',(0.,0.));
#1707 = VECTOR('',#1708,1.);
#1708 = DIRECTION('',(0.,1.));
#1709 = ( GEOMETRIC_REPRESENTATION_CONTEXT(2) 
PARAMETRIC_REPRESENTATION_CONTEXT() REPRESENTATION_CONTEXT('2D SPACE',''
  ) );
#1710 = PCURVE('',#1481,#1711);
#1711 = DEFINITIONAL_REPRESENTATION('',(#1712),#1716);
#1712 = LINE('',#1713,#1714);
#1713 = CARTESIAN_POINT('',(0.,100.));
#1714 = VECTOR('',#1715,1.);
#1715 = DIRECTION('',(1.,0.));
#1716 = ( GEOMETRIC_REPRESENTATION_CONTEXT(2) 
PARAMETRIC_REPRESENTATION_CONTEXT() REPRESENTATION_CONTEXT('2D SPACE',''
  ) );
#1717 = ORIENTED_EDGE('',*,*,#1493,.T.);
#1718 = ORIENTED_EDGE('',*,*,#1719,.T.);
#1719 = EDGE_CURVE('',#1494,#1604,#1720,.T.);
#1720 = SURFACE_CURVE('',#1721,(#1725,#1732),.PCURVE_S1.);
#1721 = LINE('',#1722,#1723);
#1722 = CARTESIAN_POINT('',(1.6E+03,-975.,2.25E+03));
#1723 = VECTOR('',#1724,1.);
#1724 = DIRECTION('',(1.,0.,0.));
#1725 = PCURVE('',#1509,#1726);
#1726 = DEFINITIONAL_REPRESENTATION('',(#1727),#1731);
#1727 = LINE('',#1728,#1729);
#1728 = CARTESIAN_POINT('',(2.25E+03,0.));
#1729 = VECTOR('',#1730,1.);
#1730 = DIRECTION('',(0.,1.));
#1731 = ( GEOMETRIC_REPRESENTATION_CONTEXT(2) 
PARAMETRIC_REPRESENTATION_CONTEXT() REPRESENTATION_CONTEXT('2D SPACE',''
  ) );
#1732 = PCURVE('',#1535,#1733);
#1733 = DEFINITIONAL_REPRESENTATION('',(#1734),#1738);
#1734 = LINE('',#1735,#1736);
#1735 = CARTESIAN_POINT('',(0.,100.));
#1736 = VECTOR('',#1737,1.);
#1737 = DIRECTION('',(1.,0.));
#1738 = ( GEOMETRIC_REPRESENTATION_CONTEXT(2) 
PARAMETRIC_REPRESENTATION_CONTEXT() REPRESENTATION_CONTEXT('2D SPACE',''
  ) );
#1739 = ORIENTED_EDGE('',*,*,#1603,.F.);
#1740 = ADVANCED_FACE('',(#1741),#1481,.F.);
#1741 = FACE_BOUND('',#1742,.F.);
#1742 = EDGE_LOOP('',(#1743,#1744,#1745,#1746));
#1743 = ORIENTED_EDGE('',*,*,#1465,.F.);
#1744 = ORIENTED_EDGE('',*,*,#1650,.T.);
#1745 = ORIENTED_EDGE('',*,*,#1580,.T.);
#1746 = ORIENTED_EDGE('',*,*,#1697,.F.);
#1747 = ADVANCED_FACE('',(#1748),#1535,.T.);
#1748 = FACE_BOUND('',#1749,.T.);
#1749 = EDGE_LOOP('',(#1750,#1751,#1752,#1753));
#1750 = ORIENTED_EDGE('',*,*,#1521,.F.);
#1751 = ORIENTED_EDGE('',*,*,#1672,.T.);
#1752 = ORIENTED_EDGE('',*,*,#1626,.T.);
#1753 = ORIENTED_EDGE('',*,*,#1719,.F.);
#1754 = ( GEOMETRIC_REPRESENTATION_CONTEXT(3) 
GLOBAL_UNCERTAINTY_ASSIGNED_CONTEXT((#1758)) 
GLOBAL_UNIT_ASSIGNED_CONTEXT((#1755,#1756,#1757)) REPRESENTATION_CONTEXT
('Context #1','3D Context with UNIT and UNCERTAINTY') );
#1755 = ( LENGTH_UNIT() NAMED_UNIT(*) SI_UNIT(.MILLI.,.METRE.) );
#1756 = ( NAMED_UNIT(*) PLANE_ANGLE_UNIT() SI_UNIT($,.RADIAN.) );
#1757 = ( NAMED_UNIT(*) SI_UNIT($,.STERADIAN.) SOLID_ANGLE_UNIT() );
#1758 = UNCERTAINTY_MEASURE_WITH_UNIT(LENGTH_MEASURE(1.E-07),#1755,
  'distance_accuracy_value','confusion accuracy');
#1759 = CONTEXT_DEPENDENT_SHAPE_REPRESENTATION(#1760,#1762);
#1760 = ( REPRESENTATION_RELATIONSHIP('','',#1423,#10) 
REPRESENTATION_RELATIONSHIP_WITH_TRANSFORMATION(#1761) 
SHAPE_REPRESENTATION_RELATIONSHIP() );
#1761 = ITEM_DEFINED_TRANSFORMATION('','',#11,#27);
#1762 = PRODUCT_DEFINITION_SHAPE('Placement','Placement of an item',
  #1763);
#1763 = NEXT_ASSEMBLY_USAGE_OCCURRENCE('4','Column_3','',#5,#1418,$);
#1764 = PRODUCT_RELATED_PRODUCT_CATEGORY('part',$,(#1420));
#1765 = SHAPE_DEFINITION_REPRESENTATION(#1766,#1772);
#1766 = PRODUCT_DEFINITION_SHAPE('','',#1767);
#1767 = PRODUCT_DEFINITION('design','',#1768,#1771);
#1768 = PRODUCT_DEFINITION_FORMATION('','',#1769);
#1769 = PRODUCT('Column_4','Column_4','',(#1770));
#1770 = PRODUCT_CONTEXT('',#2,'mechanical');
#1771 = PRODUCT_DEFINITION_CONTEXT('part definition',#2,'design');
#1772 = ADVANCED_BREP_SHAPE_REPRESENTATION('',(#11,#1773),#2103);
#1773 = MANIFOLD_SOLID_BREP('',#1774);
#1774 = CLOSED_SHELL('',(#1775,#1895,#1995,#2042,#2089,#2096));
#1775 = ADVANCED_FACE('',(#1776),#1790,.F.);
#1776 = FACE_BOUND('',#1777,.F.);
#1777 = EDGE_LOOP('',(#1778,#1813,#1841,#1869));
#1778 = ORIENTED_EDGE('',*,*,#1779,.F.);
#1779 = EDGE_CURVE('',#1780,#1782,#1784,.T.);
#1780 = VERTEX_POINT('',#1781);
#1781 = CARTESIAN_POINT('',(1.6E+03,975.,0.));
#1782 = VERTEX_POINT('',#1783);
#1783 = CARTESIAN_POINT('',(1.6E+03,975.,2.25E+03));
#1784 = SURFACE_CURVE('',#1785,(#1789,#1801),.PCURVE_S1.);
#1785 = LINE('',#1786,#1787);
#1786 = CARTESIAN_POINT('',(1.6E+03,975.,0.));
#1787 = VECTOR('',#1788,1.);
#1788 = DIRECTION('',(0.,0.,1.));
#1789 = PCURVE('',#1790,#1795);
#1790 = PLANE('',#1791);
#1791 = AXIS2_PLACEMENT_3D('',#1792,#1793,#1794);
#1792 = CARTESIAN_POINT('',(1.6E+03,975.,0.));
#1793 = DIRECTION('',(1.,0.,0.));
#1794 = DIRECTION('',(0.,0.,1.));
#1795 = DEFINITIONAL_REPRESENTATION('',(#1796),#1800);
#1796 = LINE('',#1797,#1798);
#1797 = CARTESIAN_POINT('',(0.,0.));
#1798 = VECTOR('',#1799,1.);
#1799 = DIRECTION('',(1.,0.));
#1800 = ( GEOMETRIC_REPRESENTATION_CONTEXT(2) 
PARAMETRIC_REPRESENTATION_CONTEXT() REPRESENTATION_CONTEXT('2D SPACE',''
  ) );
#1801 = PCURVE('',#1802,#1807);
#1802 = PLANE('',#1803);
#1803 = AXIS2_PLACEMENT_3D('',#1804,#1805,#1806);
#1804 = CARTESIAN_POINT('',(1.6E+03,975.,0.));
#1805 = DIRECTION('',(0.,1.,0.));
#1806 = DIRECTION('',(0.,0.,1.));
#1807 = DEFINITIONAL_REPRESENTATION('',(#1808),#1812);
#1808 = LINE('',#1809,#1810);
#1809 = CARTESIAN_POINT('',(0.,0.));
#1810 = VECTOR('',#1811,1.);
#1811 = DIRECTION('',(1.,0.));
#1812 = ( GEOMETRIC_REPRESENTATION_CONTEXT(2) 
PARAMETRIC_REPRESENTATION_CONTEXT() REPRESENTATION_CONTEXT('2D SPACE',''
  ) );
#1813 = ORIENTED_EDGE('',*,*,#1814,.T.);
#1814 = EDGE_CURVE('',#1780,#1815,#1817,.T.);
#1815 = VERTEX_POINT('',#1816);
#1816 = CARTESIAN_POINT('',(1.6E+03,1.075E+03,0.));
#1817 = SURFACE_CURVE('',#1818,(#1822,#1829),.PCURVE_S1.);
#1818 = LINE('',#1819,#1820);
#1819 = CARTESIAN_POINT('',(1.6E+03,975.,0.));
#1820 = VECTOR('',#1821,1.);
#1821 = DIRECTION('',(0.,1.,0.));
#1822 = PCURVE('',#1790,#1823);
#1823 = DEFINITIONAL_REPRESENTATION('',(#1824),#1828);
#1824 = LINE('',#1825,#1826);
#1825 = CARTESIAN_POINT('',(0.,0.));
#1826 = VECTOR('',#1827,1.);
#1827 = DIRECTION('',(0.,-1.));
#1828 = ( GEOMETRIC_REPRESENTATION_CONTEXT(2) 
PARAMETRIC_REPRESENTATION_CONTEXT() REPRESENTATION_CONTEXT('2D SPACE',''
  ) );
#1829 = PCURVE('',#1830,#1835);
#1830 = PLANE('',#1831);
#1831 = AXIS2_PLACEMENT_3D('',#1832,#1833,#1834);
#1832 = CARTESIAN_POINT('',(1.6E+03,975.,0.));
#1833 = DIRECTION('',(0.,0.,1.));
#1834 = DIRECTION('',(1.,0.,0.));
#1835 = DEFINITIONAL_REPRESENTATION('',(#1836),#1840);
#1836 = LINE('',#1837,#1838);
#1837 = CARTESIAN_POINT('',(0.,0.));
#1838 = VECTOR('',#1839,1.);
#1839 = DIRECTION('',(0.,1.));
#1840 = ( GEOMETRIC_REPRESENTATION_CONTEXT(2) 
PARAMETRIC_REPRESENTATION_CONTEXT() REPRESENTATION_CONTEXT('2D SPACE',''
  ) );
#1841 = ORIENTED_EDGE('',*,*,#1842,.T.);
#1842 = EDGE_CURVE('',#1815,#1843,#1845,.T.);
#1843 = VERTEX_POINT('',#1844);
#1844 = CARTESIAN_POINT('',(1.6E+03,1.075E+03,2.25E+03));
#1845 = SURFACE_CURVE('',#1846,(#1850,#1857),.PCURVE_S1.);
#1846 = LINE('',#1847,#1848);
#1847 = CARTESIAN_POINT('',(1.6E+03,1.075E+03,0.));
#1848 = VECTOR('',#1849,1.);
#1849 = DIRECTION('',(0.,0.,1.));
#1850 = PCURVE('',#1790,#1851);
#1851 = DEFINITIONAL_REPRESENTATION('',(#1852),#1856);
#1852 = LINE('',#1853,#1854);
#1853 = CARTESIAN_POINT('',(0.,-100.));
#1854 = VECTOR('',#1855,1.);
#1855 = DIRECTION('',(1.,0.));
#1856 = ( GEOMETRIC_REPRESENTATION_CONTEXT(2) 
PARAMETRIC_REPRESENTATION_CONTEXT() REPRESENTATION_CONTEXT('2D SPACE',''
  ) );
#1857 = PCURVE('',#1858,#1863);
#1858 = PLANE('',#1859);
#1859 = AXIS2_PLACEMENT_3D('',#1860,#1861,#1862);
#1860 = CARTESIAN_POINT('',(1.6E+03,1.075E+03,0.));
#1861 = DIRECTION('',(0.,1.,0.));
#1862 = DIRECTION('',(0.,0.,1.));
#1863 = DEFINITIONAL_REPRESENTATION('',(#1864),#1868);
#1864 = LINE('',#1865,#1866);
#1865 = CARTESIAN_POINT('',(0.,0.));
#1866 = VECTOR('',#1867,1.);
#1867 = DIRECTION('',(1.,0.));
#1868 = ( GEOMETRIC_REPRESENTATION_CONTEXT(2) 
PARAMETRIC_REPRESENTATION_CONTEXT() REPRESENTATION_CONTEXT('2D SPACE',''
  ) );
#1869 = ORIENTED_EDGE('',*,*,#1870,.F.);
#1870 = EDGE_CURVE('',#1782,#1843,#1871,.T.);
#1871 = SURFACE_CURVE('',#1872,(#1876,#1883),.PCURVE_S1.);
#1872 = LINE('',#1873,#1874);
#1873 = CARTESIAN_POINT('',(1.6E+03,975.,2.25E+03));
#1874 = VECTOR('',#1875,1.);
#1875 = DIRECTION('',(0.,1.,0.));
#1876 = PCURVE('',#1790,#1877);
#1877 = DEFINITIONAL_REPRESENTATION('',(#1878),#1882);
#1878 = LINE('',#1879,#1880);
#1879 = CARTESIAN_POINT('',(2.25E+03,0.));
#1880 = VECTOR('',#1881,1.);
#1881 = DIRECTION('',(0.,-1.));
#1882 = ( GEOMETRIC_REPRESENTATION_CONTEXT(2) 
PARAMETRIC_REPRESENTATION_CONTEXT() REPRESENTATION_CONTEXT('2D SPACE',''
  ) );
#1883 = PCURVE('',#1884,#1889);
#1884 = PLANE('',#1885);
#1885 = AXIS2_PLACEMENT_3D('',#1886,#1887,#1888);
#1886 = CARTESIAN_POINT('',(1.6E+03,975.,2.25E+03));
#1887 = DIRECTION('',(0.,0.,1.));
#1888 = DIRECTION('',(1.,0.,0.));
#1889 = DEFINITIONAL_REPRESENTATION('',(#1890),#1894);
#1890 = LINE('',#1891,#1892);
#1891 = CARTESIAN_POINT('',(0.,0.));
#1892 = VECTOR('',#1893,1.);
#1893 = DIRECTION('',(0.,1.));
#1894 = ( GEOMETRIC_REPRESENTATION_CONTEXT(2) 
PARAMETRIC_REPRESENTATION_CONTEXT() REPRESENTATION_CONTEXT('2D SPACE',''
  ) );
#1895 = ADVANCED_FACE('',(#1896),#1910,.T.);
#1896 = FACE_BOUND('',#1897,.T.);
#1897 = EDGE_LOOP('',(#1898,#1928,#1951,#1974));
#1898 = ORIENTED_EDGE('',*,*,#1899,.F.);
#1899 = EDGE_CURVE('',#1900,#1902,#1904,.T.);
#1900 = VERTEX_POINT('',#1901);
#1901 = CARTESIAN_POINT('',(1.7E+03,975.,0.));
#1902 = VERTEX_POINT('',#1903);
#1903 = CARTESIAN_POINT('',(1.7E+03,975.,2.25E+03));
#1904 = SURFACE_CURVE('',#1905,(#1909,#1921),.PCURVE_S1.);
#1905 = LINE('',#1906,#1907);
#1906 = CARTESIAN_POINT('',(1.7E+03,975.,0.));
#1907 = VECTOR('',#1908,1.);
#1908 = DIRECTION('',(0.,0.,1.));
#1909 = PCURVE('',#1910,#1915);
#1910 = PLANE('',#1911);
#1911 = AXIS2_PLACEMENT_3D('',#1912,#1913,#1914);
#1912 = CARTESIAN_POINT('',(1.7E+03,975.,0.));
#1913 = DIRECTION('',(1.,0.,0.));
#1914 = DIRECTION('',(0.,0.,1.));
#1915 = DEFINITIONAL_REPRESENTATION('',(#1916),#1920);
#1916 = LINE('',#1917,#1918);
#1917 = CARTESIAN_POINT('',(0.,0.));
#1918 = VECTOR('',#1919,1.);
#1919 = DIRECTION('',(1.,0.));
#1920 = ( GEOMETRIC_REPRESENTATION_CONTEXT(2) 
PARAMETRIC_REPRESENTATION_CONTEXT() REPRESENTATION_CONTEXT('2D SPACE',''
  ) );
#1921 = PCURVE('',#1802,#1922);
#1922 = DEFINITIONAL_REPRESENTATION('',(#1923),#1927);
#1923 = LINE('',#1924,#1925);
#1924 = CARTESIAN_POINT('',(0.,100.));
#1925 = VECTOR('',#1926,1.);
#1926 = DIRECTION('',(1.,0.));
#1927 = ( GEOMETRIC_REPRESENTATION_CONTEXT(2) 
PARAMETRIC_REPRESENTATION_CONTEXT() REPRESENTATION_CONTEXT('2D SPACE',''
  ) );
#1928 = ORIENTED_EDGE('',*,*,#1929,.T.);
#1929 = EDGE_CURVE('',#1900,#1930,#1932,.T.);
#1930 = VERTEX_POINT('',#1931);
#1931 = CARTESIAN_POINT('',(1.7E+03,1.075E+03,0.));
#1932 = SURFACE_CURVE('',#1933,(#1937,#1944),.PCURVE_S1.);
#1933 = LINE('',#1934,#1935);
#1934 = CARTESIAN_POINT('',(1.7E+03,975.,0.));
#1935 = VECTOR('',#1936,1.);
#1936 = DIRECTION('',(0.,1.,0.));
#1937 = PCURVE('',#1910,#1938);
#1938 = DEFINITIONAL_REPRESENTATION('',(#1939),#1943);
#1939 = LINE('',#1940,#1941);
#1940 = CARTESIAN_POINT('',(0.,0.));
#1941 = VECTOR('',#1942,1.);
#1942 = DIRECTION('',(0.,-1.));
#1943 = ( GEOMETRIC_REPRESENTATION_CONTEXT(2) 
PARAMETRIC_REPRESENTATION_CONTEXT() REPRESENTATION_CONTEXT('2D SPACE',''
  ) );
#1944 = PCURVE('',#1830,#1945);
#1945 = DEFINITIONAL_REPRESENTATION('',(#1946),#1950);
#1946 = LINE('',#1947,#1948);
#1947 = CARTESIAN_POINT('',(100.,0.));
#1948 = VECTOR('',#1949,1.);
#1949 = DIRECTION('',(0.,1.));
#1950 = ( GEOMETRIC_REPRESENTATION_CONTEXT(2) 
PARAMETRIC_REPRESENTATION_CONTEXT() REPRESENTATION_CONTEXT('2D SPACE',''
  ) );
#1951 = ORIENTED_EDGE('',*,*,#1952,.T.);
#1952 = EDGE_CURVE('',#1930,#1953,#1955,.T.);
#1953 = VERTEX_POINT('',#1954);
#1954 = CARTESIAN_POINT('',(1.7E+03,1.075E+03,2.25E+03));
#1955 = SURFACE_CURVE('',#1956,(#1960,#1967),.PCURVE_S1.);
#1956 = LINE('',#1957,#1958);
#1957 = CARTESIAN_POINT('',(1.7E+03,1.075E+03,0.));
#1958 = VECTOR('',#1959,1.);
#1959 = DIRECTION('',(0.,0.,1.));
#1960 = PCURVE('',#1910,#1961);
#1961 = DEFINITIONAL_REPRESENTATION('',(#1962),#1966);
#1962 = LINE('',#1963,#1964);
#1963 = CARTESIAN_POINT('',(0.,-100.));
#1964 = VECTOR('',#1965,1.);
#1965 = DIRECTION('',(1.,0.));
#1966 = ( GEOMETRIC_REPRESENTATION_CONTEXT(2) 
PARAMETRIC_REPRESENTATION_CONTEXT() REPRESENTATION_CONTEXT('2D SPACE',''
  ) );
#1967 = PCURVE('',#1858,#1968);
#1968 = DEFINITIONAL_REPRESENTATION('',(#1969),#1973);
#1969 = LINE('',#1970,#1971);
#1970 = CARTESIAN_POINT('',(0.,100.));
#1971 = VECTOR('',#1972,1.);
#1972 = DIRECTION('',(1.,0.));
#1973 = ( GEOMETRIC_REPRESENTATION_CONTEXT(2) 
PARAMETRIC_REPRESENTATION_CONTEXT() REPRESENTATION_CONTEXT('2D SPACE',''
  ) );
#1974 = ORIENTED_EDGE('',*,*,#1975,.F.);
#1975 = EDGE_CURVE('',#1902,#1953,#1976,.T.);
#1976 = SURFACE_CURVE('',#1977,(#1981,#1988),.PCURVE_S1.);
#1977 = LINE('',#1978,#1979);
#1978 = CARTESIAN_POINT('',(1.7E+03,975.,2.25E+03));
#1979 = VECTOR('',#1980,1.);
#1980 = DIRECTION('',(0.,1.,0.));
#1981 = PCURVE('',#1910,#1982);
#1982 = DEFINITIONAL_REPRESENTATION('',(#1983),#1987);
#1983 = LINE('',#1984,#1985);
#1984 = CARTESIAN_POINT('',(2.25E+03,0.));
#1985 = VECTOR('',#1986,1.);
#1986 = DIRECTION('',(0.,-1.));
#1987 = ( GEOMETRIC_REPRESENTATION_CONTEXT(2) 
PARAMETRIC_REPRESENTATION_CONTEXT() REPRESENTATION_CONTEXT('2D SPACE',''
  ) );
#1988 = PCURVE('',#1884,#1989);
#1989 = DEFINITIONAL_REPRESENTATION('',(#1990),#1994);
#1990 = LINE('',#1991,#1992);
#1991 = CARTESIAN_POINT('',(100.,0.));
#1992 = VECTOR('',#1993,1.);
#1993 = DIRECTION('',(0.,1.));
#1994 = ( GEOMETRIC_REPRESENTATION_CONTEXT(2) 
PARAMETRIC_REPRESENTATION_CONTEXT() REPRESENTATION_CONTEXT('2D SPACE',''
  ) );
#1995 = ADVANCED_FACE('',(#1996),#1802,.F.);
#1996 = FACE_BOUND('',#1997,.F.);
#1997 = EDGE_LOOP('',(#1998,#2019,#2020,#2041));
#1998 = ORIENTED_EDGE('',*,*,#1999,.F.);
#1999 = EDGE_CURVE('',#1780,#1900,#2000,.T.);
#2000 = SURFACE_CURVE('',#2001,(#2005,#2012),.PCURVE_S1.);
#2001 = LINE('',#2002,#2003);
#2002 = CARTESIAN_POINT('',(1.6E+03,975.,0.));
#2003 = VECTOR('',#2004,1.);
#2004 = DIRECTION('',(1.,0.,0.));
#2005 = PCURVE('',#1802,#2006);
#2006 = DEFINITIONAL_REPRESENTATION('',(#2007),#2011);
#2007 = LINE('',#2008,#2009);
#2008 = CARTESIAN_POINT('',(0.,0.));
#2009 = VECTOR('',#2010,1.);
#2010 = DIRECTION('',(0.,1.));
#2011 = ( GEOMETRIC_REPRESENTATION_CONTEXT(2) 
PARAMETRIC_REPRESENTATION_CONTEXT() REPRESENTATION_CONTEXT('2D SPACE',''
  ) );
#2012 = PCURVE('',#1830,#2013);
#2013 = DEFINITIONAL_REPRESENTATION('',(#2014),#2018);
#2014 = LINE('',#2015,#2016);
#2015 = CARTESIAN_POINT('',(0.,0.));
#2016 = VECTOR('',#2017,1.);
#2017 = DIRECTION('',(1.,0.));
#2018 = ( GEOMETRIC_REPRESENTATION_CONTEXT(2) 
PARAMETRIC_REPRESENTATION_CONTEXT() REPRESENTATION_CONTEXT('2D SPACE',''
  ) );
#2019 = ORIENTED_EDGE('',*,*,#1779,.T.);
#2020 = ORIENTED_EDGE('',*,*,#2021,.T.);
#2021 = EDGE_CURVE('',#1782,#1902,#2022,.T.);
#2022 = SURFACE_CURVE('',#2023,(#2027,#2034),.PCURVE_S1.);
#2023 = LINE('',#2024,#2025);
#2024 = CARTESIAN_POINT('',(1.6E+03,975.,2.25E+03));
#2025 = VECTOR('',#2026,1.);
#2026 = DIRECTION('',(1.,0.,0.));
#2027 = PCURVE('',#1802,#2028);
#2028 = DEFINITIONAL_REPRESENTATION('',(#2029),#2033);
#2029 = LINE('',#2030,#2031);
#2030 = CARTESIAN_POINT('',(2.25E+03,0.));
#2031 = VECTOR('',#2032,1.);
#2032 = DIRECTION('',(0.,1.));
#2033 = ( GEOMETRIC_REPRESENTATION_CONTEXT(2) 
PARAMETRIC_REPRESENTATION_CONTEXT() REPRESENTATION_CONTEXT('2D SPACE',''
  ) );
#2034 = PCURVE('',#1884,#2035);
#2035 = DEFINITIONAL_REPRESENTATION('',(#2036),#2040);
#2036 = LINE('',#2037,#2038);
#2037 = CARTESIAN_POINT('',(0.,0.));
#2038 = VECTOR('',#2039,1.);
#2039 = DIRECTION('',(1.,0.));
#2040 = ( GEOMETRIC_REPRESENTATION_CONTEXT(2) 
PARAMETRIC_REPRESENTATION_CONTEXT() REPRESENTATION_CONTEXT('2D SPACE',''
  ) );
#2041 = ORIENTED_EDGE('',*,*,#1899,.F.);
#2042 = ADVANCED_FACE('',(#2043),#1858,.T.);
#2043 = FACE_BOUND('',#2044,.T.);
#2044 = EDGE_LOOP('',(#2045,#2066,#2067,#2088));
#2045 = ORIENTED_EDGE('',*,*,#2046,.F.);
#2046 = EDGE_CURVE('',#1815,#1930,#2047,.T.);
#2047 = SURFACE_CURVE('',#2048,(#2052,#2059),.PCURVE_S1.);
#2048 = LINE('',#2049,#2050);
#2049 = CARTESIAN_POINT('',(1.6E+03,1.075E+03,0.));
#2050 = VECTOR('',#2051,1.);
#2051 = DIRECTION('',(1.,0.,0.));
#2052 = PCURVE('',#1858,#2053);
#2053 = DEFINITIONAL_REPRESENTATION('',(#2054),#2058);
#2054 = LINE('',#2055,#2056);
#2055 = CARTESIAN_POINT('',(0.,0.));
#2056 = VECTOR('',#2057,1.);
#2057 = DIRECTION('',(0.,1.));
#2058 = ( GEOMETRIC_REPRESENTATION_CONTEXT(2) 
PARAMETRIC_REPRESENTATION_CONTEXT() REPRESENTATION_CONTEXT('2D SPACE',''
  ) );
#2059 = PCURVE('',#1830,#2060);
#2060 = DEFINITIONAL_REPRESENTATION('',(#2061),#2065);
#2061 = LINE('',#2062,#2063);
#2062 = CARTESIAN_POINT('',(0.,100.));
#2063 = VECTOR('',#2064,1.);
#2064 = DIRECTION('',(1.,0.));
#2065 = ( GEOMETRIC_REPRESENTATION_CONTEXT(2) 
PARAMETRIC_REPRESENTATION_CONTEXT() REPRESENTATION_CONTEXT('2D SPACE',''
  ) );
#2066 = ORIENTED_EDGE('',*,*,#1842,.T.);
#2067 = ORIENTED_EDGE('',*,*,#2068,.T.);
#2068 = EDGE_CURVE('',#1843,#1953,#2069,.T.);
#2069 = SURFACE_CURVE('',#2070,(#2074,#2081),.PCURVE_S1.);
#2070 = LINE('',#2071,#2072);
#2071 = CARTESIAN_POINT('',(1.6E+03,1.075E+03,2.25E+03));
#2072 = VECTOR('',#2073,1.);
#2073 = DIRECTION('',(1.,0.,0.));
#2074 = PCURVE('',#1858,#2075);
#2075 = DEFINITIONAL_REPRESENTATION('',(#2076),#2080);
#2076 = LINE('',#2077,#2078);
#2077 = CARTESIAN_POINT('',(2.25E+03,0.));
#2078 = VECTOR('',#2079,1.);
#2079 = DIRECTION('',(0.,1.));
#2080 = ( GEOMETRIC_REPRESENTATION_CONTEXT(2) 
PARAMETRIC_REPRESENTATION_CONTEXT() REPRESENTATION_CONTEXT('2D SPACE',''
  ) );
#2081 = PCURVE('',#1884,#2082);
#2082 = DEFINITIONAL_REPRESENTATION('',(#2083),#2087);
#2083 = LINE('',#2084,#2085);
#2084 = CARTESIAN_POINT('',(0.,100.));
#2085 = VECTOR('',#2086,1.);
#2086 = DIRECTION('',(1.,0.));
#2087 = ( GEOMETRIC_REPRESENTATION_CONTEXT(2) 
PARAMETRIC_REPRESENTATION_CONTEXT() REPRESENTATION_CONTEXT('2D SPACE',''
  ) );
#2088 = ORIENTED_EDGE('',*,*,#1952,.F.);
#2089 = ADVANCED_FACE('',(#2090),#1830,.F.);
#2090 = FACE_BOUND('',#2091,.F.);
#2091 = EDGE_LOOP('',(#2092,#2093,#2094,#2095));
#2092 = ORIENTED_EDGE('',*,*,#1814,.F.);
#2093 = ORIENTED_EDGE('',*,*,#1999,.T.);
#2094 = ORIENTED_EDGE('',*,*,#1929,.T.);
#2095 = ORIENTED_EDGE('',*,*,#2046,.F.);
#2096 = ADVANCED_FACE('',(#2097),#1884,.T.);
#2097 = FACE_BOUND('',#2098,.T.);
#2098 = EDGE_LOOP('',(#2099,#2100,#2101,#2102));
#2099 = ORIENTED_EDGE('',*,*,#1870,.F.);
#2100 = ORIENTED_EDGE('',*,*,#2021,.T.);
#2101 = ORIENTED_EDGE('',*,*,#1975,.T.);
#2102 = ORIENTED_EDGE('',*,*,#2068,.F.);
#2103 = ( GEOMETRIC_REPRESENTATION_CONTEXT(3) 
GLOBAL_UNCERTAINTY_ASSIGNED_CONTEXT((#2107)) 
GLOBAL_UNIT_ASSIGNED_CONTEXT((#2104,#2105,#2106)) REPRESENTATION_CONTEXT
('Context #1','3D Context with UNIT and UNCERTAINTY') );
#2104 = ( LENGTH_UNIT() NAMED_UNIT(*) SI_UNIT(.MILLI.,.METRE.) );
#2105 = ( NAMED_UNIT(*) PLANE_ANGLE_UNIT() SI_UNIT($,.RADIAN.) );
#2106 = ( NAMED_UNIT(*) SI_UNIT($,.STERADIAN.) SOLID_ANGLE_UNIT() );
#2107 = UNCERTAINTY_MEASURE_WITH_UNIT(LENGTH_MEASURE(1.E-07),#2104,
  'distance_accuracy_value','confusion accuracy');
#2108 = CONTEXT_DEPENDENT_SHAPE_REPRESENTATION(#2109,#2111);
#2109 = ( REPRESENTATION_RELATIONSHIP('','',#1772,#10) 
REPRESENTATION_RELATIONSHIP_WITH_TRANSFORMATION(#2110) 
SHAPE_REPRESENTATION_RELATIONSHIP() );
#2110 = ITEM_DEFINED_TRANSFORMATION('','',#11,#31);
#2111 = PRODUCT_DEFINITION_SHAPE('Placement','Placement of an item',
  #2112);
#2112 = NEXT_ASSEMBLY_USAGE_OCCURRENCE('5','Column_4','',#5,#1767,$);
#2113 = PRODUCT_RELATED_PRODUCT_CATEGORY('part',$,(#1769));
#2114 = SHAPE_DEFINITION_REPRESENTATION(#2115,#2121);
#2115 = PRODUCT_DEFINITION_SHAPE('','',#2116);
#2116 = PRODUCT_DEFINITION('design','',#2117,#2120);
#2117 = PRODUCT_DEFINITION_FORMATION('','',#2118);
#2118 = PRODUCT('X_Frame_1','X_Frame_1','',(#2119));
#2119 = PRODUCT_CONTEXT('',#2,'mechanical');
#2120 = PRODUCT_DEFINITION_CONTEXT('part definition',#2,'design');
#2121 = ADVANCED_BREP_SHAPE_REPRESENTATION('',(#11,#2122),#2452);
#2122 = MANIFOLD_SOLID_BREP('',#2123);
#2123 = CLOSED_SHELL('',(#2124,#2244,#2344,#2391,#2438,#2445));
#2124 = ADVANCED_FACE('',(#2125),#2139,.F.);
#2125 = FACE_BOUND('',#2126,.F.);
#2126 = EDGE_LOOP('',(#2127,#2162,#2190,#2218));
#2127 = ORIENTED_EDGE('',*,*,#2128,.F.);
#2128 = EDGE_CURVE('',#2129,#2131,#2133,.T.);
#2129 = VERTEX_POINT('',#2130);
#2130 = CARTESIAN_POINT('',(-1.65E+03,-1.065E+03,2.21E+03));
#2131 = VERTEX_POINT('',#2132);
#2132 = CARTESIAN_POINT('',(-1.65E+03,-1.065E+03,2.29E+03));
#2133 = SURFACE_CURVE('',#2134,(#2138,#2150),.PCURVE_S1.);
#2134 = LINE('',#2135,#2136);
#2135 = CARTESIAN_POINT('',(-1.65E+03,-1.065E+03,2.21E+03));
#2136 = VECTOR('',#2137,1.);
#2137 = DIRECTION('',(0.,0.,1.));
#2138 = PCURVE('',#2139,#2144);
#2139 = PLANE('',#2140);
#2140 = AXIS2_PLACEMENT_3D('',#2141,#2142,#2143);
#2141 = CARTESIAN_POINT('',(-1.65E+03,-1.065E+03,2.21E+03));
#2142 = DIRECTION('',(1.,0.,0.));
#2143 = DIRECTION('',(0.,0.,1.));
#2144 = DEFINITIONAL_REPRESENTATION('',(#2145),#2149);
#2145 = LINE('',#2146,#2147);
#2146 = CARTESIAN_POINT('',(0.,0.));
#2147 = VECTOR('',#2148,1.);
#2148 = DIRECTION('',(1.,0.));
#2149 = ( GEOMETRIC_REPRESENTATION_CONTEXT(2) 
PARAMETRIC_REPRESENTATION_CONTEXT() REPRESENTATION_CONTEXT('2D SPACE',''
  ) );
#2150 = PCURVE('',#2151,#2156);
#2151 = PLANE('',#2152);
#2152 = AXIS2_PLACEMENT_3D('',#2153,#2154,#2155);
#2153 = CARTESIAN_POINT('',(-1.65E+03,-1.065E+03,2.21E+03));
#2154 = DIRECTION('',(0.,1.,0.));
#2155 = DIRECTION('',(0.,0.,1.));
#2156 = DEFINITIONAL_REPRESENTATION('',(#2157),#2161);
#2157 = LINE('',#2158,#2159);
#2158 = CARTESIAN_POINT('',(0.,0.));
#2159 = VECTOR('',#2160,1.);
#2160 = DIRECTION('',(1.,0.));
#2161 = ( GEOMETRIC_REPRESENTATION_CONTEXT(2) 
PARAMETRIC_REPRESENTATION_CONTEXT() REPRESENTATION_CONTEXT('2D SPACE',''
  ) );
#2162 = ORIENTED_EDGE('',*,*,#2163,.T.);
#2163 = EDGE_CURVE('',#2129,#2164,#2166,.T.);
#2164 = VERTEX_POINT('',#2165);
#2165 = CARTESIAN_POINT('',(-1.65E+03,-985.,2.21E+03));
#2166 = SURFACE_CURVE('',#2167,(#2171,#2178),.PCURVE_S1.);
#2167 = LINE('',#2168,#2169);
#2168 = CARTESIAN_POINT('',(-1.65E+03,-1.065E+03,2.21E+03));
#2169 = VECTOR('',#2170,1.);
#2170 = DIRECTION('',(0.,1.,0.));
#2171 = PCURVE('',#2139,#2172);
#2172 = DEFINITIONAL_REPRESENTATION('',(#2173),#2177);
#2173 = LINE('',#2174,#2175);
#2174 = CARTESIAN_POINT('',(0.,0.));
#2175 = VECTOR('',#2176,1.);
#2176 = DIRECTION('',(0.,-1.));
#2177 = ( GEOMETRIC_REPRESENTATION_CONTEXT(2) 
PARAMETRIC_REPRESENTATION_CONTEXT() REPRESENTATION_CONTEXT('2D SPACE',''
  ) );
#2178 = PCURVE('',#2179,#2184);
#2179 = PLANE('',#2180);
#2180 = AXIS2_PLACEMENT_3D('',#2181,#2182,#2183);
#2181 = CARTESIAN_POINT('',(-1.65E+03,-1.065E+03,2.21E+03));
#2182 = DIRECTION('',(0.,0.,1.));
#2183 = DIRECTION('',(1.,0.,0.));
#2184 = DEFINITIONAL_REPRESENTATION('',(#2185),#2189);
#2185 = LINE('',#2186,#2187);
#2186 = CARTESIAN_POINT('',(0.,0.));
#2187 = VECTOR('',#2188,1.);
#2188 = DIRECTION('',(0.,1.));
#2189 = ( GEOMETRIC_REPRESENTATION_CONTEXT(2) 
PARAMETRIC_REPRESENTATION_CONTEXT() REPRESENTATION_CONTEXT('2D SPACE',''
  ) );
#2190 = ORIENTED_EDGE('',*,*,#2191,.T.);
#2191 = EDGE_CURVE('',#2164,#2192,#2194,.T.);
#2192 = VERTEX_POINT('',#2193);
#2193 = CARTESIAN_POINT('',(-1.65E+03,-985.,2.29E+03));
#2194 = SURFACE_CURVE('',#2195,(#2199,#2206),.PCURVE_S1.);
#2195 = LINE('',#2196,#2197);
#2196 = CARTESIAN_POINT('',(-1.65E+03,-985.,2.21E+03));
#2197 = VECTOR('',#2198,1.);
#2198 = DIRECTION('',(0.,0.,1.));
#2199 = PCURVE('',#2139,#2200);
#2200 = DEFINITIONAL_REPRESENTATION('',(#2201),#2205);
#2201 = LINE('',#2202,#2203);
#2202 = CARTESIAN_POINT('',(0.,-80.));
#2203 = VECTOR('',#2204,1.);
#2204 = DIRECTION('',(1.,0.));
#2205 = ( GEOMETRIC_REPRESENTATION_CONTEXT(2) 
PARAMETRIC_REPRESENTATION_CONTEXT() REPRESENTATION_CONTEXT('2D SPACE',''
  ) );
#2206 = PCURVE('',#2207,#2212);
#2207 = PLANE('',#2208);
#2208 = AXIS2_PLACEMENT_3D('',#2209,#2210,#2211);
#2209 = CARTESIAN_POINT('',(-1.65E+03,-985.,2.21E+03));
#2210 = DIRECTION('',(0.,1.,0.));
#2211 = DIRECTION('',(0.,0.,1.));
#2212 = DEFINITIONAL_REPRESENTATION('',(#2213),#2217);
#2213 = LINE('',#2214,#2215);
#2214 = CARTESIAN_POINT('',(0.,0.));
#2215 = VECTOR('',#2216,1.);
#2216 = DIRECTION('',(1.,0.));
#2217 = ( GEOMETRIC_REPRESENTATION_CONTEXT(2) 
PARAMETRIC_REPRESENTATION_CONTEXT() REPRESENTATION_CONTEXT('2D SPACE',''
  ) );
#2218 = ORIENTED_EDGE('',*,*,#2219,.F.);
#2219 = EDGE_CURVE('',#2131,#2192,#2220,.T.);
#2220 = SURFACE_CURVE('',#2221,(#2225,#2232),.PCURVE_S1.);
#2221 = LINE('',#2222,#2223);
#2222 = CARTESIAN_POINT('',(-1.65E+03,-1.065E+03,2.29E+03));
#2223 = VECTOR('',#2224,1.);
#2224 = DIRECTION('',(0.,1.,0.));
#2225 = PCURVE('',#2139,#2226);
#2226 = DEFINITIONAL_REPRESENTATION('',(#2227),#2231);
#2227 = LINE('',#2228,#2229);
#2228 = CARTESIAN_POINT('',(80.,0.));
#2229 = VECTOR('',#2230,1.);
#2230 = DIRECTION('',(0.,-1.));
#2231 = ( GEOMETRIC_REPRESENTATION_CONTEXT(2) 
PARAMETRIC_REPRESENTATION_CONTEXT() REPRESENTATION_CONTEXT('2D SPACE',''
  ) );
#2232 = PCURVE('',#2233,#2238);
#2233 = PLANE('',#2234);
#2234 = AXIS2_PLACEMENT_3D('',#2235,#2236,#2237);
#2235 = CARTESIAN_POINT('',(-1.65E+03,-1.065E+03,2.29E+03));
#2236 = DIRECTION('',(0.,0.,1.));
#2237 = DIRECTION('',(1.,0.,0.));
#2238 = DEFINITIONAL_REPRESENTATION('',(#2239),#2243);
#2239 = LINE('',#2240,#2241);
#2240 = CARTESIAN_POINT('',(0.,0.));
#2241 = VECTOR('',#2242,1.);
#2242 = DIRECTION('',(0.,1.));
#2243 = ( GEOMETRIC_REPRESENTATION_CONTEXT(2) 
PARAMETRIC_REPRESENTATION_CONTEXT() REPRESENTATION_CONTEXT('2D SPACE',''
  ) );
#2244 = ADVANCED_FACE('',(#2245),#2259,.T.);
#2245 = FACE_BOUND('',#2246,.T.);
#2246 = EDGE_LOOP('',(#2247,#2277,#2300,#2323));
#2247 = ORIENTED_EDGE('',*,*,#2248,.F.);
#2248 = EDGE_CURVE('',#2249,#2251,#2253,.T.);
#2249 = VERTEX_POINT('',#2250);
#2250 = CARTESIAN_POINT('',(1.65E+03,-1.065E+03,2.21E+03));
#2251 = VERTEX_POINT('',#2252);
#2252 = CARTESIAN_POINT('',(1.65E+03,-1.065E+03,2.29E+03));
#2253 = SURFACE_CURVE('',#2254,(#2258,#2270),.PCURVE_S1.);
#2254 = LINE('',#2255,#2256);
#2255 = CARTESIAN_POINT('',(1.65E+03,-1.065E+03,2.21E+03));
#2256 = VECTOR('',#2257,1.);
#2257 = DIRECTION('',(0.,0.,1.));
#2258 = PCURVE('',#2259,#2264);
#2259 = PLANE('',#2260);
#2260 = AXIS2_PLACEMENT_3D('',#2261,#2262,#2263);
#2261 = CARTESIAN_POINT('',(1.65E+03,-1.065E+03,2.21E+03));
#2262 = DIRECTION('',(1.,0.,0.));
#2263 = DIRECTION('',(0.,0.,1.));
#2264 = DEFINITIONAL_REPRESENTATION('',(#2265),#2269);
#2265 = LINE('',#2266,#2267);
#2266 = CARTESIAN_POINT('',(0.,0.));
#2267 = VECTOR('',#2268,1.);
#2268 = DIRECTION('',(1.,0.));
#2269 = ( GEOMETRIC_REPRESENTATION_CONTEXT(2) 
PARAMETRIC_REPRESENTATION_CONTEXT() REPRESENTATION_CONTEXT('2D SPACE',''
  ) );
#2270 = PCURVE('',#2151,#2271);
#2271 = DEFINITIONAL_REPRESENTATION('',(#2272),#2276);
#2272 = LINE('',#2273,#2274);
#2273 = CARTESIAN_POINT('',(0.,3.3E+03));
#2274 = VECTOR('',#2275,1.);
#2275 = DIRECTION('',(1.,0.));
#2276 = ( GEOMETRIC_REPRESENTATION_CONTEXT(2) 
PARAMETRIC_REPRESENTATION_CONTEXT() REPRESENTATION_CONTEXT('2D SPACE',''
  ) );
#2277 = ORIENTED_EDGE('',*,*,#2278,.T.);
#2278 = EDGE_CURVE('',#2249,#2279,#2281,.T.);
#2279 = VERTEX_POINT('',#2280);
#2280 = CARTESIAN_POINT('',(1.65E+03,-985.,2.21E+03));
#2281 = SURFACE_CURVE('',#2282,(#2286,#2293),.PCURVE_S1.);
#2282 = LINE('',#2283,#2284);
#2283 = CARTESIAN_POINT('',(1.65E+03,-1.065E+03,2.21E+03));
#2284 = VECTOR('',#2285,1.);
#2285 = DIRECTION('',(0.,1.,0.));
#2286 = PCURVE('',#2259,#2287);
#2287 = DEFINITIONAL_REPRESENTATION('',(#2288),#2292);
#2288 = LINE('',#2289,#2290);
#2289 = CARTESIAN_POINT('',(0.,0.));
#2290 = VECTOR('',#2291,1.);
#2291 = DIRECTION('',(0.,-1.));
#2292 = ( GEOMETRIC_REPRESENTATION_CONTEXT(2) 
PARAMETRIC_REPRESENTATION_CONTEXT() REPRESENTATION_CONTEXT('2D SPACE',''
  ) );
#2293 = PCURVE('',#2179,#2294);
#2294 = DEFINITIONAL_REPRESENTATION('',(#2295),#2299);
#2295 = LINE('',#2296,#2297);
#2296 = CARTESIAN_POINT('',(3.3E+03,0.));
#2297 = VECTOR('',#2298,1.);
#2298 = DIRECTION('',(0.,1.));
#2299 = ( GEOMETRIC_REPRESENTATION_CONTEXT(2) 
PARAMETRIC_REPRESENTATION_CONTEXT() REPRESENTATION_CONTEXT('2D SPACE',''
  ) );
#2300 = ORIENTED_EDGE('',*,*,#2301,.T.);
#2301 = EDGE_CURVE('',#2279,#2302,#2304,.T.);
#2302 = VERTEX_POINT('',#2303);
#2303 = CARTESIAN_POINT('',(1.65E+03,-985.,2.29E+03));
#2304 = SURFACE_CURVE('',#2305,(#2309,#2316),.PCURVE_S1.);
#2305 = LINE('',#2306,#2307);
#2306 = CARTESIAN_POINT('',(1.65E+03,-985.,2.21E+03));
#2307 = VECTOR('',#2308,1.);
#2308 = DIRECTION('',(0.,0.,1.));
#2309 = PCURVE('',#2259,#2310);
#2310 = DEFINITIONAL_REPRESENTATION('',(#2311),#2315);
#2311 = LINE('',#2312,#2313);
#2312 = CARTESIAN_POINT('',(0.,-80.));
#2313 = VECTOR('',#2314,1.);
#2314 = DIRECTION('',(1.,0.));
#2315 = ( GEOMETRIC_REPRESENTATION_CONTEXT(2) 
PARAMETRIC_REPRESENTATION_CONTEXT() REPRESENTATION_CONTEXT('2D SPACE',''
  ) );
#2316 = PCURVE('',#2207,#2317);
#2317 = DEFINITIONAL_REPRESENTATION('',(#2318),#2322);
#2318 = LINE('',#2319,#2320);
#2319 = CARTESIAN_POINT('',(0.,3.3E+03));
#2320 = VECTOR('',#2321,1.);
#2321 = DIRECTION('',(1.,0.));
#2322 = ( GEOMETRIC_REPRESENTATION_CONTEXT(2) 
PARAMETRIC_REPRESENTATION_CONTEXT() REPRESENTATION_CONTEXT('2D SPACE',''
  ) );
#2323 = ORIENTED_EDGE('',*,*,#2324,.F.);
#2324 = EDGE_CURVE('',#2251,#2302,#2325,.T.);
#2325 = SURFACE_CURVE('',#2326,(#2330,#2337),.PCURVE_S1.);
#2326 = LINE('',#2327,#2328);
#2327 = CARTESIAN_POINT('',(1.65E+03,-1.065E+03,2.29E+03));
#2328 = VECTOR('',#2329,1.);
#2329 = DIRECTION('',(0.,1.,0.));
#2330 = PCURVE('',#2259,#2331);
#2331 = DEFINITIONAL_REPRESENTATION('',(#2332),#2336);
#2332 = LINE('',#2333,#2334);
#2333 = CARTESIAN_POINT('',(80.,0.));
#2334 = VECTOR('',#2335,1.);
#2335 = DIRECTION('',(0.,-1.));
#2336 = ( GEOMETRIC_REPRESENTATION_CONTEXT(2) 
PARAMETRIC_REPRESENTATION_CONTEXT() REPRESENTATION_CONTEXT('2D SPACE',''
  ) );
#2337 = PCURVE('',#2233,#2338);
#2338 = DEFINITIONAL_REPRESENTATION('',(#2339),#2343);
#2339 = LINE('',#2340,#2341);
#2340 = CARTESIAN_POINT('',(3.3E+03,0.));
#2341 = VECTOR('',#2342,1.);
#2342 = DIRECTION('',(0.,1.));
#2343 = ( GEOMETRIC_REPRESENTATION_CONTEXT(2) 
PARAMETRIC_REPRESENTATION_CONTEXT() REPRESENTATION_CONTEXT('2D SPACE',''
  ) );
#2344 = ADVANCED_FACE('',(#2345),#2151,.F.);
#2345 = FACE_BOUND('',#2346,.F.);
#2346 = EDGE_LOOP('',(#2347,#2368,#2369,#2390));
#2347 = ORIENTED_EDGE('',*,*,#2348,.F.);
#2348 = EDGE_CURVE('',#2129,#2249,#2349,.T.);
#2349 = SURFACE_CURVE('',#2350,(#2354,#2361),.PCURVE_S1.);
#2350 = LINE('',#2351,#2352);
#2351 = CARTESIAN_POINT('',(-1.65E+03,-1.065E+03,2.21E+03));
#2352 = VECTOR('',#2353,1.);
#2353 = DIRECTION('',(1.,0.,0.));
#2354 = PCURVE('',#2151,#2355);
#2355 = DEFINITIONAL_REPRESENTATION('',(#2356),#2360);
#2356 = LINE('',#2357,#2358);
#2357 = CARTESIAN_POINT('',(0.,0.));
#2358 = VECTOR('',#2359,1.);
#2359 = DIRECTION('',(0.,1.));
#2360 = ( GEOMETRIC_REPRESENTATION_CONTEXT(2) 
PARAMETRIC_REPRESENTATION_CONTEXT() REPRESENTATION_CONTEXT('2D SPACE',''
  ) );
#2361 = PCURVE('',#2179,#2362);
#2362 = DEFINITIONAL_REPRESENTATION('',(#2363),#2367);
#2363 = LINE('',#2364,#2365);
#2364 = CARTESIAN_POINT('',(0.,0.));
#2365 = VECTOR('',#2366,1.);
#2366 = DIRECTION('',(1.,0.));
#2367 = ( GEOMETRIC_REPRESENTATION_CONTEXT(2) 
PARAMETRIC_REPRESENTATION_CONTEXT() REPRESENTATION_CONTEXT('2D SPACE',''
  ) );
#2368 = ORIENTED_EDGE('',*,*,#2128,.T.);
#2369 = ORIENTED_EDGE('',*,*,#2370,.T.);
#2370 = EDGE_CURVE('',#2131,#2251,#2371,.T.);
#2371 = SURFACE_CURVE('',#2372,(#2376,#2383),.PCURVE_S1.);
#2372 = LINE('',#2373,#2374);
#2373 = CARTESIAN_POINT('',(-1.65E+03,-1.065E+03,2.29E+03));
#2374 = VECTOR('',#2375,1.);
#2375 = DIRECTION('',(1.,0.,0.));
#2376 = PCURVE('',#2151,#2377);
#2377 = DEFINITIONAL_REPRESENTATION('',(#2378),#2382);
#2378 = LINE('',#2379,#2380);
#2379 = CARTESIAN_POINT('',(80.,0.));
#2380 = VECTOR('',#2381,1.);
#2381 = DIRECTION('',(0.,1.));
#2382 = ( GEOMETRIC_REPRESENTATION_CONTEXT(2) 
PARAMETRIC_REPRESENTATION_CONTEXT() REPRESENTATION_CONTEXT('2D SPACE',''
  ) );
#2383 = PCURVE('',#2233,#2384);
#2384 = DEFINITIONAL_REPRESENTATION('',(#2385),#2389);
#2385 = LINE('',#2386,#2387);
#2386 = CARTESIAN_POINT('',(0.,0.));
#2387 = VECTOR('',#2388,1.);
#2388 = DIRECTION('',(1.,0.));
#2389 = ( GEOMETRIC_REPRESENTATION_CONTEXT(2) 
PARAMETRIC_REPRESENTATION_CONTEXT() REPRESENTATION_CONTEXT('2D SPACE',''
  ) );
#2390 = ORIENTED_EDGE('',*,*,#2248,.F.);
#2391 = ADVANCED_FACE('',(#2392),#2207,.T.);
#2392 = FACE_BOUND('',#2393,.T.);
#2393 = EDGE_LOOP('',(#2394,#2415,#2416,#2437));
#2394 = ORIENTED_EDGE('',*,*,#2395,.F.);
#2395 = EDGE_CURVE('',#2164,#2279,#2396,.T.);
#2396 = SURFACE_CURVE('',#2397,(#2401,#2408),.PCURVE_S1.);
#2397 = LINE('',#2398,#2399);
#2398 = CARTESIAN_POINT('',(-1.65E+03,-985.,2.21E+03));
#2399 = VECTOR('',#2400,1.);
#2400 = DIRECTION('',(1.,0.,0.));
#2401 = PCURVE('',#2207,#2402);
#2402 = DEFINITIONAL_REPRESENTATION('',(#2403),#2407);
#2403 = LINE('',#2404,#2405);
#2404 = CARTESIAN_POINT('',(0.,0.));
#2405 = VECTOR('',#2406,1.);
#2406 = DIRECTION('',(0.,1.));
#2407 = ( GEOMETRIC_REPRESENTATION_CONTEXT(2) 
PARAMETRIC_REPRESENTATION_CONTEXT() REPRESENTATION_CONTEXT('2D SPACE',''
  ) );
#2408 = PCURVE('',#2179,#2409);
#2409 = DEFINITIONAL_REPRESENTATION('',(#2410),#2414);
#2410 = LINE('',#2411,#2412);
#2411 = CARTESIAN_POINT('',(0.,80.));
#2412 = VECTOR('',#2413,1.);
#2413 = DIRECTION('',(1.,0.));
#2414 = ( GEOMETRIC_REPRESENTATION_CONTEXT(2) 
PARAMETRIC_REPRESENTATION_CONTEXT() REPRESENTATION_CONTEXT('2D SPACE',''
  ) );
#2415 = ORIENTED_EDGE('',*,*,#2191,.T.);
#2416 = ORIENTED_EDGE('',*,*,#2417,.T.);
#2417 = EDGE_CURVE('',#2192,#2302,#2418,.T.);
#2418 = SURFACE_CURVE('',#2419,(#2423,#2430),.PCURVE_S1.);
#2419 = LINE('',#2420,#2421);
#2420 = CARTESIAN_POINT('',(-1.65E+03,-985.,2.29E+03));
#2421 = VECTOR('',#2422,1.);
#2422 = DIRECTION('',(1.,0.,0.));
#2423 = PCURVE('',#2207,#2424);
#2424 = DEFINITIONAL_REPRESENTATION('',(#2425),#2429);
#2425 = LINE('',#2426,#2427);
#2426 = CARTESIAN_POINT('',(80.,0.));
#2427 = VECTOR('',#2428,1.);
#2428 = DIRECTION('',(0.,1.));
#2429 = ( GEOMETRIC_REPRESENTATION_CONTEXT(2) 
PARAMETRIC_REPRESENTATION_CONTEXT() REPRESENTATION_CONTEXT('2D SPACE',''
  ) );
#2430 = PCURVE('',#2233,#2431);
#2431 = DEFINITIONAL_REPRESENTATION('',(#2432),#2436);
#2432 = LINE('',#2433,#2434);
#2433 = CARTESIAN_POINT('',(0.,80.));
#2434 = VECTOR('',#2435,1.);
#2435 = DIRECTION('',(1.,0.));
#2436 = ( GEOMETRIC_REPRESENTATION_CONTEXT(2) 
PARAMETRIC_REPRESENTATION_CONTEXT() REPRESENTATION_CONTEXT('2D SPACE',''
  ) );
#2437 = ORIENTED_EDGE('',*,*,#2301,.F.);
#2438 = ADVANCED_FACE('',(#2439),#2179,.F.);
#2439 = FACE_BOUND('',#2440,.F.);
#2440 = EDGE_LOOP('',(#2441,#2442,#2443,#2444));
#2441 = ORIENTED_EDGE('',*,*,#2163,.F.);
#2442 = ORIENTED_EDGE('',*,*,#2348,.T.);
#2443 = ORIENTED_EDGE('',*,*,#2278,.T.);
#2444 = ORIENTED_EDGE('',*,*,#2395,.F.);
#2445 = ADVANCED_FACE('',(#2446),#2233,.T.);
#2446 = FACE_BOUND('',#2447,.T.);
#2447 = EDGE_LOOP('',(#2448,#2449,#2450,#2451));
#2448 = ORIENTED_EDGE('',*,*,#2219,.F.);
#2449 = ORIENTED_EDGE('',*,*,#2370,.T.);
#2450 = ORIENTED_EDGE('',*,*,#2324,.T.);
#2451 = ORIENTED_EDGE('',*,*,#2417,.F.);
#2452 = ( GEOMETRIC_REPRESENTATION_CONTEXT(3) 
GLOBAL_UNCERTAINTY_ASSIGNED_CONTEXT((#2456)) 
GLOBAL_UNIT_ASSIGNED_CONTEXT((#2453,#2454,#2455)) REPRESENTATION_CONTEXT
('Context #1','3D Context with UNIT and UNCERTAINTY') );
#2453 = ( LENGTH_UNIT() NAMED_UNIT(*) SI_UNIT(.MILLI.,.METRE.) );
#2454 = ( NAMED_UNIT(*) PLANE_ANGLE_UNIT() SI_UNIT($,.RADIAN.) );
#2455 = ( NAMED_UNIT(*) SI_UNIT($,.STERADIAN.) SOLID_ANGLE_UNIT() );
#2456 = UNCERTAINTY_MEASURE_WITH_UNIT(LENGTH_MEASURE(1.E-07),#2453,
  'distance_accuracy_value','confusion accuracy');
#2457 = CONTEXT_DEPENDENT_SHAPE_REPRESENTATION(#2458,#2460);
#2458 = ( REPRESENTATION_RELATIONSHIP('','',#2121,#10) 
REPRESENTATION_RELATIONSHIP_WITH_TRANSFORMATION(#2459) 
SHAPE_REPRESENTATION_RELATIONSHIP() );
#2459 = ITEM_DEFINED_TRANSFORMATION('','',#11,#35);
#2460 = PRODUCT_DEFINITION_SHAPE('Placement','Placement of an item',
  #2461);
#2461 = NEXT_ASSEMBLY_USAGE_OCCURRENCE('6','X_Frame_1','',#5,#2116,$);
#2462 = PRODUCT_RELATED_PRODUCT_CATEGORY('part',$,(#2118));
#2463 = SHAPE_DEFINITION_REPRESENTATION(#2464,#2470);
#2464 = PRODUCT_DEFINITION_SHAPE('','',#2465);
#2465 = PRODUCT_DEFINITION('design','',#2466,#2469);
#2466 = PRODUCT_DEFINITION_FORMATION('','',#2467);
#2467 = PRODUCT('X_Frame_2','X_Frame_2','',(#2468));
#2468 = PRODUCT_CONTEXT('',#2,'mechanical');
#2469 = PRODUCT_DEFINITION_CONTEXT('part definition',#2,'design');
#2470 = ADVANCED_BREP_SHAPE_REPRESENTATION('',(#11,#2471),#2801);
#2471 = MANIFOLD_SOLID_BREP('',#2472);
#2472 = CLOSED_SHELL('',(#2473,#2593,#2693,#2740,#2787,#2794));
#2473 = ADVANCED_FACE('',(#2474),#2488,.F.);
#2474 = FACE_BOUND('',#2475,.F.);
#2475 = EDGE_LOOP('',(#2476,#2511,#2539,#2567));
#2476 = ORIENTED_EDGE('',*,*,#2477,.F.);
#2477 = EDGE_CURVE('',#2478,#2480,#2482,.T.);
#2478 = VERTEX_POINT('',#2479);
#2479 = CARTESIAN_POINT('',(-1.65E+03,985.,2.21E+03));
#2480 = VERTEX_POINT('',#2481);
#2481 = CARTESIAN_POINT('',(-1.65E+03,985.,2.29E+03));
#2482 = SURFACE_CURVE('',#2483,(#2487,#2499),.PCURVE_S1.);
#2483 = LINE('',#2484,#2485);
#2484 = CARTESIAN_POINT('',(-1.65E+03,985.,2.21E+03));
#2485 = VECTOR('',#2486,1.);
#2486 = DIRECTION('',(0.,0.,1.));
#2487 = PCURVE('',#2488,#2493);
#2488 = PLANE('',#2489);
#2489 = AXIS2_PLACEMENT_3D('',#2490,#2491,#2492);
#2490 = CARTESIAN_POINT('',(-1.65E+03,985.,2.21E+03));
#2491 = DIRECTION('',(1.,0.,0.));
#2492 = DIRECTION('',(0.,0.,1.));
#2493 = DEFINITIONAL_REPRESENTATION('',(#2494),#2498);
#2494 = LINE('',#2495,#2496);
#2495 = CARTESIAN_POINT('',(0.,0.));
#2496 = VECTOR('',#2497,1.);
#2497 = DIRECTION('',(1.,0.));
#2498 = ( GEOMETRIC_REPRESENTATION_CONTEXT(2) 
PARAMETRIC_REPRESENTATION_CONTEXT() REPRESENTATION_CONTEXT('2D SPACE',''
  ) );
#2499 = PCURVE('',#2500,#2505);
#2500 = PLANE('',#2501);
#2501 = AXIS2_PLACEMENT_3D('',#2502,#2503,#2504);
#2502 = CARTESIAN_POINT('',(-1.65E+03,985.,2.21E+03));
#2503 = DIRECTION('',(0.,1.,0.));
#2504 = DIRECTION('',(0.,0.,1.));
#2505 = DEFINITIONAL_REPRESENTATION('',(#2506),#2510);
#2506 = LINE('',#2507,#2508);
#2507 = CARTESIAN_POINT('',(0.,0.));
#2508 = VECTOR('',#2509,1.);
#2509 = DIRECTION('',(1.,0.));
#2510 = ( GEOMETRIC_REPRESENTATION_CONTEXT(2) 
PARAMETRIC_REPRESENTATION_CONTEXT() REPRESENTATION_CONTEXT('2D SPACE',''
  ) );
#2511 = ORIENTED_EDGE('',*,*,#2512,.T.);
#2512 = EDGE_CURVE('',#2478,#2513,#2515,.T.);
#2513 = VERTEX_POINT('',#2514);
#2514 = CARTESIAN_POINT('',(-1.65E+03,1.065E+03,2.21E+03));
#2515 = SURFACE_CURVE('',#2516,(#2520,#2527),.PCURVE_S1.);
#2516 = LINE('',#2517,#2518);
#2517 = CARTESIAN_POINT('',(-1.65E+03,985.,2.21E+03));
#2518 = VECTOR('',#2519,1.);
#2519 = DIRECTION('',(0.,1.,0.));
#2520 = PCURVE('',#2488,#2521);
#2521 = DEFINITIONAL_REPRESENTATION('',(#2522),#2526);
#2522 = LINE('',#2523,#2524);
#2523 = CARTESIAN_POINT('',(0.,0.));
#2524 = VECTOR('',#2525,1.);
#2525 = DIRECTION('',(0.,-1.));
#2526 = ( GEOMETRIC_REPRESENTATION_CONTEXT(2) 
PARAMETRIC_REPRESENTATION_CONTEXT() REPRESENTATION_CONTEXT('2D SPACE',''
  ) );
#2527 = PCURVE('',#2528,#2533);
#2528 = PLANE('',#2529);
#2529 = AXIS2_PLACEMENT_3D('',#2530,#2531,#2532);
#2530 = CARTESIAN_POINT('',(-1.65E+03,985.,2.21E+03));
#2531 = DIRECTION('',(0.,0.,1.));
#2532 = DIRECTION('',(1.,0.,0.));
#2533 = DEFINITIONAL_REPRESENTATION('',(#2534),#2538);
#2534 = LINE('',#2535,#2536);
#2535 = CARTESIAN_POINT('',(0.,0.));
#2536 = VECTOR('',#2537,1.);
#2537 = DIRECTION('',(0.,1.));
#2538 = ( GEOMETRIC_REPRESENTATION_CONTEXT(2) 
PARAMETRIC_REPRESENTATION_CONTEXT() REPRESENTATION_CONTEXT('2D SPACE',''
  ) );
#2539 = ORIENTED_EDGE('',*,*,#2540,.T.);
#2540 = EDGE_CURVE('',#2513,#2541,#2543,.T.);
#2541 = VERTEX_POINT('',#2542);
#2542 = CARTESIAN_POINT('',(-1.65E+03,1.065E+03,2.29E+03));
#2543 = SURFACE_CURVE('',#2544,(#2548,#2555),.PCURVE_S1.);
#2544 = LINE('',#2545,#2546);
#2545 = CARTESIAN_POINT('',(-1.65E+03,1.065E+03,2.21E+03));
#2546 = VECTOR('',#2547,1.);
#2547 = DIRECTION('',(0.,0.,1.));
#2548 = PCURVE('',#2488,#2549);
#2549 = DEFINITIONAL_REPRESENTATION('',(#2550),#2554);
#2550 = LINE('',#2551,#2552);
#2551 = CARTESIAN_POINT('',(0.,-80.));
#2552 = VECTOR('',#2553,1.);
#2553 = DIRECTION('',(1.,0.));
#2554 = ( GEOMETRIC_REPRESENTATION_CONTEXT(2) 
PARAMETRIC_REPRESENTATION_CONTEXT() REPRESENTATION_CONTEXT('2D SPACE',''
  ) );
#2555 = PCURVE('',#2556,#2561);
#2556 = PLANE('',#2557);
#2557 = AXIS2_PLACEMENT_3D('',#2558,#2559,#2560);
#2558 = CARTESIAN_POINT('',(-1.65E+03,1.065E+03,2.21E+03));
#2559 = DIRECTION('',(0.,1.,0.));
#2560 = DIRECTION('',(0.,0.,1.));
#2561 = DEFINITIONAL_REPRESENTATION('',(#2562),#2566);
#2562 = LINE('',#2563,#2564);
#2563 = CARTESIAN_POINT('',(0.,0.));
#2564 = VECTOR('',#2565,1.);
#2565 = DIRECTION('',(1.,0.));
#2566 = ( GEOMETRIC_REPRESENTATION_CONTEXT(2) 
PARAMETRIC_REPRESENTATION_CONTEXT() REPRESENTATION_CONTEXT('2D SPACE',''
  ) );
#2567 = ORIENTED_EDGE('',*,*,#2568,.F.);
#2568 = EDGE_CURVE('',#2480,#2541,#2569,.T.);
#2569 = SURFACE_CURVE('',#2570,(#2574,#2581),.PCURVE_S1.);
#2570 = LINE('',#2571,#2572);
#2571 = CARTESIAN_POINT('',(-1.65E+03,985.,2.29E+03));
#2572 = VECTOR('',#2573,1.);
#2573 = DIRECTION('',(0.,1.,0.));
#2574 = PCURVE('',#2488,#2575);
#2575 = DEFINITIONAL_REPRESENTATION('',(#2576),#2580);
#2576 = LINE('',#2577,#2578);
#2577 = CARTESIAN_POINT('',(80.,0.));
#2578 = VECTOR('',#2579,1.);
#2579 = DIRECTION('',(0.,-1.));
#2580 = ( GEOMETRIC_REPRESENTATION_CONTEXT(2) 
PARAMETRIC_REPRESENTATION_CONTEXT() REPRESENTATION_CONTEXT('2D SPACE',''
  ) );
#2581 = PCURVE('',#2582,#2587);
#2582 = PLANE('',#2583);
#2583 = AXIS2_PLACEMENT_3D('',#2584,#2585,#2586);
#2584 = CARTESIAN_POINT('',(-1.65E+03,985.,2.29E+03));
#2585 = DIRECTION('',(0.,0.,1.));
#2586 = DIRECTION('',(1.,0.,0.));
#2587 = DEFINITIONAL_REPRESENTATION('',(#2588),#2592);
#2588 = LINE('',#2589,#2590);
#2589 = CARTESIAN_POINT('',(0.,0.));
#2590 = VECTOR('',#2591,1.);
#2591 = DIRECTION('',(0.,1.));
#2592 = ( GEOMETRIC_REPRESENTATION_CONTEXT(2) 
PARAMETRIC_REPRESENTATION_CONTEXT() REPRESENTATION_CONTEXT('2D SPACE',''
  ) );
#2593 = ADVANCED_FACE('',(#2594),#2608,.T.);
#2594 = FACE_BOUND('',#2595,.T.);
#2595 = EDGE_LOOP('',(#2596,#2626,#2649,#2672));
#2596 = ORIENTED_EDGE('',*,*,#2597,.F.);
#2597 = EDGE_CURVE('',#2598,#2600,#2602,.T.);
#2598 = VERTEX_POINT('',#2599);
#2599 = CARTESIAN_POINT('',(1.65E+03,985.,2.21E+03));
#2600 = VERTEX_POINT('',#2601);
#2601 = CARTESIAN_POINT('',(1.65E+03,985.,2.29E+03));
#2602 = SURFACE_CURVE('',#2603,(#2607,#2619),.PCURVE_S1.);
#2603 = LINE('',#2604,#2605);
#2604 = CARTESIAN_POINT('',(1.65E+03,985.,2.21E+03));
#2605 = VECTOR('',#2606,1.);
#2606 = DIRECTION('',(0.,0.,1.));
#2607 = PCURVE('',#2608,#2613);
#2608 = PLANE('',#2609);
#2609 = AXIS2_PLACEMENT_3D('',#2610,#2611,#2612);
#2610 = CARTESIAN_POINT('',(1.65E+03,985.,2.21E+03));
#2611 = DIRECTION('',(1.,0.,0.));
#2612 = DIRECTION('',(0.,0.,1.));
#2613 = DEFINITIONAL_REPRESENTATION('',(#2614),#2618);
#2614 = LINE('',#2615,#2616);
#2615 = CARTESIAN_POINT('',(0.,0.));
#2616 = VECTOR('',#2617,1.);
#2617 = DIRECTION('',(1.,0.));
#2618 = ( GEOMETRIC_REPRESENTATION_CONTEXT(2) 
PARAMETRIC_REPRESENTATION_CONTEXT() REPRESENTATION_CONTEXT('2D SPACE',''
  ) );
#2619 = PCURVE('',#2500,#2620);
#2620 = DEFINITIONAL_REPRESENTATION('',(#2621),#2625);
#2621 = LINE('',#2622,#2623);
#2622 = CARTESIAN_POINT('',(0.,3.3E+03));
#2623 = VECTOR('',#2624,1.);
#2624 = DIRECTION('',(1.,0.));
#2625 = ( GEOMETRIC_REPRESENTATION_CONTEXT(2) 
PARAMETRIC_REPRESENTATION_CONTEXT() REPRESENTATION_CONTEXT('2D SPACE',''
  ) );
#2626 = ORIENTED_EDGE('',*,*,#2627,.T.);
#2627 = EDGE_CURVE('',#2598,#2628,#2630,.T.);
#2628 = VERTEX_POINT('',#2629);
#2629 = CARTESIAN_POINT('',(1.65E+03,1.065E+03,2.21E+03));
#2630 = SURFACE_CURVE('',#2631,(#2635,#2642),.PCURVE_S1.);
#2631 = LINE('',#2632,#2633);
#2632 = CARTESIAN_POINT('',(1.65E+03,985.,2.21E+03));
#2633 = VECTOR('',#2634,1.);
#2634 = DIRECTION('',(0.,1.,0.));
#2635 = PCURVE('',#2608,#2636);
#2636 = DEFINITIONAL_REPRESENTATION('',(#2637),#2641);
#2637 = LINE('',#2638,#2639);
#2638 = CARTESIAN_POINT('',(0.,0.));
#2639 = VECTOR('',#2640,1.);
#2640 = DIRECTION('',(0.,-1.));
#2641 = ( GEOMETRIC_REPRESENTATION_CONTEXT(2) 
PARAMETRIC_REPRESENTATION_CONTEXT() REPRESENTATION_CONTEXT('2D SPACE',''
  ) );
#2642 = PCURVE('',#2528,#2643);
#2643 = DEFINITIONAL_REPRESENTATION('',(#2644),#2648);
#2644 = LINE('',#2645,#2646);
#2645 = CARTESIAN_POINT('',(3.3E+03,0.));
#2646 = VECTOR('',#2647,1.);
#2647 = DIRECTION('',(0.,1.));
#2648 = ( GEOMETRIC_REPRESENTATION_CONTEXT(2) 
PARAMETRIC_REPRESENTATION_CONTEXT() REPRESENTATION_CONTEXT('2D SPACE',''
  ) );
#2649 = ORIENTED_EDGE('',*,*,#2650,.T.);
#2650 = EDGE_CURVE('',#2628,#2651,#2653,.T.);
#2651 = VERTEX_POINT('',#2652);
#2652 = CARTESIAN_POINT('',(1.65E+03,1.065E+03,2.29E+03));
#2653 = SURFACE_CURVE('',#2654,(#2658,#2665),.PCURVE_S1.);
#2654 = LINE('',#2655,#2656);
#2655 = CARTESIAN_POINT('',(1.65E+03,1.065E+03,2.21E+03));
#2656 = VECTOR('',#2657,1.);
#2657 = DIRECTION('',(0.,0.,1.));
#2658 = PCURVE('',#2608,#2659);
#2659 = DEFINITIONAL_REPRESENTATION('',(#2660),#2664);
#2660 = LINE('',#2661,#2662);
#2661 = CARTESIAN_POINT('',(0.,-80.));
#2662 = VECTOR('',#2663,1.);
#2663 = DIRECTION('',(1.,0.));
#2664 = ( GEOMETRIC_REPRESENTATION_CONTEXT(2) 
PARAMETRIC_REPRESENTATION_CONTEXT() REPRESENTATION_CONTEXT('2D SPACE',''
  ) );
#2665 = PCURVE('',#2556,#2666);
#2666 = DEFINITIONAL_REPRESENTATION('',(#2667),#2671);
#2667 = LINE('',#2668,#2669);
#2668 = CARTESIAN_POINT('',(0.,3.3E+03));
#2669 = VECTOR('',#2670,1.);
#2670 = DIRECTION('',(1.,0.));
#2671 = ( GEOMETRIC_REPRESENTATION_CONTEXT(2) 
PARAMETRIC_REPRESENTATION_CONTEXT() REPRESENTATION_CONTEXT('2D SPACE',''
  ) );
#2672 = ORIENTED_EDGE('',*,*,#2673,.F.);
#2673 = EDGE_CURVE('',#2600,#2651,#2674,.T.);
#2674 = SURFACE_CURVE('',#2675,(#2679,#2686),.PCURVE_S1.);
#2675 = LINE('',#2676,#2677);
#2676 = CARTESIAN_POINT('',(1.65E+03,985.,2.29E+03));
#2677 = VECTOR('',#2678,1.);
#2678 = DIRECTION('',(0.,1.,0.));
#2679 = PCURVE('',#2608,#2680);
#2680 = DEFINITIONAL_REPRESENTATION('',(#2681),#2685);
#2681 = LINE('',#2682,#2683);
#2682 = CARTESIAN_POINT('',(80.,0.));
#2683 = VECTOR('',#2684,1.);
#2684 = DIRECTION('',(0.,-1.));
#2685 = ( GEOMETRIC_REPRESENTATION_CONTEXT(2) 
PARAMETRIC_REPRESENTATION_CONTEXT() REPRESENTATION_CONTEXT('2D SPACE',''
  ) );
#2686 = PCURVE('',#2582,#2687);
#2687 = DEFINITIONAL_REPRESENTATION('',(#2688),#2692);
#2688 = LINE('',#2689,#2690);
#2689 = CARTESIAN_POINT('',(3.3E+03,0.));
#2690 = VECTOR('',#2691,1.);
#2691 = DIRECTION('',(0.,1.));
#2692 = ( GEOMETRIC_REPRESENTATION_CONTEXT(2) 
PARAMETRIC_REPRESENTATION_CONTEXT() REPRESENTATION_CONTEXT('2D SPACE',''
  ) );
#2693 = ADVANCED_FACE('',(#2694),#2500,.F.);
#2694 = FACE_BOUND('',#2695,.F.);
#2695 = EDGE_LOOP('',(#2696,#2717,#2718,#2739));
#2696 = ORIENTED_EDGE('',*,*,#2697,.F.);
#2697 = EDGE_CURVE('',#2478,#2598,#2698,.T.);
#2698 = SURFACE_CURVE('',#2699,(#2703,#2710),.PCURVE_S1.);
#2699 = LINE('',#2700,#2701);
#2700 = CARTESIAN_POINT('',(-1.65E+03,985.,2.21E+03));
#2701 = VECTOR('',#2702,1.);
#2702 = DIRECTION('',(1.,0.,0.));
#2703 = PCURVE('',#2500,#2704);
#2704 = DEFINITIONAL_REPRESENTATION('',(#2705),#2709);
#2705 = LINE('',#2706,#2707);
#2706 = CARTESIAN_POINT('',(0.,0.));
#2707 = VECTOR('',#2708,1.);
#2708 = DIRECTION('',(0.,1.));
#2709 = ( GEOMETRIC_REPRESENTATION_CONTEXT(2) 
PARAMETRIC_REPRESENTATION_CONTEXT() REPRESENTATION_CONTEXT('2D SPACE',''
  ) );
#2710 = PCURVE('',#2528,#2711);
#2711 = DEFINITIONAL_REPRESENTATION('',(#2712),#2716);
#2712 = LINE('',#2713,#2714);
#2713 = CARTESIAN_POINT('',(0.,0.));
#2714 = VECTOR('',#2715,1.);
#2715 = DIRECTION('',(1.,0.));
#2716 = ( GEOMETRIC_REPRESENTATION_CONTEXT(2) 
PARAMETRIC_REPRESENTATION_CONTEXT() REPRESENTATION_CONTEXT('2D SPACE',''
  ) );
#2717 = ORIENTED_EDGE('',*,*,#2477,.T.);
#2718 = ORIENTED_EDGE('',*,*,#2719,.T.);
#2719 = EDGE_CURVE('',#2480,#2600,#2720,.T.);
#2720 = SURFACE_CURVE('',#2721,(#2725,#2732),.PCURVE_S1.);
#2721 = LINE('',#2722,#2723);
#2722 = CARTESIAN_POINT('',(-1.65E+03,985.,2.29E+03));
#2723 = VECTOR('',#2724,1.);
#2724 = DIRECTION('',(1.,0.,0.));
#2725 = PCURVE('',#2500,#2726);
#2726 = DEFINITIONAL_REPRESENTATION('',(#2727),#2731);
#2727 = LINE('',#2728,#2729);
#2728 = CARTESIAN_POINT('',(80.,0.));
#2729 = VECTOR('',#2730,1.);
#2730 = DIRECTION('',(0.,1.));
#2731 = ( GEOMETRIC_REPRESENTATION_CONTEXT(2) 
PARAMETRIC_REPRESENTATION_CONTEXT() REPRESENTATION_CONTEXT('2D SPACE',''
  ) );
#2732 = PCURVE('',#2582,#2733);
#2733 = DEFINITIONAL_REPRESENTATION('',(#2734),#2738);
#2734 = LINE('',#2735,#2736);
#2735 = CARTESIAN_POINT('',(0.,0.));
#2736 = VECTOR('',#2737,1.);
#2737 = DIRECTION('',(1.,0.));
#2738 = ( GEOMETRIC_REPRESENTATION_CONTEXT(2) 
PARAMETRIC_REPRESENTATION_CONTEXT() REPRESENTATION_CONTEXT('2D SPACE',''
  ) );
#2739 = ORIENTED_EDGE('',*,*,#2597,.F.);
#2740 = ADVANCED_FACE('',(#2741),#2556,.T.);
#2741 = FACE_BOUND('',#2742,.T.);
#2742 = EDGE_LOOP('',(#2743,#2764,#2765,#2786));
#2743 = ORIENTED_EDGE('',*,*,#2744,.F.);
#2744 = EDGE_CURVE('',#2513,#2628,#2745,.T.);
#2745 = SURFACE_CURVE('',#2746,(#2750,#2757),.PCURVE_S1.);
#2746 = LINE('',#2747,#2748);
#2747 = CARTESIAN_POINT('',(-1.65E+03,1.065E+03,2.21E+03));
#2748 = VECTOR('',#2749,1.);
#2749 = DIRECTION('',(1.,0.,0.));
#2750 = PCURVE('',#2556,#2751);
#2751 = DEFINITIONAL_REPRESENTATION('',(#2752),#2756);
#2752 = LINE('',#2753,#2754);
#2753 = CARTESIAN_POINT('',(0.,0.));
#2754 = VECTOR('',#2755,1.);
#2755 = DIRECTION('',(0.,1.));
#2756 = ( GEOMETRIC_REPRESENTATION_CONTEXT(2) 
PARAMETRIC_REPRESENTATION_CONTEXT() REPRESENTATION_CONTEXT('2D SPACE',''
  ) );
#2757 = PCURVE('',#2528,#2758);
#2758 = DEFINITIONAL_REPRESENTATION('',(#2759),#2763);
#2759 = LINE('',#2760,#2761);
#2760 = CARTESIAN_POINT('',(0.,80.));
#2761 = VECTOR('',#2762,1.);
#2762 = DIRECTION('',(1.,0.));
#2763 = ( GEOMETRIC_REPRESENTATION_CONTEXT(2) 
PARAMETRIC_REPRESENTATION_CONTEXT() REPRESENTATION_CONTEXT('2D SPACE',''
  ) );
#2764 = ORIENTED_EDGE('',*,*,#2540,.T.);
#2765 = ORIENTED_EDGE('',*,*,#2766,.T.);
#2766 = EDGE_CURVE('',#2541,#2651,#2767,.T.);
#2767 = SURFACE_CURVE('',#2768,(#2772,#2779),.PCURVE_S1.);
#2768 = LINE('',#2769,#2770);
#2769 = CARTESIAN_POINT('',(-1.65E+03,1.065E+03,2.29E+03));
#2770 = VECTOR('',#2771,1.);
#2771 = DIRECTION('',(1.,0.,0.));
#2772 = PCURVE('',#2556,#2773);
#2773 = DEFINITIONAL_REPRESENTATION('',(#2774),#2778);
#2774 = LINE('',#2775,#2776);
#2775 = CARTESIAN_POINT('',(80.,0.));
#2776 = VECTOR('',#2777,1.);
#2777 = DIRECTION('',(0.,1.));
#2778 = ( GEOMETRIC_REPRESENTATION_CONTEXT(2) 
PARAMETRIC_REPRESENTATION_CONTEXT() REPRESENTATION_CONTEXT('2D SPACE',''
  ) );
#2779 = PCURVE('',#2582,#2780);
#2780 = DEFINITIONAL_REPRESENTATION('',(#2781),#2785);
#2781 = LINE('',#2782,#2783);
#2782 = CARTESIAN_POINT('',(0.,80.));
#2783 = VECTOR('',#2784,1.);
#2784 = DIRECTION('',(1.,0.));
#2785 = ( GEOMETRIC_REPRESENTATION_CONTEXT(2) 
PARAMETRIC_REPRESENTATION_CONTEXT() REPRESENTATION_CONTEXT('2D SPACE',''
  ) );
#2786 = ORIENTED_EDGE('',*,*,#2650,.F.);
#2787 = ADVANCED_FACE('',(#2788),#2528,.F.);
#2788 = FACE_BOUND('',#2789,.F.);
#2789 = EDGE_LOOP('',(#2790,#2791,#2792,#2793));
#2790 = ORIENTED_EDGE('',*,*,#2512,.F.);
#2791 = ORIENTED_EDGE('',*,*,#2697,.T.);
#2792 = ORIENTED_EDGE('',*,*,#2627,.T.);
#2793 = ORIENTED_EDGE('',*,*,#2744,.F.);
#2794 = ADVANCED_FACE('',(#2795),#2582,.T.);
#2795 = FACE_BOUND('',#2796,.T.);
#2796 = EDGE_LOOP('',(#2797,#2798,#2799,#2800));
#2797 = ORIENTED_EDGE('',*,*,#2568,.F.);
#2798 = ORIENTED_EDGE('',*,*,#2719,.T.);
#2799 = ORIENTED_EDGE('',*,*,#2673,.T.);
#2800 = ORIENTED_EDGE('',*,*,#2766,.F.);
#2801 = ( GEOMETRIC_REPRESENTATION_CONTEXT(3) 
GLOBAL_UNCERTAINTY_ASSIGNED_CONTEXT((#2805)) 
GLOBAL_UNIT_ASSIGNED_CONTEXT((#2802,#2803,#2804)) REPRESENTATION_CONTEXT
('Context #1','3D Context with UNIT and UNCERTAINTY') );
#2802 = ( LENGTH_UNIT() NAMED_UNIT(*) SI_UNIT(.MILLI.,.METRE.) );
#2803 = ( NAMED_UNIT(*) PLANE_ANGLE_UNIT() SI_UNIT($,.RADIAN.) );
#2804 = ( NAMED_UNIT(*) SI_UNIT($,.STERADIAN.) SOLID_ANGLE_UNIT() );
#2805 = UNCERTAINTY_MEASURE_WITH_UNIT(LENGTH_MEASURE(1.E-07),#2802,
  'distance_accuracy_value','confusion accuracy');
#2806 = CONTEXT_DEPENDENT_SHAPE_REPRESENTATION(#2807,#2809);
#2807 = ( REPRESENTATION_RELATIONSHIP('','',#2470,#10) 
REPRESENTATION_RELATIONSHIP_WITH_TRANSFORMATION(#2808) 
SHAPE_REPRESENTATION_RELATIONSHIP() );
#2808 = ITEM_DEFINED_TRANSFORMATION('','',#11,#39);
#2809 = PRODUCT_DEFINITION_SHAPE('Placement','Placement of an item',
  #2810);
#2810 = NEXT_ASSEMBLY_USAGE_OCCURRENCE('7','X_Frame_2','',#5,#2465,$);
#2811 = PRODUCT_RELATED_PRODUCT_CATEGORY('part',$,(#2467));
#2812 = SHAPE_DEFINITION_REPRESENTATION(#2813,#2819);
#2813 = PRODUCT_DEFINITION_SHAPE('','',#2814);
#2814 = PRODUCT_DEFINITION('design','',#2815,#2818);
#2815 = PRODUCT_DEFINITION_FORMATION('','',#2816);
#2816 = PRODUCT('Y_Frame_1','Y_Frame_1','',(#2817));
#2817 = PRODUCT_CONTEXT('',#2,'mechanical');
#2818 = PRODUCT_DEFINITION_CONTEXT('part definition',#2,'design');
#2819 = ADVANCED_BREP_SHAPE_REPRESENTATION('',(#11,#2820),#3150);
#2820 = MANIFOLD_SOLID_BREP('',#2821);
#2821 = CLOSED_SHELL('',(#2822,#2942,#3042,#3089,#3136,#3143));
#2822 = ADVANCED_FACE('',(#2823),#2837,.F.);
#2823 = FACE_BOUND('',#2824,.F.);
#2824 = EDGE_LOOP('',(#2825,#2860,#2888,#2916));
#2825 = ORIENTED_EDGE('',*,*,#2826,.F.);
#2826 = EDGE_CURVE('',#2827,#2829,#2831,.T.);
#2827 = VERTEX_POINT('',#2828);
#2828 = CARTESIAN_POINT('',(-1.69E+03,-1.025E+03,2.21E+03));
#2829 = VERTEX_POINT('',#2830);
#2830 = CARTESIAN_POINT('',(-1.69E+03,-1.025E+03,2.29E+03));
#2831 = SURFACE_CURVE('',#2832,(#2836,#2848),.PCURVE_S1.);
#2832 = LINE('',#2833,#2834);
#2833 = CARTESIAN_POINT('',(-1.69E+03,-1.025E+03,2.21E+03));
#2834 = VECTOR('',#2835,1.);
#2835 = DIRECTION('',(0.,0.,1.));
#2836 = PCURVE('',#2837,#2842);
#2837 = PLANE('',#2838);
#2838 = AXIS2_PLACEMENT_3D('',#2839,#2840,#2841);
#2839 = CARTESIAN_POINT('',(-1.69E+03,-1.025E+03,2.21E+03));
#2840 = DIRECTION('',(1.,0.,0.));
#2841 = DIRECTION('',(0.,0.,1.));
#2842 = DEFINITIONAL_REPRESENTATION('',(#2843),#2847);
#2843 = LINE('',#2844,#2845);
#2844 = CARTESIAN_POINT('',(0.,0.));
#2845 = VECTOR('',#2846,1.);
#2846 = DIRECTION('',(1.,0.));
#2847 = ( GEOMETRIC_REPRESENTATION_CONTEXT(2) 
PARAMETRIC_REPRESENTATION_CONTEXT() REPRESENTATION_CONTEXT('2D SPACE',''
  ) );
#2848 = PCURVE('',#2849,#2854);
#2849 = PLANE('',#2850);
#2850 = AXIS2_PLACEMENT_3D('',#2851,#2852,#2853);
#2851 = CARTESIAN_POINT('',(-1.69E+03,-1.025E+03,2.21E+03));
#2852 = DIRECTION('',(0.,1.,0.));
#2853 = DIRECTION('',(0.,0.,1.));
#2854 = DEFINITIONAL_REPRESENTATION('',(#2855),#2859);
#2855 = LINE('',#2856,#2857);
#2856 = CARTESIAN_POINT('',(0.,0.));
#2857 = VECTOR('',#2858,1.);
#2858 = DIRECTION('',(1.,0.));
#2859 = ( GEOMETRIC_REPRESENTATION_CONTEXT(2) 
PARAMETRIC_REPRESENTATION_CONTEXT() REPRESENTATION_CONTEXT('2D SPACE',''
  ) );
#2860 = ORIENTED_EDGE('',*,*,#2861,.T.);
#2861 = EDGE_CURVE('',#2827,#2862,#2864,.T.);
#2862 = VERTEX_POINT('',#2863);
#2863 = CARTESIAN_POINT('',(-1.69E+03,1.025E+03,2.21E+03));
#2864 = SURFACE_CURVE('',#2865,(#2869,#2876),.PCURVE_S1.);
#2865 = LINE('',#2866,#2867);
#2866 = CARTESIAN_POINT('',(-1.69E+03,-1.025E+03,2.21E+03));
#2867 = VECTOR('',#2868,1.);
#2868 = DIRECTION('',(0.,1.,0.));
#2869 = PCURVE('',#2837,#2870);
#2870 = DEFINITIONAL_REPRESENTATION('',(#2871),#2875);
#2871 = LINE('',#2872,#2873);
#2872 = CARTESIAN_POINT('',(0.,0.));
#2873 = VECTOR('',#2874,1.);
#2874 = DIRECTION('',(0.,-1.));
#2875 = ( GEOMETRIC_REPRESENTATION_CONTEXT(2) 
PARAMETRIC_REPRESENTATION_CONTEXT() REPRESENTATION_CONTEXT('2D SPACE',''
  ) );
#2876 = PCURVE('',#2877,#2882);
#2877 = PLANE('',#2878);
#2878 = AXIS2_PLACEMENT_3D('',#2879,#2880,#2881);
#2879 = CARTESIAN_POINT('',(-1.69E+03,-1.025E+03,2.21E+03));
#2880 = DIRECTION('',(0.,0.,1.));
#2881 = DIRECTION('',(1.,0.,0.));
#2882 = DEFINITIONAL_REPRESENTATION('',(#2883),#2887);
#2883 = LINE('',#2884,#2885);
#2884 = CARTESIAN_POINT('',(0.,0.));
#2885 = VECTOR('',#2886,1.);
#2886 = DIRECTION('',(0.,1.));
#2887 = ( GEOMETRIC_REPRESENTATION_CONTEXT(2) 
PARAMETRIC_REPRESENTATION_CONTEXT() REPRESENTATION_CONTEXT('2D SPACE',''
  ) );
#2888 = ORIENTED_EDGE('',*,*,#2889,.T.);
#2889 = EDGE_CURVE('',#2862,#2890,#2892,.T.);
#2890 = VERTEX_POINT('',#2891);
#2891 = CARTESIAN_POINT('',(-1.69E+03,1.025E+03,2.29E+03));
#2892 = SURFACE_CURVE('',#2893,(#2897,#2904),.PCURVE_S1.);
#2893 = LINE('',#2894,#2895);
#2894 = CARTESIAN_POINT('',(-1.69E+03,1.025E+03,2.21E+03));
#2895 = VECTOR('',#2896,1.);
#2896 = DIRECTION('',(0.,0.,1.));
#2897 = PCURVE('',#2837,#2898);
#2898 = DEFINITIONAL_REPRESENTATION('',(#2899),#2903);
#2899 = LINE('',#2900,#2901);
#2900 = CARTESIAN_POINT('',(0.,-2.05E+03));
#2901 = VECTOR('',#2902,1.);
#2902 = DIRECTION('',(1.,0.));
#2903 = ( GEOMETRIC_REPRESENTATION_CONTEXT(2) 
PARAMETRIC_REPRESENTATION_CONTEXT() REPRESENTATION_CONTEXT('2D SPACE',''
  ) );
#2904 = PCURVE('',#2905,#2910);
#2905 = PLANE('',#2906);
#2906 = AXIS2_PLACEMENT_3D('',#2907,#2908,#2909);
#2907 = CARTESIAN_POINT('',(-1.69E+03,1.025E+03,2.21E+03));
#2908 = DIRECTION('',(0.,1.,0.));
#2909 = DIRECTION('',(0.,0.,1.));
#2910 = DEFINITIONAL_REPRESENTATION('',(#2911),#2915);
#2911 = LINE('',#2912,#2913);
#2912 = CARTESIAN_POINT('',(0.,0.));
#2913 = VECTOR('',#2914,1.);
#2914 = DIRECTION('',(1.,0.));
#2915 = ( GEOMETRIC_REPRESENTATION_CONTEXT(2) 
PARAMETRIC_REPRESENTATION_CONTEXT() REPRESENTATION_CONTEXT('2D SPACE',''
  ) );
#2916 = ORIENTED_EDGE('',*,*,#2917,.F.);
#2917 = EDGE_CURVE('',#2829,#2890,#2918,.T.);
#2918 = SURFACE_CURVE('',#2919,(#2923,#2930),.PCURVE_S1.);
#2919 = LINE('',#2920,#2921);
#2920 = CARTESIAN_POINT('',(-1.69E+03,-1.025E+03,2.29E+03));
#2921 = VECTOR('',#2922,1.);
#2922 = DIRECTION('',(0.,1.,0.));
#2923 = PCURVE('',#2837,#2924);
#2924 = DEFINITIONAL_REPRESENTATION('',(#2925),#2929);
#2925 = LINE('',#2926,#2927);
#2926 = CARTESIAN_POINT('',(80.,0.));
#2927 = VECTOR('',#2928,1.);
#2928 = DIRECTION('',(0.,-1.));
#2929 = ( GEOMETRIC_REPRESENTATION_CONTEXT(2) 
PARAMETRIC_REPRESENTATION_CONTEXT() REPRESENTATION_CONTEXT('2D SPACE',''
  ) );
#2930 = PCURVE('',#2931,#2936);
#2931 = PLANE('',#2932);
#2932 = AXIS2_PLACEMENT_3D('',#2933,#2934,#2935);
#2933 = CARTESIAN_POINT('',(-1.69E+03,-1.025E+03,2.29E+03));
#2934 = DIRECTION('',(0.,0.,1.));
#2935 = DIRECTION('',(1.,0.,0.));
#2936 = DEFINITIONAL_REPRESENTATION('',(#2937),#2941);
#2937 = LINE('',#2938,#2939);
#2938 = CARTESIAN_POINT('',(0.,0.));
#2939 = VECTOR('',#2940,1.);
#2940 = DIRECTION('',(0.,1.));
#2941 = ( GEOMETRIC_REPRESENTATION_CONTEXT(2) 
PARAMETRIC_REPRESENTATION_CONTEXT() REPRESENTATION_CONTEXT('2D SPACE',''
  ) );
#2942 = ADVANCED_FACE('',(#2943),#2957,.T.);
#2943 = FACE_BOUND('',#2944,.T.);
#2944 = EDGE_LOOP('',(#2945,#2975,#2998,#3021));
#2945 = ORIENTED_EDGE('',*,*,#2946,.F.);
#2946 = EDGE_CURVE('',#2947,#2949,#2951,.T.);
#2947 = VERTEX_POINT('',#2948);
#2948 = CARTESIAN_POINT('',(-1.61E+03,-1.025E+03,2.21E+03));
#2949 = VERTEX_POINT('',#2950);
#2950 = CARTESIAN_POINT('',(-1.61E+03,-1.025E+03,2.29E+03));
#2951 = SURFACE_CURVE('',#2952,(#2956,#2968),.PCURVE_S1.);
#2952 = LINE('',#2953,#2954);
#2953 = CARTESIAN_POINT('',(-1.61E+03,-1.025E+03,2.21E+03));
#2954 = VECTOR('',#2955,1.);
#2955 = DIRECTION('',(0.,0.,1.));
#2956 = PCURVE('',#2957,#2962);
#2957 = PLANE('',#2958);
#2958 = AXIS2_PLACEMENT_3D('',#2959,#2960,#2961);
#2959 = CARTESIAN_POINT('',(-1.61E+03,-1.025E+03,2.21E+03));
#2960 = DIRECTION('',(1.,0.,0.));
#2961 = DIRECTION('',(0.,0.,1.));
#2962 = DEFINITIONAL_REPRESENTATION('',(#2963),#2967);
#2963 = LINE('',#2964,#2965);
#2964 = CARTESIAN_POINT('',(0.,0.));
#2965 = VECTOR('',#2966,1.);
#2966 = DIRECTION('',(1.,0.));
#2967 = ( GEOMETRIC_REPRESENTATION_CONTEXT(2) 
PARAMETRIC_REPRESENTATION_CONTEXT() REPRESENTATION_CONTEXT('2D SPACE',''
  ) );
#2968 = PCURVE('',#2849,#2969);
#2969 = DEFINITIONAL_REPRESENTATION('',(#2970),#2974);
#2970 = LINE('',#2971,#2972);
#2971 = CARTESIAN_POINT('',(0.,80.));
#2972 = VECTOR('',#2973,1.);
#2973 = DIRECTION('',(1.,0.));
#2974 = ( GEOMETRIC_REPRESENTATION_CONTEXT(2) 
PARAMETRIC_REPRESENTATION_CONTEXT() REPRESENTATION_CONTEXT('2D SPACE',''
  ) );
#2975 = ORIENTED_EDGE('',*,*,#2976,.T.);
#2976 = EDGE_CURVE('',#2947,#2977,#2979,.T.);
#2977 = VERTEX_POINT('',#2978);
#2978 = CARTESIAN_POINT('',(-1.61E+03,1.025E+03,2.21E+03));
#2979 = SURFACE_CURVE('',#2980,(#2984,#2991),.PCURVE_S1.);
#2980 = LINE('',#2981,#2982);
#2981 = CARTESIAN_POINT('',(-1.61E+03,-1.025E+03,2.21E+03));
#2982 = VECTOR('',#2983,1.);
#2983 = DIRECTION('',(0.,1.,0.));
#2984 = PCURVE('',#2957,#2985);
#2985 = DEFINITIONAL_REPRESENTATION('',(#2986),#2990);
#2986 = LINE('',#2987,#2988);
#2987 = CARTESIAN_POINT('',(0.,0.));
#2988 = VECTOR('',#2989,1.);
#2989 = DIRECTION('',(0.,-1.));
#2990 = ( GEOMETRIC_REPRESENTATION_CONTEXT(2) 
PARAMETRIC_REPRESENTATION_CONTEXT() REPRESENTATION_CONTEXT('2D SPACE',''
  ) );
#2991 = PCURVE('',#2877,#2992);
#2992 = DEFINITIONAL_REPRESENTATION('',(#2993),#2997);
#2993 = LINE('',#2994,#2995);
#2994 = CARTESIAN_POINT('',(80.,0.));
#2995 = VECTOR('',#2996,1.);
#2996 = DIRECTION('',(0.,1.));
#2997 = ( GEOMETRIC_REPRESENTATION_CONTEXT(2) 
PARAMETRIC_REPRESENTATION_CONTEXT() REPRESENTATION_CONTEXT('2D SPACE',''
  ) );
#2998 = ORIENTED_EDGE('',*,*,#2999,.T.);
#2999 = EDGE_CURVE('',#2977,#3000,#3002,.T.);
#3000 = VERTEX_POINT('',#3001);
#3001 = CARTESIAN_POINT('',(-1.61E+03,1.025E+03,2.29E+03));
#3002 = SURFACE_CURVE('',#3003,(#3007,#3014),.PCURVE_S1.);
#3003 = LINE('',#3004,#3005);
#3004 = CARTESIAN_POINT('',(-1.61E+03,1.025E+03,2.21E+03));
#3005 = VECTOR('',#3006,1.);
#3006 = DIRECTION('',(0.,0.,1.));
#3007 = PCURVE('',#2957,#3008);
#3008 = DEFINITIONAL_REPRESENTATION('',(#3009),#3013);
#3009 = LINE('',#3010,#3011);
#3010 = CARTESIAN_POINT('',(0.,-2.05E+03));
#3011 = VECTOR('',#3012,1.);
#3012 = DIRECTION('',(1.,0.));
#3013 = ( GEOMETRIC_REPRESENTATION_CONTEXT(2) 
PARAMETRIC_REPRESENTATION_CONTEXT() REPRESENTATION_CONTEXT('2D SPACE',''
  ) );
#3014 = PCURVE('',#2905,#3015);
#3015 = DEFINITIONAL_REPRESENTATION('',(#3016),#3020);
#3016 = LINE('',#3017,#3018);
#3017 = CARTESIAN_POINT('',(0.,80.));
#3018 = VECTOR('',#3019,1.);
#3019 = DIRECTION('',(1.,0.));
#3020 = ( GEOMETRIC_REPRESENTATION_CONTEXT(2) 
PARAMETRIC_REPRESENTATION_CONTEXT() REPRESENTATION_CONTEXT('2D SPACE',''
  ) );
#3021 = ORIENTED_EDGE('',*,*,#3022,.F.);
#3022 = EDGE_CURVE('',#2949,#3000,#3023,.T.);
#3023 = SURFACE_CURVE('',#3024,(#3028,#3035),.PCURVE_S1.);
#3024 = LINE('',#3025,#3026);
#3025 = CARTESIAN_POINT('',(-1.61E+03,-1.025E+03,2.29E+03));
#3026 = VECTOR('',#3027,1.);
#3027 = DIRECTION('',(0.,1.,0.));
#3028 = PCURVE('',#2957,#3029);
#3029 = DEFINITIONAL_REPRESENTATION('',(#3030),#3034);
#3030 = LINE('',#3031,#3032);
#3031 = CARTESIAN_POINT('',(80.,0.));
#3032 = VECTOR('',#3033,1.);
#3033 = DIRECTION('',(0.,-1.));
#3034 = ( GEOMETRIC_REPRESENTATION_CONTEXT(2) 
PARAMETRIC_REPRESENTATION_CONTEXT() REPRESENTATION_CONTEXT('2D SPACE',''
  ) );
#3035 = PCURVE('',#2931,#3036);
#3036 = DEFINITIONAL_REPRESENTATION('',(#3037),#3041);
#3037 = LINE('',#3038,#3039);
#3038 = CARTESIAN_POINT('',(80.,0.));
#3039 = VECTOR('',#3040,1.);
#3040 = DIRECTION('',(0.,1.));
#3041 = ( GEOMETRIC_REPRESENTATION_CONTEXT(2) 
PARAMETRIC_REPRESENTATION_CONTEXT() REPRESENTATION_CONTEXT('2D SPACE',''
  ) );
#3042 = ADVANCED_FACE('',(#3043),#2849,.F.);
#3043 = FACE_BOUND('',#3044,.F.);
#3044 = EDGE_LOOP('',(#3045,#3066,#3067,#3088));
#3045 = ORIENTED_EDGE('',*,*,#3046,.F.);
#3046 = EDGE_CURVE('',#2827,#2947,#3047,.T.);
#3047 = SURFACE_CURVE('',#3048,(#3052,#3059),.PCURVE_S1.);
#3048 = LINE('',#3049,#3050);
#3049 = CARTESIAN_POINT('',(-1.69E+03,-1.025E+03,2.21E+03));
#3050 = VECTOR('',#3051,1.);
#3051 = DIRECTION('',(1.,0.,0.));
#3052 = PCURVE('',#2849,#3053);
#3053 = DEFINITIONAL_REPRESENTATION('',(#3054),#3058);
#3054 = LINE('',#3055,#3056);
#3055 = CARTESIAN_POINT('',(0.,0.));
#3056 = VECTOR('',#3057,1.);
#3057 = DIRECTION('',(0.,1.));
#3058 = ( GEOMETRIC_REPRESENTATION_CONTEXT(2) 
PARAMETRIC_REPRESENTATION_CONTEXT() REPRESENTATION_CONTEXT('2D SPACE',''
  ) );
#3059 = PCURVE('',#2877,#3060);
#3060 = DEFINITIONAL_REPRESENTATION('',(#3061),#3065);
#3061 = LINE('',#3062,#3063);
#3062 = CARTESIAN_POINT('',(0.,0.));
#3063 = VECTOR('',#3064,1.);
#3064 = DIRECTION('',(1.,0.));
#3065 = ( GEOMETRIC_REPRESENTATION_CONTEXT(2) 
PARAMETRIC_REPRESENTATION_CONTEXT() REPRESENTATION_CONTEXT('2D SPACE',''
  ) );
#3066 = ORIENTED_EDGE('',*,*,#2826,.T.);
#3067 = ORIENTED_EDGE('',*,*,#3068,.T.);
#3068 = EDGE_CURVE('',#2829,#2949,#3069,.T.);
#3069 = SURFACE_CURVE('',#3070,(#3074,#3081),.PCURVE_S1.);
#3070 = LINE('',#3071,#3072);
#3071 = CARTESIAN_POINT('',(-1.69E+03,-1.025E+03,2.29E+03));
#3072 = VECTOR('',#3073,1.);
#3073 = DIRECTION('',(1.,0.,0.));
#3074 = PCURVE('',#2849,#3075);
#3075 = DEFINITIONAL_REPRESENTATION('',(#3076),#3080);
#3076 = LINE('',#3077,#3078);
#3077 = CARTESIAN_POINT('',(80.,0.));
#3078 = VECTOR('',#3079,1.);
#3079 = DIRECTION('',(0.,1.));
#3080 = ( GEOMETRIC_REPRESENTATION_CONTEXT(2) 
PARAMETRIC_REPRESENTATION_CONTEXT() REPRESENTATION_CONTEXT('2D SPACE',''
  ) );
#3081 = PCURVE('',#2931,#3082);
#3082 = DEFINITIONAL_REPRESENTATION('',(#3083),#3087);
#3083 = LINE('',#3084,#3085);
#3084 = CARTESIAN_POINT('',(0.,0.));
#3085 = VECTOR('',#3086,1.);
#3086 = DIRECTION('',(1.,0.));
#3087 = ( GEOMETRIC_REPRESENTATION_CONTEXT(2) 
PARAMETRIC_REPRESENTATION_CONTEXT() REPRESENTATION_CONTEXT('2D SPACE',''
  ) );
#3088 = ORIENTED_EDGE('',*,*,#2946,.F.);
#3089 = ADVANCED_FACE('',(#3090),#2905,.T.);
#3090 = FACE_BOUND('',#3091,.T.);
#3091 = EDGE_LOOP('',(#3092,#3113,#3114,#3135));
#3092 = ORIENTED_EDGE('',*,*,#3093,.F.);
#3093 = EDGE_CURVE('',#2862,#2977,#3094,.T.);
#3094 = SURFACE_CURVE('',#3095,(#3099,#3106),.PCURVE_S1.);
#3095 = LINE('',#3096,#3097);
#3096 = CARTESIAN_POINT('',(-1.69E+03,1.025E+03,2.21E+03));
#3097 = VECTOR('',#3098,1.);
#3098 = DIRECTION('',(1.,0.,0.));
#3099 = PCURVE('',#2905,#3100);
#3100 = DEFINITIONAL_REPRESENTATION('',(#3101),#3105);
#3101 = LINE('',#3102,#3103);
#3102 = CARTESIAN_POINT('',(0.,0.));
#3103 = VECTOR('',#3104,1.);
#3104 = DIRECTION('',(0.,1.));
#3105 = ( GEOMETRIC_REPRESENTATION_CONTEXT(2) 
PARAMETRIC_REPRESENTATION_CONTEXT() REPRESENTATION_CONTEXT('2D SPACE',''
  ) );
#3106 = PCURVE('',#2877,#3107);
#3107 = DEFINITIONAL_REPRESENTATION('',(#3108),#3112);
#3108 = LINE('',#3109,#3110);
#3109 = CARTESIAN_POINT('',(0.,2.05E+03));
#3110 = VECTOR('',#3111,1.);
#3111 = DIRECTION('',(1.,0.));
#3112 = ( GEOMETRIC_REPRESENTATION_CONTEXT(2) 
PARAMETRIC_REPRESENTATION_CONTEXT() REPRESENTATION_CONTEXT('2D SPACE',''
  ) );
#3113 = ORIENTED_EDGE('',*,*,#2889,.T.);
#3114 = ORIENTED_EDGE('',*,*,#3115,.T.);
#3115 = EDGE_CURVE('',#2890,#3000,#3116,.T.);
#3116 = SURFACE_CURVE('',#3117,(#3121,#3128),.PCURVE_S1.);
#3117 = LINE('',#3118,#3119);
#3118 = CARTESIAN_POINT('',(-1.69E+03,1.025E+03,2.29E+03));
#3119 = VECTOR('',#3120,1.);
#3120 = DIRECTION('',(1.,0.,0.));
#3121 = PCURVE('',#2905,#3122);
#3122 = DEFINITIONAL_REPRESENTATION('',(#3123),#3127);
#3123 = LINE('',#3124,#3125);
#3124 = CARTESIAN_POINT('',(80.,0.));
#3125 = VECTOR('',#3126,1.);
#3126 = DIRECTION('',(0.,1.));
#3127 = ( GEOMETRIC_REPRESENTATION_CONTEXT(2) 
PARAMETRIC_REPRESENTATION_CONTEXT() REPRESENTATION_CONTEXT('2D SPACE',''
  ) );
#3128 = PCURVE('',#2931,#3129);
#3129 = DEFINITIONAL_REPRESENTATION('',(#3130),#3134);
#3130 = LINE('',#3131,#3132);
#3131 = CARTESIAN_POINT('',(0.,2.05E+03));
#3132 = VECTOR('',#3133,1.);
#3133 = DIRECTION('',(1.,0.));
#3134 = ( GEOMETRIC_REPRESENTATION_CONTEXT(2) 
PARAMETRIC_REPRESENTATION_CONTEXT() REPRESENTATION_CONTEXT('2D SPACE',''
  ) );
#3135 = ORIENTED_EDGE('',*,*,#2999,.F.);
#3136 = ADVANCED_FACE('',(#3137),#2877,.F.);
#3137 = FACE_BOUND('',#3138,.F.);
#3138 = EDGE_LOOP('',(#3139,#3140,#3141,#3142));
#3139 = ORIENTED_EDGE('',*,*,#2861,.F.);
#3140 = ORIENTED_EDGE('',*,*,#3046,.T.);
#3141 = ORIENTED_EDGE('',*,*,#2976,.T.);
#3142 = ORIENTED_EDGE('',*,*,#3093,.F.);
#3143 = ADVANCED_FACE('',(#3144),#2931,.T.);
#3144 = FACE_BOUND('',#3145,.T.);
#3145 = EDGE_LOOP('',(#3146,#3147,#3148,#3149));
#3146 = ORIENTED_EDGE('',*,*,#2917,.F.);
#3147 = ORIENTED_EDGE('',*,*,#3068,.T.);
#3148 = ORIENTED_EDGE('',*,*,#3022,.T.);
#3149 = ORIENTED_EDGE('',*,*,#3115,.F.);
#3150 = ( GEOMETRIC_REPRESENTATION_CONTEXT(3) 
GLOBAL_UNCERTAINTY_ASSIGNED_CONTEXT((#3154)) 
GLOBAL_UNIT_ASSIGNED_CONTEXT((#3151,#3152,#3153)) REPRESENTATION_CONTEXT
('Context #1','3D Context with UNIT and UNCERTAINTY') );
#3151 = ( LENGTH_UNIT() NAMED_UNIT(*) SI_UNIT(.MILLI.,.METRE.) );
#3152 = ( NAMED_UNIT(*) PLANE_ANGLE_UNIT() SI_UNIT($,.RADIAN.) );
#3153 = ( NAMED_UNIT(*) SI_UNIT($,.STERADIAN.) SOLID_ANGLE_UNIT() );
#3154 = UNCERTAINTY_MEASURE_WITH_UNIT(LENGTH_MEASURE(1.E-07),#3151,
  'distance_accuracy_value','confusion accuracy');
#3155 = CONTEXT_DEPENDENT_SHAPE_REPRESENTATION(#3156,#3158);
#3156 = ( REPRESENTATION_RELATIONSHIP('','',#2819,#10) 
REPRESENTATION_RELATIONSHIP_WITH_TRANSFORMATION(#3157) 
SHAPE_REPRESENTATION_RELATIONSHIP() );
#3157 = ITEM_DEFINED_TRANSFORMATION('','',#11,#43);
#3158 = PRODUCT_DEFINITION_SHAPE('Placement','Placement of an item',
  #3159);
#3159 = NEXT_ASSEMBLY_USAGE_OCCURRENCE('8','Y_Frame_1','',#5,#2814,$);
#3160 = PRODUCT_RELATED_PRODUCT_CATEGORY('part',$,(#2816));
#3161 = SHAPE_DEFINITION_REPRESENTATION(#3162,#3168);
#3162 = PRODUCT_DEFINITION_SHAPE('','',#3163);
#3163 = PRODUCT_DEFINITION('design','',#3164,#3167);
#3164 = PRODUCT_DEFINITION_FORMATION('','',#3165);
#3165 = PRODUCT('Y_Frame_2','Y_Frame_2','',(#3166));
#3166 = PRODUCT_CONTEXT('',#2,'mechanical');
#3167 = PRODUCT_DEFINITION_CONTEXT('part definition',#2,'design');
#3168 = ADVANCED_BREP_SHAPE_REPRESENTATION('',(#11,#3169),#3499);
#3169 = MANIFOLD_SOLID_BREP('',#3170);
#3170 = CLOSED_SHELL('',(#3171,#3291,#3391,#3438,#3485,#3492));
#3171 = ADVANCED_FACE('',(#3172),#3186,.F.);
#3172 = FACE_BOUND('',#3173,.F.);
#3173 = EDGE_LOOP('',(#3174,#3209,#3237,#3265));
#3174 = ORIENTED_EDGE('',*,*,#3175,.F.);
#3175 = EDGE_CURVE('',#3176,#3178,#3180,.T.);
#3176 = VERTEX_POINT('',#3177);
#3177 = CARTESIAN_POINT('',(1.61E+03,-1.025E+03,2.21E+03));
#3178 = VERTEX_POINT('',#3179);
#3179 = CARTESIAN_POINT('',(1.61E+03,-1.025E+03,2.29E+03));
#3180 = SURFACE_CURVE('',#3181,(#3185,#3197),.PCURVE_S1.);
#3181 = LINE('',#3182,#3183);
#3182 = CARTESIAN_POINT('',(1.61E+03,-1.025E+03,2.21E+03));
#3183 = VECTOR('',#3184,1.);
#3184 = DIRECTION('',(0.,0.,1.));
#3185 = PCURVE('',#3186,#3191);
#3186 = PLANE('',#3187);
#3187 = AXIS2_PLACEMENT_3D('',#3188,#3189,#3190);
#3188 = CARTESIAN_POINT('',(1.61E+03,-1.025E+03,2.21E+03));
#3189 = DIRECTION('',(1.,0.,0.));
#3190 = DIRECTION('',(0.,0.,1.));
#3191 = DEFINITIONAL_REPRESENTATION('',(#3192),#3196);
#3192 = LINE('',#3193,#3194);
#3193 = CARTESIAN_POINT('',(0.,0.));
#3194 = VECTOR('',#3195,1.);
#3195 = DIRECTION('',(1.,0.));
#3196 = ( GEOMETRIC_REPRESENTATION_CONTEXT(2) 
PARAMETRIC_REPRESENTATION_CONTEXT() REPRESENTATION_CONTEXT('2D SPACE',''
  ) );
#3197 = PCURVE('',#3198,#3203);
#3198 = PLANE('',#3199);
#3199 = AXIS2_PLACEMENT_3D('',#3200,#3201,#3202);
#3200 = CARTESIAN_POINT('',(1.61E+03,-1.025E+03,2.21E+03));
#3201 = DIRECTION('',(0.,1.,0.));
#3202 = DIRECTION('',(0.,0.,1.));
#3203 = DEFINITIONAL_REPRESENTATION('',(#3204),#3208);
#3204 = LINE('',#3205,#3206);
#3205 = CARTESIAN_POINT('',(0.,0.));
#3206 = VECTOR('',#3207,1.);
#3207 = DIRECTION('',(1.,0.));
#3208 = ( GEOMETRIC_REPRESENTATION_CONTEXT(2) 
PARAMETRIC_REPRESENTATION_CONTEXT() REPRESENTATION_CONTEXT('2D SPACE',''
  ) );
#3209 = ORIENTED_EDGE('',*,*,#3210,.T.);
#3210 = EDGE_CURVE('',#3176,#3211,#3213,.T.);
#3211 = VERTEX_POINT('',#3212);
#3212 = CARTESIAN_POINT('',(1.61E+03,1.025E+03,2.21E+03));
#3213 = SURFACE_CURVE('',#3214,(#3218,#3225),.PCURVE_S1.);
#3214 = LINE('',#3215,#3216);
#3215 = CARTESIAN_POINT('',(1.61E+03,-1.025E+03,2.21E+03));
#3216 = VECTOR('',#3217,1.);
#3217 = DIRECTION('',(0.,1.,0.));
#3218 = PCURVE('',#3186,#3219);
#3219 = DEFINITIONAL_REPRESENTATION('',(#3220),#3224);
#3220 = LINE('',#3221,#3222);
#3221 = CARTESIAN_POINT('',(0.,0.));
#3222 = VECTOR('',#3223,1.);
#3223 = DIRECTION('',(0.,-1.));
#3224 = ( GEOMETRIC_REPRESENTATION_CONTEXT(2) 
PARAMETRIC_REPRESENTATION_CONTEXT() REPRESENTATION_CONTEXT('2D SPACE',''
  ) );
#3225 = PCURVE('',#3226,#3231);
#3226 = PLANE('',#3227);
#3227 = AXIS2_PLACEMENT_3D('',#3228,#3229,#3230);
#3228 = CARTESIAN_POINT('',(1.61E+03,-1.025E+03,2.21E+03));
#3229 = DIRECTION('',(0.,0.,1.));
#3230 = DIRECTION('',(1.,0.,0.));
#3231 = DEFINITIONAL_REPRESENTATION('',(#3232),#3236);
#3232 = LINE('',#3233,#3234);
#3233 = CARTESIAN_POINT('',(0.,0.));
#3234 = VECTOR('',#3235,1.);
#3235 = DIRECTION('',(0.,1.));
#3236 = ( GEOMETRIC_REPRESENTATION_CONTEXT(2) 
PARAMETRIC_REPRESENTATION_CONTEXT() REPRESENTATION_CONTEXT('2D SPACE',''
  ) );
#3237 = ORIENTED_EDGE('',*,*,#3238,.T.);
#3238 = EDGE_CURVE('',#3211,#3239,#3241,.T.);
#3239 = VERTEX_POINT('',#3240);
#3240 = CARTESIAN_POINT('',(1.61E+03,1.025E+03,2.29E+03));
#3241 = SURFACE_CURVE('',#3242,(#3246,#3253),.PCURVE_S1.);
#3242 = LINE('',#3243,#3244);
#3243 = CARTESIAN_POINT('',(1.61E+03,1.025E+03,2.21E+03));
#3244 = VECTOR('',#3245,1.);
#3245 = DIRECTION('',(0.,0.,1.));
#3246 = PCURVE('',#3186,#3247);
#3247 = DEFINITIONAL_REPRESENTATION('',(#3248),#3252);
#3248 = LINE('',#3249,#3250);
#3249 = CARTESIAN_POINT('',(0.,-2.05E+03));
#3250 = VECTOR('',#3251,1.);
#3251 = DIRECTION('',(1.,0.));
#3252 = ( GEOMETRIC_REPRESENTATION_CONTEXT(2) 
PARAMETRIC_REPRESENTATION_CONTEXT() REPRESENTATION_CONTEXT('2D SPACE',''
  ) );
#3253 = PCURVE('',#3254,#3259);
#3254 = PLANE('',#3255);
#3255 = AXIS2_PLACEMENT_3D('',#3256,#3257,#3258);
#3256 = CARTESIAN_POINT('',(1.61E+03,1.025E+03,2.21E+03));
#3257 = DIRECTION('',(0.,1.,0.));
#3258 = DIRECTION('',(0.,0.,1.));
#3259 = DEFINITIONAL_REPRESENTATION('',(#3260),#3264);
#3260 = LINE('',#3261,#3262);
#3261 = CARTESIAN_POINT('',(0.,0.));
#3262 = VECTOR('',#3263,1.);
#3263 = DIRECTION('',(1.,0.));
#3264 = ( GEOMETRIC_REPRESENTATION_CONTEXT(2) 
PARAMETRIC_REPRESENTATION_CONTEXT() REPRESENTATION_CONTEXT('2D SPACE',''
  ) );
#3265 = ORIENTED_EDGE('',*,*,#3266,.F.);
#3266 = EDGE_CURVE('',#3178,#3239,#3267,.T.);
#3267 = SURFACE_CURVE('',#3268,(#3272,#3279),.PCURVE_S1.);
#3268 = LINE('',#3269,#3270);
#3269 = CARTESIAN_POINT('',(1.61E+03,-1.025E+03,2.29E+03));
#3270 = VECTOR('',#3271,1.);
#3271 = DIRECTION('',(0.,1.,0.));
#3272 = PCURVE('',#3186,#3273);
#3273 = DEFINITIONAL_REPRESENTATION('',(#3274),#3278);
#3274 = LINE('',#3275,#3276);
#3275 = CARTESIAN_POINT('',(80.,0.));
#3276 = VECTOR('',#3277,1.);
#3277 = DIRECTION('',(0.,-1.));
#3278 = ( GEOMETRIC_REPRESENTATION_CONTEXT(2) 
PARAMETRIC_REPRESENTATION_CONTEXT() REPRESENTATION_CONTEXT('2D SPACE',''
  ) );
#3279 = PCURVE('',#3280,#3285);
#3280 = PLANE('',#3281);
#3281 = AXIS2_PLACEMENT_3D('',#3282,#3283,#3284);
#3282 = CARTESIAN_POINT('',(1.61E+03,-1.025E+03,2.29E+03));
#3283 = DIRECTION('',(0.,0.,1.));
#3284 = DIRECTION('',(1.,0.,0.));
#3285 = DEFINITIONAL_REPRESENTATION('',(#3286),#3290);
#3286 = LINE('',#3287,#3288);
#3287 = CARTESIAN_POINT('',(0.,0.));
#3288 = VECTOR('',#3289,1.);
#3289 = DIRECTION('',(0.,1.));
#3290 = ( GEOMETRIC_REPRESENTATION_CONTEXT(2) 
PARAMETRIC_REPRESENTATION_CONTEXT() REPRESENTATION_CONTEXT('2D SPACE',''
  ) );
#3291 = ADVANCED_FACE('',(#3292),#3306,.T.);
#3292 = FACE_BOUND('',#3293,.T.);
#3293 = EDGE_LOOP('',(#3294,#3324,#3347,#3370));
#3294 = ORIENTED_EDGE('',*,*,#3295,.F.);
#3295 = EDGE_CURVE('',#3296,#3298,#3300,.T.);
#3296 = VERTEX_POINT('',#3297);
#3297 = CARTESIAN_POINT('',(1.69E+03,-1.025E+03,2.21E+03));
#3298 = VERTEX_POINT('',#3299);
#3299 = CARTESIAN_POINT('',(1.69E+03,-1.025E+03,2.29E+03));
#3300 = SURFACE_CURVE('',#3301,(#3305,#3317),.PCURVE_S1.);
#3301 = LINE('',#3302,#3303);
#3302 = CARTESIAN_POINT('',(1.69E+03,-1.025E+03,2.21E+03));
#3303 = VECTOR('',#3304,1.);
#3304 = DIRECTION('',(0.,0.,1.));
#3305 = PCURVE('',#3306,#3311);
#3306 = PLANE('',#3307);
#3307 = AXIS2_PLACEMENT_3D('',#3308,#3309,#3310);
#3308 = CARTESIAN_POINT('',(1.69E+03,-1.025E+03,2.21E+03));
#3309 = DIRECTION('',(1.,0.,0.));
#3310 = DIRECTION('',(0.,0.,1.));
#3311 = DEFINITIONAL_REPRESENTATION('',(#3312),#3316);
#3312 = LINE('',#3313,#3314);
#3313 = CARTESIAN_POINT('',(0.,0.));
#3314 = VECTOR('',#3315,1.);
#3315 = DIRECTION('',(1.,0.));
#3316 = ( GEOMETRIC_REPRESENTATION_CONTEXT(2) 
PARAMETRIC_REPRESENTATION_CONTEXT() REPRESENTATION_CONTEXT('2D SPACE',''
  ) );
#3317 = PCURVE('',#3198,#3318);
#3318 = DEFINITIONAL_REPRESENTATION('',(#3319),#3323);
#3319 = LINE('',#3320,#3321);
#3320 = CARTESIAN_POINT('',(0.,80.));
#3321 = VECTOR('',#3322,1.);
#3322 = DIRECTION('',(1.,0.));
#3323 = ( GEOMETRIC_REPRESENTATION_CONTEXT(2) 
PARAMETRIC_REPRESENTATION_CONTEXT() REPRESENTATION_CONTEXT('2D SPACE',''
  ) );
#3324 = ORIENTED_EDGE('',*,*,#3325,.T.);
#3325 = EDGE_CURVE('',#3296,#3326,#3328,.T.);
#3326 = VERTEX_POINT('',#3327);
#3327 = CARTESIAN_POINT('',(1.69E+03,1.025E+03,2.21E+03));
#3328 = SURFACE_CURVE('',#3329,(#3333,#3340),.PCURVE_S1.);
#3329 = LINE('',#3330,#3331);
#3330 = CARTESIAN_POINT('',(1.69E+03,-1.025E+03,2.21E+03));
#3331 = VECTOR('',#3332,1.);
#3332 = DIRECTION('',(0.,1.,0.));
#3333 = PCURVE('',#3306,#3334);
#3334 = DEFINITIONAL_REPRESENTATION('',(#3335),#3339);
#3335 = LINE('',#3336,#3337);
#3336 = CARTESIAN_POINT('',(0.,0.));
#3337 = VECTOR('',#3338,1.);
#3338 = DIRECTION('',(0.,-1.));
#3339 = ( GEOMETRIC_REPRESENTATION_CONTEXT(2) 
PARAMETRIC_REPRESENTATION_CONTEXT() REPRESENTATION_CONTEXT('2D SPACE',''
  ) );
#3340 = PCURVE('',#3226,#3341);
#3341 = DEFINITIONAL_REPRESENTATION('',(#3342),#3346);
#3342 = LINE('',#3343,#3344);
#3343 = CARTESIAN_POINT('',(80.,0.));
#3344 = VECTOR('',#3345,1.);
#3345 = DIRECTION('',(0.,1.));
#3346 = ( GEOMETRIC_REPRESENTATION_CONTEXT(2) 
PARAMETRIC_REPRESENTATION_CONTEXT() REPRESENTATION_CONTEXT('2D SPACE',''
  ) );
#3347 = ORIENTED_EDGE('',*,*,#3348,.T.);
#3348 = EDGE_CURVE('',#3326,#3349,#3351,.T.);
#3349 = VERTEX_POINT('',#3350);
#3350 = CARTESIAN_POINT('',(1.69E+03,1.025E+03,2.29E+03));
#3351 = SURFACE_CURVE('',#3352,(#3356,#3363),.PCURVE_S1.);
#3352 = LINE('',#3353,#3354);
#3353 = CARTESIAN_POINT('',(1.69E+03,1.025E+03,2.21E+03));
#3354 = VECTOR('',#3355,1.);
#3355 = DIRECTION('',(0.,0.,1.));
#3356 = PCURVE('',#3306,#3357);
#3357 = DEFINITIONAL_REPRESENTATION('',(#3358),#3362);
#3358 = LINE('',#3359,#3360);
#3359 = CARTESIAN_POINT('',(0.,-2.05E+03));
#3360 = VECTOR('',#3361,1.);
#3361 = DIRECTION('',(1.,0.));
#3362 = ( GEOMETRIC_REPRESENTATION_CONTEXT(2) 
PARAMETRIC_REPRESENTATION_CONTEXT() REPRESENTATION_CONTEXT('2D SPACE',''
  ) );
#3363 = PCURVE('',#3254,#3364);
#3364 = DEFINITIONAL_REPRESENTATION('',(#3365),#3369);
#3365 = LINE('',#3366,#3367);
#3366 = CARTESIAN_POINT('',(0.,80.));
#3367 = VECTOR('',#3368,1.);
#3368 = DIRECTION('',(1.,0.));
#3369 = ( GEOMETRIC_REPRESENTATION_CONTEXT(2) 
PARAMETRIC_REPRESENTATION_CONTEXT() REPRESENTATION_CONTEXT('2D SPACE',''
  ) );
#3370 = ORIENTED_EDGE('',*,*,#3371,.F.);
#3371 = EDGE_CURVE('',#3298,#3349,#3372,.T.);
#3372 = SURFACE_CURVE('',#3373,(#3377,#3384),.PCURVE_S1.);
#3373 = LINE('',#3374,#3375);
#3374 = CARTESIAN_POINT('',(1.69E+03,-1.025E+03,2.29E+03));
#3375 = VECTOR('',#3376,1.);
#3376 = DIRECTION('',(0.,1.,0.));
#3377 = PCURVE('',#3306,#3378);
#3378 = DEFINITIONAL_REPRESENTATION('',(#3379),#3383);
#3379 = LINE('',#3380,#3381);
#3380 = CARTESIAN_POINT('',(80.,0.));
#3381 = VECTOR('',#3382,1.);
#3382 = DIRECTION('',(0.,-1.));
#3383 = ( GEOMETRIC_REPRESENTATION_CONTEXT(2) 
PARAMETRIC_REPRESENTATION_CONTEXT() REPRESENTATION_CONTEXT('2D SPACE',''
  ) );
#3384 = PCURVE('',#3280,#3385);
#3385 = DEFINITIONAL_REPRESENTATION('',(#3386),#3390);
#3386 = LINE('',#3387,#3388);
#3387 = CARTESIAN_POINT('',(80.,0.));
#3388 = VECTOR('',#3389,1.);
#3389 = DIRECTION('',(0.,1.));
#3390 = ( GEOMETRIC_REPRESENTATION_CONTEXT(2) 
PARAMETRIC_REPRESENTATION_CONTEXT() REPRESENTATION_CONTEXT('2D SPACE',''
  ) );
#3391 = ADVANCED_FACE('',(#3392),#3198,.F.);
#3392 = FACE_BOUND('',#3393,.F.);
#3393 = EDGE_LOOP('',(#3394,#3415,#3416,#3437));
#3394 = ORIENTED_EDGE('',*,*,#3395,.F.);
#3395 = EDGE_CURVE('',#3176,#3296,#3396,.T.);
#3396 = SURFACE_CURVE('',#3397,(#3401,#3408),.PCURVE_S1.);
#3397 = LINE('',#3398,#3399);
#3398 = CARTESIAN_POINT('',(1.61E+03,-1.025E+03,2.21E+03));
#3399 = VECTOR('',#3400,1.);
#3400 = DIRECTION('',(1.,0.,0.));
#3401 = PCURVE('',#3198,#3402);
#3402 = DEFINITIONAL_REPRESENTATION('',(#3403),#3407);
#3403 = LINE('',#3404,#3405);
#3404 = CARTESIAN_POINT('',(0.,0.));
#3405 = VECTOR('',#3406,1.);
#3406 = DIRECTION('',(0.,1.));
#3407 = ( GEOMETRIC_REPRESENTATION_CONTEXT(2) 
PARAMETRIC_REPRESENTATION_CONTEXT() REPRESENTATION_CONTEXT('2D SPACE',''
  ) );
#3408 = PCURVE('',#3226,#3409);
#3409 = DEFINITIONAL_REPRESENTATION('',(#3410),#3414);
#3410 = LINE('',#3411,#3412);
#3411 = CARTESIAN_POINT('',(0.,0.));
#3412 = VECTOR('',#3413,1.);
#3413 = DIRECTION('',(1.,0.));
#3414 = ( GEOMETRIC_REPRESENTATION_CONTEXT(2) 
PARAMETRIC_REPRESENTATION_CONTEXT() REPRESENTATION_CONTEXT('2D SPACE',''
  ) );
#3415 = ORIENTED_EDGE('',*,*,#3175,.T.);
#3416 = ORIENTED_EDGE('',*,*,#3417,.T.);
#3417 = EDGE_CURVE('',#3178,#3298,#3418,.T.);
#3418 = SURFACE_CURVE('',#3419,(#3423,#3430),.PCURVE_S1.);
#3419 = LINE('',#3420,#3421);
#3420 = CARTESIAN_POINT('',(1.61E+03,-1.025E+03,2.29E+03));
#3421 = VECTOR('',#3422,1.);
#3422 = DIRECTION('',(1.,0.,0.));
#3423 = PCURVE('',#3198,#3424);
#3424 = DEFINITIONAL_REPRESENTATION('',(#3425),#3429);
#3425 = LINE('',#3426,#3427);
#3426 = CARTESIAN_POINT('',(80.,0.));
#3427 = VECTOR('',#3428,1.);
#3428 = DIRECTION('',(0.,1.));
#3429 = ( GEOMETRIC_REPRESENTATION_CONTEXT(2) 
PARAMETRIC_REPRESENTATION_CONTEXT() REPRESENTATION_CONTEXT('2D SPACE',''
  ) );
#3430 = PCURVE('',#3280,#3431);
#3431 = DEFINITIONAL_REPRESENTATION('',(#3432),#3436);
#3432 = LINE('',#3433,#3434);
#3433 = CARTESIAN_POINT('',(0.,0.));
#3434 = VECTOR('',#3435,1.);
#3435 = DIRECTION('',(1.,0.));
#3436 = ( GEOMETRIC_REPRESENTATION_CONTEXT(2) 
PARAMETRIC_REPRESENTATION_CONTEXT() REPRESENTATION_CONTEXT('2D SPACE',''
  ) );
#3437 = ORIENTED_EDGE('',*,*,#3295,.F.);
#3438 = ADVANCED_FACE('',(#3439),#3254,.T.);
#3439 = FACE_BOUND('',#3440,.T.);
#3440 = EDGE_LOOP('',(#3441,#3462,#3463,#3484));
#3441 = ORIENTED_EDGE('',*,*,#3442,.F.);
#3442 = EDGE_CURVE('',#3211,#3326,#3443,.T.);
#3443 = SURFACE_CURVE('',#3444,(#3448,#3455),.PCURVE_S1.);
#3444 = LINE('',#3445,#3446);
#3445 = CARTESIAN_POINT('',(1.61E+03,1.025E+03,2.21E+03));
#3446 = VECTOR('',#3447,1.);
#3447 = DIRECTION('',(1.,0.,0.));
#3448 = PCURVE('',#3254,#3449);
#3449 = DEFINITIONAL_REPRESENTATION('',(#3450),#3454);
#3450 = LINE('',#3451,#3452);
#3451 = CARTESIAN_POINT('',(0.,0.));
#3452 = VECTOR('',#3453,1.);
#3453 = DIRECTION('',(0.,1.));
#3454 = ( GEOMETRIC_REPRESENTATION_CONTEXT(2) 
PARAMETRIC_REPRESENTATION_CONTEXT() REPRESENTATION_CONTEXT('2D SPACE',''
  ) );
#3455 = PCURVE('',#3226,#3456);
#3456 = DEFINITIONAL_REPRESENTATION('',(#3457),#3461);
#3457 = LINE('',#3458,#3459);
#3458 = CARTESIAN_POINT('',(0.,2.05E+03));
#3459 = VECTOR('',#3460,1.);
#3460 = DIRECTION('',(1.,0.));
#3461 = ( GEOMETRIC_REPRESENTATION_CONTEXT(2) 
PARAMETRIC_REPRESENTATION_CONTEXT() REPRESENTATION_CONTEXT('2D SPACE',''
  ) );
#3462 = ORIENTED_EDGE('',*,*,#3238,.T.);
#3463 = ORIENTED_EDGE('',*,*,#3464,.T.);
#3464 = EDGE_CURVE('',#3239,#3349,#3465,.T.);
#3465 = SURFACE_CURVE('',#3466,(#3470,#3477),.PCURVE_S1.);
#3466 = LINE('',#3467,#3468);
#3467 = CARTESIAN_POINT('',(1.61E+03,1.025E+03,2.29E+03));
#3468 = VECTOR('',#3469,1.);
#3469 = DIRECTION('',(1.,0.,0.));
#3470 = PCURVE('',#3254,#3471);
#3471 = DEFINITIONAL_REPRESENTATION('',(#3472),#3476);
#3472 = LINE('',#3473,#3474);
#3473 = CARTESIAN_POINT('',(80.,0.));
#3474 = VECTOR('',#3475,1.);
#3475 = DIRECTION('',(0.,1.));
#3476 = ( GEOMETRIC_REPRESENTATION_CONTEXT(2) 
PARAMETRIC_REPRESENTATION_CONTEXT() REPRESENTATION_CONTEXT('2D SPACE',''
  ) );
#3477 = PCURVE('',#3280,#3478);
#3478 = DEFINITIONAL_REPRESENTATION('',(#3479),#3483);
#3479 = LINE('',#3480,#3481);
#3480 = CARTESIAN_POINT('',(0.,2.05E+03));
#3481 = VECTOR('',#3482,1.);
#3482 = DIRECTION('',(1.,0.));
#3483 = ( GEOMETRIC_REPRESENTATION_CONTEXT(2) 
PARAMETRIC_REPRESENTATION_CONTEXT() REPRESENTATION_CONTEXT('2D SPACE',''
  ) );
#3484 = ORIENTED_EDGE('',*,*,#3348,.F.);
#3485 = ADVANCED_FACE('',(#3486),#3226,.F.);
#3486 = FACE_BOUND('',#3487,.F.);
#3487 = EDGE_LOOP('',(#3488,#3489,#3490,#3491));
#3488 = ORIENTED_EDGE('',*,*,#3210,.F.);
#3489 = ORIENTED_EDGE('',*,*,#3395,.T.);
#3490 = ORIENTED_EDGE('',*,*,#3325,.T.);
#3491 = ORIENTED_EDGE('',*,*,#3442,.F.);
#3492 = ADVANCED_FACE('',(#3493),#3280,.T.);
#3493 = FACE_BOUND('',#3494,.T.);
#3494 = EDGE_LOOP('',(#3495,#3496,#3497,#3498));
#3495 = ORIENTED_EDGE('',*,*,#3266,.F.);
#3496 = ORIENTED_EDGE('',*,*,#3417,.T.);
#3497 = ORIENTED_EDGE('',*,*,#3371,.T.);
#3498 = ORIENTED_EDGE('',*,*,#3464,.F.);
#3499 = ( GEOMETRIC_REPRESENTATION_CONTEXT(3) 
GLOBAL_UNCERTAINTY_ASSIGNED_CONTEXT((#3503)) 
GLOBAL_UNIT_ASSIGNED_CONTEXT((#3500,#3501,#3502)) REPRESENTATION_CONTEXT
('Context #1','3D Context with UNIT and UNCERTAINTY') );
#3500 = ( LENGTH_UNIT() NAMED_UNIT(*) SI_UNIT(.MILLI.,.METRE.) );
#3501 = ( NAMED_UNIT(*) PLANE_ANGLE_UNIT() SI_UNIT($,.RADIAN.) );
#3502 = ( NAMED_UNIT(*) SI_UNIT($,.STERADIAN.) SOLID_ANGLE_UNIT() );
#3503 = UNCERTAINTY_MEASURE_WITH_UNIT(LENGTH_MEASURE(1.E-07),#3500,
  'distance_accuracy_value','confusion accuracy');
#3504 = CONTEXT_DEPENDENT_SHAPE_REPRESENTATION(#3505,#3507);
#3505 = ( REPRESENTATION_RELATIONSHIP('','',#3168,#10) 
REPRESENTATION_RELATIONSHIP_WITH_TRANSFORMATION(#3506) 
SHAPE_REPRESENTATION_RELATIONSHIP() );
#3506 = ITEM_DEFINED_TRANSFORMATION('','',#11,#47);
#3507 = PRODUCT_DEFINITION_SHAPE('Placement','Placement of an item',
  #3508);
#3508 = NEXT_ASSEMBLY_USAGE_OCCURRENCE('9','Y_Frame_2','',#5,#3163,$);
#3509 = PRODUCT_RELATED_PRODUCT_CATEGORY('part',$,(#3165));
#3510 = SHAPE_DEFINITION_REPRESENTATION(#3511,#3517);
#3511 = PRODUCT_DEFINITION_SHAPE('','',#3512);
#3512 = PRODUCT_DEFINITION('design','',#3513,#3516);
#3513 = PRODUCT_DEFINITION_FORMATION('','',#3514);
#3514 = PRODUCT('X_Belt_1','X_Belt_1','',(#3515));
#3515 = PRODUCT_CONTEXT('',#2,'mechanical');
#3516 = PRODUCT_DEFINITION_CONTEXT('part definition',#2,'design');
#3517 = ADVANCED_BREP_SHAPE_REPRESENTATION('',(#11,#3518),#3848);
#3518 = MANIFOLD_SOLID_BREP('',#3519);
#3519 = CLOSED_SHELL('',(#3520,#3640,#3740,#3787,#3834,#3841));
#3520 = ADVANCED_FACE('',(#3521),#3535,.F.);
#3521 = FACE_BOUND('',#3522,.F.);
#3522 = EDGE_LOOP('',(#3523,#3558,#3586,#3614));
#3523 = ORIENTED_EDGE('',*,*,#3524,.F.);
#3524 = EDGE_CURVE('',#3525,#3527,#3529,.T.);
#3525 = VERTEX_POINT('',#3526);
#3526 = CARTESIAN_POINT('',(-1.56E+03,-964.,2.211E+03));
#3527 = VERTEX_POINT('',#3528);
#3528 = CARTESIAN_POINT('',(-1.56E+03,-964.,2.219E+03));
#3529 = SURFACE_CURVE('',#3530,(#3534,#3546),.PCURVE_S1.);
#3530 = LINE('',#3531,#3532);
#3531 = CARTESIAN_POINT('',(-1.56E+03,-964.,2.211E+03));
#3532 = VECTOR('',#3533,1.);
#3533 = DIRECTION('',(0.,0.,1.));
#3534 = PCURVE('',#3535,#3540);
#3535 = PLANE('',#3536);
#3536 = AXIS2_PLACEMENT_3D('',#3537,#3538,#3539);
#3537 = CARTESIAN_POINT('',(-1.56E+03,-964.,2.211E+03));
#3538 = DIRECTION('',(1.,0.,0.));
#3539 = DIRECTION('',(0.,0.,1.));
#3540 = DEFINITIONAL_REPRESENTATION('',(#3541),#3545);
#3541 = LINE('',#3542,#3543);
#3542 = CARTESIAN_POINT('',(0.,0.));
#3543 = VECTOR('',#3544,1.);
#3544 = DIRECTION('',(1.,0.));
#3545 = ( GEOMETRIC_REPRESENTATION_CONTEXT(2) 
PARAMETRIC_REPRESENTATION_CONTEXT() REPRESENTATION_CONTEXT('2D SPACE',''
  ) );
#3546 = PCURVE('',#3547,#3552);
#3547 = PLANE('',#3548);
#3548 = AXIS2_PLACEMENT_3D('',#3549,#3550,#3551);
#3549 = CARTESIAN_POINT('',(-1.56E+03,-964.,2.211E+03));
#3550 = DIRECTION('',(0.,1.,0.));
#3551 = DIRECTION('',(0.,0.,1.));
#3552 = DEFINITIONAL_REPRESENTATION('',(#3553),#3557);
#3553 = LINE('',#3554,#3555);
#3554 = CARTESIAN_POINT('',(0.,0.));
#3555 = VECTOR('',#3556,1.);
#3556 = DIRECTION('',(1.,0.));
#3557 = ( GEOMETRIC_REPRESENTATION_CONTEXT(2) 
PARAMETRIC_REPRESENTATION_CONTEXT() REPRESENTATION_CONTEXT('2D SPACE',''
  ) );
#3558 = ORIENTED_EDGE('',*,*,#3559,.T.);
#3559 = EDGE_CURVE('',#3525,#3560,#3562,.T.);
#3560 = VERTEX_POINT('',#3561);
#3561 = CARTESIAN_POINT('',(-1.56E+03,-946.,2.211E+03));
#3562 = SURFACE_CURVE('',#3563,(#3567,#3574),.PCURVE_S1.);
#3563 = LINE('',#3564,#3565);
#3564 = CARTESIAN_POINT('',(-1.56E+03,-964.,2.211E+03));
#3565 = VECTOR('',#3566,1.);
#3566 = DIRECTION('',(0.,1.,0.));
#3567 = PCURVE('',#3535,#3568);
#3568 = DEFINITIONAL_REPRESENTATION('',(#3569),#3573);
#3569 = LINE('',#3570,#3571);
#3570 = CARTESIAN_POINT('',(0.,0.));
#3571 = VECTOR('',#3572,1.);
#3572 = DIRECTION('',(0.,-1.));
#3573 = ( GEOMETRIC_REPRESENTATION_CONTEXT(2) 
PARAMETRIC_REPRESENTATION_CONTEXT() REPRESENTATION_CONTEXT('2D SPACE',''
  ) );
#3574 = PCURVE('',#3575,#3580);
#3575 = PLANE('',#3576);
#3576 = AXIS2_PLACEMENT_3D('',#3577,#3578,#3579);
#3577 = CARTESIAN_POINT('',(-1.56E+03,-964.,2.211E+03));
#3578 = DIRECTION('',(0.,0.,1.));
#3579 = DIRECTION('',(1.,0.,0.));
#3580 = DEFINITIONAL_REPRESENTATION('',(#3581),#3585);
#3581 = LINE('',#3582,#3583);
#3582 = CARTESIAN_POINT('',(0.,0.));
#3583 = VECTOR('',#3584,1.);
#3584 = DIRECTION('',(0.,1.));
#3585 = ( GEOMETRIC_REPRESENTATION_CONTEXT(2) 
PARAMETRIC_REPRESENTATION_CONTEXT() REPRESENTATION_CONTEXT('2D SPACE',''
  ) );
#3586 = ORIENTED_EDGE('',*,*,#3587,.T.);
#3587 = EDGE_CURVE('',#3560,#3588,#3590,.T.);
#3588 = VERTEX_POINT('',#3589);
#3589 = CARTESIAN_POINT('',(-1.56E+03,-946.,2.219E+03));
#3590 = SURFACE_CURVE('',#3591,(#3595,#3602),.PCURVE_S1.);
#3591 = LINE('',#3592,#3593);
#3592 = CARTESIAN_POINT('',(-1.56E+03,-946.,2.211E+03));
#3593 = VECTOR('',#3594,1.);
#3594 = DIRECTION('',(0.,0.,1.));
#3595 = PCURVE('',#3535,#3596);
#3596 = DEFINITIONAL_REPRESENTATION('',(#3597),#3601);
#3597 = LINE('',#3598,#3599);
#3598 = CARTESIAN_POINT('',(0.,-18.));
#3599 = VECTOR('',#3600,1.);
#3600 = DIRECTION('',(1.,0.));
#3601 = ( GEOMETRIC_REPRESENTATION_CONTEXT(2) 
PARAMETRIC_REPRESENTATION_CONTEXT() REPRESENTATION_CONTEXT('2D SPACE',''
  ) );
#3602 = PCURVE('',#3603,#3608);
#3603 = PLANE('',#3604);
#3604 = AXIS2_PLACEMENT_3D('',#3605,#3606,#3607);
#3605 = CARTESIAN_POINT('',(-1.56E+03,-946.,2.211E+03));
#3606 = DIRECTION('',(0.,1.,0.));
#3607 = DIRECTION('',(0.,0.,1.));
#3608 = DEFINITIONAL_REPRESENTATION('',(#3609),#3613);
#3609 = LINE('',#3610,#3611);
#3610 = CARTESIAN_POINT('',(0.,0.));
#3611 = VECTOR('',#3612,1.);
#3612 = DIRECTION('',(1.,0.));
#3613 = ( GEOMETRIC_REPRESENTATION_CONTEXT(2) 
PARAMETRIC_REPRESENTATION_CONTEXT() REPRESENTATION_CONTEXT('2D SPACE',''
  ) );
#3614 = ORIENTED_EDGE('',*,*,#3615,.F.);
#3615 = EDGE_CURVE('',#3527,#3588,#3616,.T.);
#3616 = SURFACE_CURVE('',#3617,(#3621,#3628),.PCURVE_S1.);
#3617 = LINE('',#3618,#3619);
#3618 = CARTESIAN_POINT('',(-1.56E+03,-964.,2.219E+03));
#3619 = VECTOR('',#3620,1.);
#3620 = DIRECTION('',(0.,1.,0.));
#3621 = PCURVE('',#3535,#3622);
#3622 = DEFINITIONAL_REPRESENTATION('',(#3623),#3627);
#3623 = LINE('',#3624,#3625);
#3624 = CARTESIAN_POINT('',(8.,0.));
#3625 = VECTOR('',#3626,1.);
#3626 = DIRECTION('',(0.,-1.));
#3627 = ( GEOMETRIC_REPRESENTATION_CONTEXT(2) 
PARAMETRIC_REPRESENTATION_CONTEXT() REPRESENTATION_CONTEXT('2D SPACE',''
  ) );
#3628 = PCURVE('',#3629,#3634);
#3629 = PLANE('',#3630);
#3630 = AXIS2_PLACEMENT_3D('',#3631,#3632,#3633);
#3631 = CARTESIAN_POINT('',(-1.56E+03,-964.,2.219E+03));
#3632 = DIRECTION('',(0.,0.,1.));
#3633 = DIRECTION('',(1.,0.,0.));
#3634 = DEFINITIONAL_REPRESENTATION('',(#3635),#3639);
#3635 = LINE('',#3636,#3637);
#3636 = CARTESIAN_POINT('',(0.,0.));
#3637 = VECTOR('',#3638,1.);
#3638 = DIRECTION('',(0.,1.));
#3639 = ( GEOMETRIC_REPRESENTATION_CONTEXT(2) 
PARAMETRIC_REPRESENTATION_CONTEXT() REPRESENTATION_CONTEXT('2D SPACE',''
  ) );
#3640 = ADVANCED_FACE('',(#3641),#3655,.T.);
#3641 = FACE_BOUND('',#3642,.T.);
#3642 = EDGE_LOOP('',(#3643,#3673,#3696,#3719));
#3643 = ORIENTED_EDGE('',*,*,#3644,.F.);
#3644 = EDGE_CURVE('',#3645,#3647,#3649,.T.);
#3645 = VERTEX_POINT('',#3646);
#3646 = CARTESIAN_POINT('',(1.56E+03,-964.,2.211E+03));
#3647 = VERTEX_POINT('',#3648);
#3648 = CARTESIAN_POINT('',(1.56E+03,-964.,2.219E+03));
#3649 = SURFACE_CURVE('',#3650,(#3654,#3666),.PCURVE_S1.);
#3650 = LINE('',#3651,#3652);
#3651 = CARTESIAN_POINT('',(1.56E+03,-964.,2.211E+03));
#3652 = VECTOR('',#3653,1.);
#3653 = DIRECTION('',(0.,0.,1.));
#3654 = PCURVE('',#3655,#3660);
#3655 = PLANE('',#3656);
#3656 = AXIS2_PLACEMENT_3D('',#3657,#3658,#3659);
#3657 = CARTESIAN_POINT('',(1.56E+03,-964.,2.211E+03));
#3658 = DIRECTION('',(1.,0.,0.));
#3659 = DIRECTION('',(0.,0.,1.));
#3660 = DEFINITIONAL_REPRESENTATION('',(#3661),#3665);
#3661 = LINE('',#3662,#3663);
#3662 = CARTESIAN_POINT('',(0.,0.));
#3663 = VECTOR('',#3664,1.);
#3664 = DIRECTION('',(1.,0.));
#3665 = ( GEOMETRIC_REPRESENTATION_CONTEXT(2) 
PARAMETRIC_REPRESENTATION_CONTEXT() REPRESENTATION_CONTEXT('2D SPACE',''
  ) );
#3666 = PCURVE('',#3547,#3667);
#3667 = DEFINITIONAL_REPRESENTATION('',(#3668),#3672);
#3668 = LINE('',#3669,#3670);
#3669 = CARTESIAN_POINT('',(0.,3.12E+03));
#3670 = VECTOR('',#3671,1.);
#3671 = DIRECTION('',(1.,0.));
#3672 = ( GEOMETRIC_REPRESENTATION_CONTEXT(2) 
PARAMETRIC_REPRESENTATION_CONTEXT() REPRESENTATION_CONTEXT('2D SPACE',''
  ) );
#3673 = ORIENTED_EDGE('',*,*,#3674,.T.);
#3674 = EDGE_CURVE('',#3645,#3675,#3677,.T.);
#3675 = VERTEX_POINT('',#3676);
#3676 = CARTESIAN_POINT('',(1.56E+03,-946.,2.211E+03));
#3677 = SURFACE_CURVE('',#3678,(#3682,#3689),.PCURVE_S1.);
#3678 = LINE('',#3679,#3680);
#3679 = CARTESIAN_POINT('',(1.56E+03,-964.,2.211E+03));
#3680 = VECTOR('',#3681,1.);
#3681 = DIRECTION('',(0.,1.,0.));
#3682 = PCURVE('',#3655,#3683);
#3683 = DEFINITIONAL_REPRESENTATION('',(#3684),#3688);
#3684 = LINE('',#3685,#3686);
#3685 = CARTESIAN_POINT('',(0.,0.));
#3686 = VECTOR('',#3687,1.);
#3687 = DIRECTION('',(0.,-1.));
#3688 = ( GEOMETRIC_REPRESENTATION_CONTEXT(2) 
PARAMETRIC_REPRESENTATION_CONTEXT() REPRESENTATION_CONTEXT('2D SPACE',''
  ) );
#3689 = PCURVE('',#3575,#3690);
#3690 = DEFINITIONAL_REPRESENTATION('',(#3691),#3695);
#3691 = LINE('',#3692,#3693);
#3692 = CARTESIAN_POINT('',(3.12E+03,0.));
#3693 = VECTOR('',#3694,1.);
#3694 = DIRECTION('',(0.,1.));
#3695 = ( GEOMETRIC_REPRESENTATION_CONTEXT(2) 
PARAMETRIC_REPRESENTATION_CONTEXT() REPRESENTATION_CONTEXT('2D SPACE',''
  ) );
#3696 = ORIENTED_EDGE('',*,*,#3697,.T.);
#3697 = EDGE_CURVE('',#3675,#3698,#3700,.T.);
#3698 = VERTEX_POINT('',#3699);
#3699 = CARTESIAN_POINT('',(1.56E+03,-946.,2.219E+03));
#3700 = SURFACE_CURVE('',#3701,(#3705,#3712),.PCURVE_S1.);
#3701 = LINE('',#3702,#3703);
#3702 = CARTESIAN_POINT('',(1.56E+03,-946.,2.211E+03));
#3703 = VECTOR('',#3704,1.);
#3704 = DIRECTION('',(0.,0.,1.));
#3705 = PCURVE('',#3655,#3706);
#3706 = DEFINITIONAL_REPRESENTATION('',(#3707),#3711);
#3707 = LINE('',#3708,#3709);
#3708 = CARTESIAN_POINT('',(0.,-18.));
#3709 = VECTOR('',#3710,1.);
#3710 = DIRECTION('',(1.,0.));
#3711 = ( GEOMETRIC_REPRESENTATION_CONTEXT(2) 
PARAMETRIC_REPRESENTATION_CONTEXT() REPRESENTATION_CONTEXT('2D SPACE',''
  ) );
#3712 = PCURVE('',#3603,#3713);
#3713 = DEFINITIONAL_REPRESENTATION('',(#3714),#3718);
#3714 = LINE('',#3715,#3716);
#3715 = CARTESIAN_POINT('',(0.,3.12E+03));
#3716 = VECTOR('',#3717,1.);
#3717 = DIRECTION('',(1.,0.));
#3718 = ( GEOMETRIC_REPRESENTATION_CONTEXT(2) 
PARAMETRIC_REPRESENTATION_CONTEXT() REPRESENTATION_CONTEXT('2D SPACE',''
  ) );
#3719 = ORIENTED_EDGE('',*,*,#3720,.F.);
#3720 = EDGE_CURVE('',#3647,#3698,#3721,.T.);
#3721 = SURFACE_CURVE('',#3722,(#3726,#3733),.PCURVE_S1.);
#3722 = LINE('',#3723,#3724);
#3723 = CARTESIAN_POINT('',(1.56E+03,-964.,2.219E+03));
#3724 = VECTOR('',#3725,1.);
#3725 = DIRECTION('',(0.,1.,0.));
#3726 = PCURVE('',#3655,#3727);
#3727 = DEFINITIONAL_REPRESENTATION('',(#3728),#3732);
#3728 = LINE('',#3729,#3730);
#3729 = CARTESIAN_POINT('',(8.,0.));
#3730 = VECTOR('',#3731,1.);
#3731 = DIRECTION('',(0.,-1.));
#3732 = ( GEOMETRIC_REPRESENTATION_CONTEXT(2) 
PARAMETRIC_REPRESENTATION_CONTEXT() REPRESENTATION_CONTEXT('2D SPACE',''
  ) );
#3733 = PCURVE('',#3629,#3734);
#3734 = DEFINITIONAL_REPRESENTATION('',(#3735),#3739);
#3735 = LINE('',#3736,#3737);
#3736 = CARTESIAN_POINT('',(3.12E+03,0.));
#3737 = VECTOR('',#3738,1.);
#3738 = DIRECTION('',(0.,1.));
#3739 = ( GEOMETRIC_REPRESENTATION_CONTEXT(2) 
PARAMETRIC_REPRESENTATION_CONTEXT() REPRESENTATION_CONTEXT('2D SPACE',''
  ) );
#3740 = ADVANCED_FACE('',(#3741),#3547,.F.);
#3741 = FACE_BOUND('',#3742,.F.);
#3742 = EDGE_LOOP('',(#3743,#3764,#3765,#3786));
#3743 = ORIENTED_EDGE('',*,*,#3744,.F.);
#3744 = EDGE_CURVE('',#3525,#3645,#3745,.T.);
#3745 = SURFACE_CURVE('',#3746,(#3750,#3757),.PCURVE_S1.);
#3746 = LINE('',#3747,#3748);
#3747 = CARTESIAN_POINT('',(-1.56E+03,-964.,2.211E+03));
#3748 = VECTOR('',#3749,1.);
#3749 = DIRECTION('',(1.,0.,0.));
#3750 = PCURVE('',#3547,#3751);
#3751 = DEFINITIONAL_REPRESENTATION('',(#3752),#3756);
#3752 = LINE('',#3753,#3754);
#3753 = CARTESIAN_POINT('',(0.,0.));
#3754 = VECTOR('',#3755,1.);
#3755 = DIRECTION('',(0.,1.));
#3756 = ( GEOMETRIC_REPRESENTATION_CONTEXT(2) 
PARAMETRIC_REPRESENTATION_CONTEXT() REPRESENTATION_CONTEXT('2D SPACE',''
  ) );
#3757 = PCURVE('',#3575,#3758);
#3758 = DEFINITIONAL_REPRESENTATION('',(#3759),#3763);
#3759 = LINE('',#3760,#3761);
#3760 = CARTESIAN_POINT('',(0.,0.));
#3761 = VECTOR('',#3762,1.);
#3762 = DIRECTION('',(1.,0.));
#3763 = ( GEOMETRIC_REPRESENTATION_CONTEXT(2) 
PARAMETRIC_REPRESENTATION_CONTEXT() REPRESENTATION_CONTEXT('2D SPACE',''
  ) );
#3764 = ORIENTED_EDGE('',*,*,#3524,.T.);
#3765 = ORIENTED_EDGE('',*,*,#3766,.T.);
#3766 = EDGE_CURVE('',#3527,#3647,#3767,.T.);
#3767 = SURFACE_CURVE('',#3768,(#3772,#3779),.PCURVE_S1.);
#3768 = LINE('',#3769,#3770);
#3769 = CARTESIAN_POINT('',(-1.56E+03,-964.,2.219E+03));
#3770 = VECTOR('',#3771,1.);
#3771 = DIRECTION('',(1.,0.,0.));
#3772 = PCURVE('',#3547,#3773);
#3773 = DEFINITIONAL_REPRESENTATION('',(#3774),#3778);
#3774 = LINE('',#3775,#3776);
#3775 = CARTESIAN_POINT('',(8.,0.));
#3776 = VECTOR('',#3777,1.);
#3777 = DIRECTION('',(0.,1.));
#3778 = ( GEOMETRIC_REPRESENTATION_CONTEXT(2) 
PARAMETRIC_REPRESENTATION_CONTEXT() REPRESENTATION_CONTEXT('2D SPACE',''
  ) );
#3779 = PCURVE('',#3629,#3780);
#3780 = DEFINITIONAL_REPRESENTATION('',(#3781),#3785);
#3781 = LINE('',#3782,#3783);
#3782 = CARTESIAN_POINT('',(0.,0.));
#3783 = VECTOR('',#3784,1.);
#3784 = DIRECTION('',(1.,0.));
#3785 = ( GEOMETRIC_REPRESENTATION_CONTEXT(2) 
PARAMETRIC_REPRESENTATION_CONTEXT() REPRESENTATION_CONTEXT('2D SPACE',''
  ) );
#3786 = ORIENTED_EDGE('',*,*,#3644,.F.);
#3787 = ADVANCED_FACE('',(#3788),#3603,.T.);
#3788 = FACE_BOUND('',#3789,.T.);
#3789 = EDGE_LOOP('',(#3790,#3811,#3812,#3833));
#3790 = ORIENTED_EDGE('',*,*,#3791,.F.);
#3791 = EDGE_CURVE('',#3560,#3675,#3792,.T.);
#3792 = SURFACE_CURVE('',#3793,(#3797,#3804),.PCURVE_S1.);
#3793 = LINE('',#3794,#3795);
#3794 = CARTESIAN_POINT('',(-1.56E+03,-946.,2.211E+03));
#3795 = VECTOR('',#3796,1.);
#3796 = DIRECTION('',(1.,0.,0.));
#3797 = PCURVE('',#3603,#3798);
#3798 = DEFINITIONAL_REPRESENTATION('',(#3799),#3803);
#3799 = LINE('',#3800,#3801);
#3800 = CARTESIAN_POINT('',(0.,0.));
#3801 = VECTOR('',#3802,1.);
#3802 = DIRECTION('',(0.,1.));
#3803 = ( GEOMETRIC_REPRESENTATION_CONTEXT(2) 
PARAMETRIC_REPRESENTATION_CONTEXT() REPRESENTATION_CONTEXT('2D SPACE',''
  ) );
#3804 = PCURVE('',#3575,#3805);
#3805 = DEFINITIONAL_REPRESENTATION('',(#3806),#3810);
#3806 = LINE('',#3807,#3808);
#3807 = CARTESIAN_POINT('',(0.,18.));
#3808 = VECTOR('',#3809,1.);
#3809 = DIRECTION('',(1.,0.));
#3810 = ( GEOMETRIC_REPRESENTATION_CONTEXT(2) 
PARAMETRIC_REPRESENTATION_CONTEXT() REPRESENTATION_CONTEXT('2D SPACE',''
  ) );
#3811 = ORIENTED_EDGE('',*,*,#3587,.T.);
#3812 = ORIENTED_EDGE('',*,*,#3813,.T.);
#3813 = EDGE_CURVE('',#3588,#3698,#3814,.T.);
#3814 = SURFACE_CURVE('',#3815,(#3819,#3826),.PCURVE_S1.);
#3815 = LINE('',#3816,#3817);
#3816 = CARTESIAN_POINT('',(-1.56E+03,-946.,2.219E+03));
#3817 = VECTOR('',#3818,1.);
#3818 = DIRECTION('',(1.,0.,0.));
#3819 = PCURVE('',#3603,#3820);
#3820 = DEFINITIONAL_REPRESENTATION('',(#3821),#3825);
#3821 = LINE('',#3822,#3823);
#3822 = CARTESIAN_POINT('',(8.,0.));
#3823 = VECTOR('',#3824,1.);
#3824 = DIRECTION('',(0.,1.));
#3825 = ( GEOMETRIC_REPRESENTATION_CONTEXT(2) 
PARAMETRIC_REPRESENTATION_CONTEXT() REPRESENTATION_CONTEXT('2D SPACE',''
  ) );
#3826 = PCURVE('',#3629,#3827);
#3827 = DEFINITIONAL_REPRESENTATION('',(#3828),#3832);
#3828 = LINE('',#3829,#3830);
#3829 = CARTESIAN_POINT('',(0.,18.));
#3830 = VECTOR('',#3831,1.);
#3831 = DIRECTION('',(1.,0.));
#3832 = ( GEOMETRIC_REPRESENTATION_CONTEXT(2) 
PARAMETRIC_REPRESENTATION_CONTEXT() REPRESENTATION_CONTEXT('2D SPACE',''
  ) );
#3833 = ORIENTED_EDGE('',*,*,#3697,.F.);
#3834 = ADVANCED_FACE('',(#3835),#3575,.F.);
#3835 = FACE_BOUND('',#3836,.F.);
#3836 = EDGE_LOOP('',(#3837,#3838,#3839,#3840));
#3837 = ORIENTED_EDGE('',*,*,#3559,.F.);
#3838 = ORIENTED_EDGE('',*,*,#3744,.T.);
#3839 = ORIENTED_EDGE('',*,*,#3674,.T.);
#3840 = ORIENTED_EDGE('',*,*,#3791,.F.);
#3841 = ADVANCED_FACE('',(#3842),#3629,.T.);
#3842 = FACE_BOUND('',#3843,.T.);
#3843 = EDGE_LOOP('',(#3844,#3845,#3846,#3847));
#3844 = ORIENTED_EDGE('',*,*,#3615,.F.);
#3845 = ORIENTED_EDGE('',*,*,#3766,.T.);
#3846 = ORIENTED_EDGE('',*,*,#3720,.T.);
#3847 = ORIENTED_EDGE('',*,*,#3813,.F.);
#3848 = ( GEOMETRIC_REPRESENTATION_CONTEXT(3) 
GLOBAL_UNCERTAINTY_ASSIGNED_CONTEXT((#3852)) 
GLOBAL_UNIT_ASSIGNED_CONTEXT((#3849,#3850,#3851)) REPRESENTATION_CONTEXT
('Context #1','3D Context with UNIT and UNCERTAINTY') );
#3849 = ( LENGTH_UNIT() NAMED_UNIT(*) SI_UNIT(.MILLI.,.METRE.) );
#3850 = ( NAMED_UNIT(*) PLANE_ANGLE_UNIT() SI_UNIT($,.RADIAN.) );
#3851 = ( NAMED_UNIT(*) SI_UNIT($,.STERADIAN.) SOLID_ANGLE_UNIT() );
#3852 = UNCERTAINTY_MEASURE_WITH_UNIT(LENGTH_MEASURE(1.E-07),#3849,
  'distance_accuracy_value','confusion accuracy');
#3853 = CONTEXT_DEPENDENT_SHAPE_REPRESENTATION(#3854,#3856);
#3854 = ( REPRESENTATION_RELATIONSHIP('','',#3517,#10) 
REPRESENTATION_RELATIONSHIP_WITH_TRANSFORMATION(#3855) 
SHAPE_REPRESENTATION_RELATIONSHIP() );
#3855 = ITEM_DEFINED_TRANSFORMATION('','',#11,#51);
#3856 = PRODUCT_DEFINITION_SHAPE('Placement','Placement of an item',
  #3857);
#3857 = NEXT_ASSEMBLY_USAGE_OCCURRENCE('10','X_Belt_1','',#5,#3512,$);
#3858 = PRODUCT_RELATED_PRODUCT_CATEGORY('part',$,(#3514));
#3859 = SHAPE_DEFINITION_REPRESENTATION(#3860,#3866);
#3860 = PRODUCT_DEFINITION_SHAPE('','',#3861);
#3861 = PRODUCT_DEFINITION('design','',#3862,#3865);
#3862 = PRODUCT_DEFINITION_FORMATION('','',#3863);
#3863 = PRODUCT('X_Belt_2','X_Belt_2','',(#3864));
#3864 = PRODUCT_CONTEXT('',#2,'mechanical');
#3865 = PRODUCT_DEFINITION_CONTEXT('part definition',#2,'design');
#3866 = ADVANCED_BREP_SHAPE_REPRESENTATION('',(#11,#3867),#4197);
#3867 = MANIFOLD_SOLID_BREP('',#3868);
#3868 = CLOSED_SHELL('',(#3869,#3989,#4089,#4136,#4183,#4190));
#3869 = ADVANCED_FACE('',(#3870),#3884,.F.);
#3870 = FACE_BOUND('',#3871,.F.);
#3871 = EDGE_LOOP('',(#3872,#3907,#3935,#3963));
#3872 = ORIENTED_EDGE('',*,*,#3873,.F.);
#3873 = EDGE_CURVE('',#3874,#3876,#3878,.T.);
#3874 = VERTEX_POINT('',#3875);
#3875 = CARTESIAN_POINT('',(-1.56E+03,946.,2.211E+03));
#3876 = VERTEX_POINT('',#3877);
#3877 = CARTESIAN_POINT('',(-1.56E+03,946.,2.219E+03));
#3878 = SURFACE_CURVE('',#3879,(#3883,#3895),.PCURVE_S1.);
#3879 = LINE('',#3880,#3881);
#3880 = CARTESIAN_POINT('',(-1.56E+03,946.,2.211E+03));
#3881 = VECTOR('',#3882,1.);
#3882 = DIRECTION('',(0.,0.,1.));
#3883 = PCURVE('',#3884,#3889);
#3884 = PLANE('',#3885);
#3885 = AXIS2_PLACEMENT_3D('',#3886,#3887,#3888);
#3886 = CARTESIAN_POINT('',(-1.56E+03,946.,2.211E+03));
#3887 = DIRECTION('',(1.,0.,0.));
#3888 = DIRECTION('',(0.,0.,1.));
#3889 = DEFINITIONAL_REPRESENTATION('',(#3890),#3894);
#3890 = LINE('',#3891,#3892);
#3891 = CARTESIAN_POINT('',(0.,0.));
#3892 = VECTOR('',#3893,1.);
#3893 = DIRECTION('',(1.,0.));
#3894 = ( GEOMETRIC_REPRESENTATION_CONTEXT(2) 
PARAMETRIC_REPRESENTATION_CONTEXT() REPRESENTATION_CONTEXT('2D SPACE',''
  ) );
#3895 = PCURVE('',#3896,#3901);
#3896 = PLANE('',#3897);
#3897 = AXIS2_PLACEMENT_3D('',#3898,#3899,#3900);
#3898 = CARTESIAN_POINT('',(-1.56E+03,946.,2.211E+03));
#3899 = DIRECTION('',(0.,1.,0.));
#3900 = DIRECTION('',(0.,0.,1.));
#3901 = DEFINITIONAL_REPRESENTATION('',(#3902),#3906);
#3902 = LINE('',#3903,#3904);
#3903 = CARTESIAN_POINT('',(0.,0.));
#3904 = VECTOR('',#3905,1.);
#3905 = DIRECTION('',(1.,0.));
#3906 = ( GEOMETRIC_REPRESENTATION_CONTEXT(2) 
PARAMETRIC_REPRESENTATION_CONTEXT() REPRESENTATION_CONTEXT('2D SPACE',''
  ) );
#3907 = ORIENTED_EDGE('',*,*,#3908,.T.);
#3908 = EDGE_CURVE('',#3874,#3909,#3911,.T.);
#3909 = VERTEX_POINT('',#3910);
#3910 = CARTESIAN_POINT('',(-1.56E+03,964.,2.211E+03));
#3911 = SURFACE_CURVE('',#3912,(#3916,#3923),.PCURVE_S1.);
#3912 = LINE('',#3913,#3914);
#3913 = CARTESIAN_POINT('',(-1.56E+03,946.,2.211E+03));
#3914 = VECTOR('',#3915,1.);
#3915 = DIRECTION('',(0.,1.,0.));
#3916 = PCURVE('',#3884,#3917);
#3917 = DEFINITIONAL_REPRESENTATION('',(#3918),#3922);
#3918 = LINE('',#3919,#3920);
#3919 = CARTESIAN_POINT('',(0.,0.));
#3920 = VECTOR('',#3921,1.);
#3921 = DIRECTION('',(0.,-1.));
#3922 = ( GEOMETRIC_REPRESENTATION_CONTEXT(2) 
PARAMETRIC_REPRESENTATION_CONTEXT() REPRESENTATION_CONTEXT('2D SPACE',''
  ) );
#3923 = PCURVE('',#3924,#3929);
#3924 = PLANE('',#3925);
#3925 = AXIS2_PLACEMENT_3D('',#3926,#3927,#3928);
#3926 = CARTESIAN_POINT('',(-1.56E+03,946.,2.211E+03));
#3927 = DIRECTION('',(0.,0.,1.));
#3928 = DIRECTION('',(1.,0.,0.));
#3929 = DEFINITIONAL_REPRESENTATION('',(#3930),#3934);
#3930 = LINE('',#3931,#3932);
#3931 = CARTESIAN_POINT('',(0.,0.));
#3932 = VECTOR('',#3933,1.);
#3933 = DIRECTION('',(0.,1.));
#3934 = ( GEOMETRIC_REPRESENTATION_CONTEXT(2) 
PARAMETRIC_REPRESENTATION_CONTEXT() REPRESENTATION_CONTEXT('2D SPACE',''
  ) );
#3935 = ORIENTED_EDGE('',*,*,#3936,.T.);
#3936 = EDGE_CURVE('',#3909,#3937,#3939,.T.);
#3937 = VERTEX_POINT('',#3938);
#3938 = CARTESIAN_POINT('',(-1.56E+03,964.,2.219E+03));
#3939 = SURFACE_CURVE('',#3940,(#3944,#3951),.PCURVE_S1.);
#3940 = LINE('',#3941,#3942);
#3941 = CARTESIAN_POINT('',(-1.56E+03,964.,2.211E+03));
#3942 = VECTOR('',#3943,1.);
#3943 = DIRECTION('',(0.,0.,1.));
#3944 = PCURVE('',#3884,#3945);
#3945 = DEFINITIONAL_REPRESENTATION('',(#3946),#3950);
#3946 = LINE('',#3947,#3948);
#3947 = CARTESIAN_POINT('',(0.,-18.));
#3948 = VECTOR('',#3949,1.);
#3949 = DIRECTION('',(1.,0.));
#3950 = ( GEOMETRIC_REPRESENTATION_CONTEXT(2) 
PARAMETRIC_REPRESENTATION_CONTEXT() REPRESENTATION_CONTEXT('2D SPACE',''
  ) );
#3951 = PCURVE('',#3952,#3957);
#3952 = PLANE('',#3953);
#3953 = AXIS2_PLACEMENT_3D('',#3954,#3955,#3956);
#3954 = CARTESIAN_POINT('',(-1.56E+03,964.,2.211E+03));
#3955 = DIRECTION('',(0.,1.,0.));
#3956 = DIRECTION('',(0.,0.,1.));
#3957 = DEFINITIONAL_REPRESENTATION('',(#3958),#3962);
#3958 = LINE('',#3959,#3960);
#3959 = CARTESIAN_POINT('',(0.,0.));
#3960 = VECTOR('',#3961,1.);
#3961 = DIRECTION('',(1.,0.));
#3962 = ( GEOMETRIC_REPRESENTATION_CONTEXT(2) 
PARAMETRIC_REPRESENTATION_CONTEXT() REPRESENTATION_CONTEXT('2D SPACE',''
  ) );
#3963 = ORIENTED_EDGE('',*,*,#3964,.F.);
#3964 = EDGE_CURVE('',#3876,#3937,#3965,.T.);
#3965 = SURFACE_CURVE('',#3966,(#3970,#3977),.PCURVE_S1.);
#3966 = LINE('',#3967,#3968);
#3967 = CARTESIAN_POINT('',(-1.56E+03,946.,2.219E+03));
#3968 = VECTOR('',#3969,1.);
#3969 = DIRECTION('',(0.,1.,0.));
#3970 = PCURVE('',#3884,#3971);
#3971 = DEFINITIONAL_REPRESENTATION('',(#3972),#3976);
#3972 = LINE('',#3973,#3974);
#3973 = CARTESIAN_POINT('',(8.,0.));
#3974 = VECTOR('',#3975,1.);
#3975 = DIRECTION('',(0.,-1.));
#3976 = ( GEOMETRIC_REPRESENTATION_CONTEXT(2) 
PARAMETRIC_REPRESENTATION_CONTEXT() REPRESENTATION_CONTEXT('2D SPACE',''
  ) );
#3977 = PCURVE('',#3978,#3983);
#3978 = PLANE('',#3979);
#3979 = AXIS2_PLACEMENT_3D('',#3980,#3981,#3982);
#3980 = CARTESIAN_POINT('',(-1.56E+03,946.,2.219E+03));
#3981 = DIRECTION('',(0.,0.,1.));
#3982 = DIRECTION('',(1.,0.,0.));
#3983 = DEFINITIONAL_REPRESENTATION('',(#3984),#3988);
#3984 = LINE('',#3985,#3986);
#3985 = CARTESIAN_POINT('',(0.,0.));
#3986 = VECTOR('',#3987,1.);
#3987 = DIRECTION('',(0.,1.));
#3988 = ( GEOMETRIC_REPRESENTATION_CONTEXT(2) 
PARAMETRIC_REPRESENTATION_CONTEXT() REPRESENTATION_CONTEXT('2D SPACE',''
  ) );
#3989 = ADVANCED_FACE('',(#3990),#4004,.T.);
#3990 = FACE_BOUND('',#3991,.T.);
#3991 = EDGE_LOOP('',(#3992,#4022,#4045,#4068));
#3992 = ORIENTED_EDGE('',*,*,#3993,.F.);
#3993 = EDGE_CURVE('',#3994,#3996,#3998,.T.);
#3994 = VERTEX_POINT('',#3995);
#3995 = CARTESIAN_POINT('',(1.56E+03,946.,2.211E+03));
#3996 = VERTEX_POINT('',#3997);
#3997 = CARTESIAN_POINT('',(1.56E+03,946.,2.219E+03));
#3998 = SURFACE_CURVE('',#3999,(#4003,#4015),.PCURVE_S1.);
#3999 = LINE('',#4000,#4001);
#4000 = CARTESIAN_POINT('',(1.56E+03,946.,2.211E+03));
#4001 = VECTOR('',#4002,1.);
#4002 = DIRECTION('',(0.,0.,1.));
#4003 = PCURVE('',#4004,#4009);
#4004 = PLANE('',#4005);
#4005 = AXIS2_PLACEMENT_3D('',#4006,#4007,#4008);
#4006 = CARTESIAN_POINT('',(1.56E+03,946.,2.211E+03));
#4007 = DIRECTION('',(1.,0.,0.));
#4008 = DIRECTION('',(0.,0.,1.));
#4009 = DEFINITIONAL_REPRESENTATION('',(#4010),#4014);
#4010 = LINE('',#4011,#4012);
#4011 = CARTESIAN_POINT('',(0.,0.));
#4012 = VECTOR('',#4013,1.);
#4013 = DIRECTION('',(1.,0.));
#4014 = ( GEOMETRIC_REPRESENTATION_CONTEXT(2) 
PARAMETRIC_REPRESENTATION_CONTEXT() REPRESENTATION_CONTEXT('2D SPACE',''
  ) );
#4015 = PCURVE('',#3896,#4016);
#4016 = DEFINITIONAL_REPRESENTATION('',(#4017),#4021);
#4017 = LINE('',#4018,#4019);
#4018 = CARTESIAN_POINT('',(0.,3.12E+03));
#4019 = VECTOR('',#4020,1.);
#4020 = DIRECTION('',(1.,0.));
#4021 = ( GEOMETRIC_REPRESENTATION_CONTEXT(2) 
PARAMETRIC_REPRESENTATION_CONTEXT() REPRESENTATION_CONTEXT('2D SPACE',''
  ) );
#4022 = ORIENTED_EDGE('',*,*,#4023,.T.);
#4023 = EDGE_CURVE('',#3994,#4024,#4026,.T.);
#4024 = VERTEX_POINT('',#4025);
#4025 = CARTESIAN_POINT('',(1.56E+03,964.,2.211E+03));
#4026 = SURFACE_CURVE('',#4027,(#4031,#4038),.PCURVE_S1.);
#4027 = LINE('',#4028,#4029);
#4028 = CARTESIAN_POINT('',(1.56E+03,946.,2.211E+03));
#4029 = VECTOR('',#4030,1.);
#4030 = DIRECTION('',(0.,1.,0.));
#4031 = PCURVE('',#4004,#4032);
#4032 = DEFINITIONAL_REPRESENTATION('',(#4033),#4037);
#4033 = LINE('',#4034,#4035);
#4034 = CARTESIAN_POINT('',(0.,0.));
#4035 = VECTOR('',#4036,1.);
#4036 = DIRECTION('',(0.,-1.));
#4037 = ( GEOMETRIC_REPRESENTATION_CONTEXT(2) 
PARAMETRIC_REPRESENTATION_CONTEXT() REPRESENTATION_CONTEXT('2D SPACE',''
  ) );
#4038 = PCURVE('',#3924,#4039);
#4039 = DEFINITIONAL_REPRESENTATION('',(#4040),#4044);
#4040 = LINE('',#4041,#4042);
#4041 = CARTESIAN_POINT('',(3.12E+03,0.));
#4042 = VECTOR('',#4043,1.);
#4043 = DIRECTION('',(0.,1.));
#4044 = ( GEOMETRIC_REPRESENTATION_CONTEXT(2) 
PARAMETRIC_REPRESENTATION_CONTEXT() REPRESENTATION_CONTEXT('2D SPACE',''
  ) );
#4045 = ORIENTED_EDGE('',*,*,#4046,.T.);
#4046 = EDGE_CURVE('',#4024,#4047,#4049,.T.);
#4047 = VERTEX_POINT('',#4048);
#4048 = CARTESIAN_POINT('',(1.56E+03,964.,2.219E+03));
#4049 = SURFACE_CURVE('',#4050,(#4054,#4061),.PCURVE_S1.);
#4050 = LINE('',#4051,#4052);
#4051 = CARTESIAN_POINT('',(1.56E+03,964.,2.211E+03));
#4052 = VECTOR('',#4053,1.);
#4053 = DIRECTION('',(0.,0.,1.));
#4054 = PCURVE('',#4004,#4055);
#4055 = DEFINITIONAL_REPRESENTATION('',(#4056),#4060);
#4056 = LINE('',#4057,#4058);
#4057 = CARTESIAN_POINT('',(0.,-18.));
#4058 = VECTOR('',#4059,1.);
#4059 = DIRECTION('',(1.,0.));
#4060 = ( GEOMETRIC_REPRESENTATION_CONTEXT(2) 
PARAMETRIC_REPRESENTATION_CONTEXT() REPRESENTATION_CONTEXT('2D SPACE',''
  ) );
#4061 = PCURVE('',#3952,#4062);
#4062 = DEFINITIONAL_REPRESENTATION('',(#4063),#4067);
#4063 = LINE('',#4064,#4065);
#4064 = CARTESIAN_POINT('',(0.,3.12E+03));
#4065 = VECTOR('',#4066,1.);
#4066 = DIRECTION('',(1.,0.));
#4067 = ( GEOMETRIC_REPRESENTATION_CONTEXT(2) 
PARAMETRIC_REPRESENTATION_CONTEXT() REPRESENTATION_CONTEXT('2D SPACE',''
  ) );
#4068 = ORIENTED_EDGE('',*,*,#4069,.F.);
#4069 = EDGE_CURVE('',#3996,#4047,#4070,.T.);
#4070 = SURFACE_CURVE('',#4071,(#4075,#4082),.PCURVE_S1.);
#4071 = LINE('',#4072,#4073);
#4072 = CARTESIAN_POINT('',(1.56E+03,946.,2.219E+03));
#4073 = VECTOR('',#4074,1.);
#4074 = DIRECTION('',(0.,1.,0.));
#4075 = PCURVE('',#4004,#4076);
#4076 = DEFINITIONAL_REPRESENTATION('',(#4077),#4081);
#4077 = LINE('',#4078,#4079);
#4078 = CARTESIAN_POINT('',(8.,0.));
#4079 = VECTOR('',#4080,1.);
#4080 = DIRECTION('',(0.,-1.));
#4081 = ( GEOMETRIC_REPRESENTATION_CONTEXT(2) 
PARAMETRIC_REPRESENTATION_CONTEXT() REPRESENTATION_CONTEXT('2D SPACE',''
  ) );
#4082 = PCURVE('',#3978,#4083);
#4083 = DEFINITIONAL_REPRESENTATION('',(#4084),#4088);
#4084 = LINE('',#4085,#4086);
#4085 = CARTESIAN_POINT('',(3.12E+03,0.));
#4086 = VECTOR('',#4087,1.);
#4087 = DIRECTION('',(0.,1.));
#4088 = ( GEOMETRIC_REPRESENTATION_CONTEXT(2) 
PARAMETRIC_REPRESENTATION_CONTEXT() REPRESENTATION_CONTEXT('2D SPACE',''
  ) );
#4089 = ADVANCED_FACE('',(#4090),#3896,.F.);
#4090 = FACE_BOUND('',#4091,.F.);
#4091 = EDGE_LOOP('',(#4092,#4113,#4114,#4135));
#4092 = ORIENTED_EDGE('',*,*,#4093,.F.);
#4093 = EDGE_CURVE('',#3874,#3994,#4094,.T.);
#4094 = SURFACE_CURVE('',#4095,(#4099,#4106),.PCURVE_S1.);
#4095 = LINE('',#4096,#4097);
#4096 = CARTESIAN_POINT('',(-1.56E+03,946.,2.211E+03));
#4097 = VECTOR('',#4098,1.);
#4098 = DIRECTION('',(1.,0.,0.));
#4099 = PCURVE('',#3896,#4100);
#4100 = DEFINITIONAL_REPRESENTATION('',(#4101),#4105);
#4101 = LINE('',#4102,#4103);
#4102 = CARTESIAN_POINT('',(0.,0.));
#4103 = VECTOR('',#4104,1.);
#4104 = DIRECTION('',(0.,1.));
#4105 = ( GEOMETRIC_REPRESENTATION_CONTEXT(2) 
PARAMETRIC_REPRESENTATION_CONTEXT() REPRESENTATION_CONTEXT('2D SPACE',''
  ) );
#4106 = PCURVE('',#3924,#4107);
#4107 = DEFINITIONAL_REPRESENTATION('',(#4108),#4112);
#4108 = LINE('',#4109,#4110);
#4109 = CARTESIAN_POINT('',(0.,0.));
#4110 = VECTOR('',#4111,1.);
#4111 = DIRECTION('',(1.,0.));
#4112 = ( GEOMETRIC_REPRESENTATION_CONTEXT(2) 
PARAMETRIC_REPRESENTATION_CONTEXT() REPRESENTATION_CONTEXT('2D SPACE',''
  ) );
#4113 = ORIENTED_EDGE('',*,*,#3873,.T.);
#4114 = ORIENTED_EDGE('',*,*,#4115,.T.);
#4115 = EDGE_CURVE('',#3876,#3996,#4116,.T.);
#4116 = SURFACE_CURVE('',#4117,(#4121,#4128),.PCURVE_S1.);
#4117 = LINE('',#4118,#4119);
#4118 = CARTESIAN_POINT('',(-1.56E+03,946.,2.219E+03));
#4119 = VECTOR('',#4120,1.);
#4120 = DIRECTION('',(1.,0.,0.));
#4121 = PCURVE('',#3896,#4122);
#4122 = DEFINITIONAL_REPRESENTATION('',(#4123),#4127);
#4123 = LINE('',#4124,#4125);
#4124 = CARTESIAN_POINT('',(8.,0.));
#4125 = VECTOR('',#4126,1.);
#4126 = DIRECTION('',(0.,1.));
#4127 = ( GEOMETRIC_REPRESENTATION_CONTEXT(2) 
PARAMETRIC_REPRESENTATION_CONTEXT() REPRESENTATION_CONTEXT('2D SPACE',''
  ) );
#4128 = PCURVE('',#3978,#4129);
#4129 = DEFINITIONAL_REPRESENTATION('',(#4130),#4134);
#4130 = LINE('',#4131,#4132);
#4131 = CARTESIAN_POINT('',(0.,0.));
#4132 = VECTOR('',#4133,1.);
#4133 = DIRECTION('',(1.,0.));
#4134 = ( GEOMETRIC_REPRESENTATION_CONTEXT(2) 
PARAMETRIC_REPRESENTATION_CONTEXT() REPRESENTATION_CONTEXT('2D SPACE',''
  ) );
#4135 = ORIENTED_EDGE('',*,*,#3993,.F.);
#4136 = ADVANCED_FACE('',(#4137),#3952,.T.);
#4137 = FACE_BOUND('',#4138,.T.);
#4138 = EDGE_LOOP('',(#4139,#4160,#4161,#4182));
#4139 = ORIENTED_EDGE('',*,*,#4140,.F.);
#4140 = EDGE_CURVE('',#3909,#4024,#4141,.T.);
#4141 = SURFACE_CURVE('',#4142,(#4146,#4153),.PCURVE_S1.);
#4142 = LINE('',#4143,#4144);
#4143 = CARTESIAN_POINT('',(-1.56E+03,964.,2.211E+03));
#4144 = VECTOR('',#4145,1.);
#4145 = DIRECTION('',(1.,0.,0.));
#4146 = PCURVE('',#3952,#4147);
#4147 = DEFINITIONAL_REPRESENTATION('',(#4148),#4152);
#4148 = LINE('',#4149,#4150);
#4149 = CARTESIAN_POINT('',(0.,0.));
#4150 = VECTOR('',#4151,1.);
#4151 = DIRECTION('',(0.,1.));
#4152 = ( GEOMETRIC_REPRESENTATION_CONTEXT(2) 
PARAMETRIC_REPRESENTATION_CONTEXT() REPRESENTATION_CONTEXT('2D SPACE',''
  ) );
#4153 = PCURVE('',#3924,#4154);
#4154 = DEFINITIONAL_REPRESENTATION('',(#4155),#4159);
#4155 = LINE('',#4156,#4157);
#4156 = CARTESIAN_POINT('',(0.,18.));
#4157 = VECTOR('',#4158,1.);
#4158 = DIRECTION('',(1.,0.));
#4159 = ( GEOMETRIC_REPRESENTATION_CONTEXT(2) 
PARAMETRIC_REPRESENTATION_CONTEXT() REPRESENTATION_CONTEXT('2D SPACE',''
  ) );
#4160 = ORIENTED_EDGE('',*,*,#3936,.T.);
#4161 = ORIENTED_EDGE('',*,*,#4162,.T.);
#4162 = EDGE_CURVE('',#3937,#4047,#4163,.T.);
#4163 = SURFACE_CURVE('',#4164,(#4168,#4175),.PCURVE_S1.);
#4164 = LINE('',#4165,#4166);
#4165 = CARTESIAN_POINT('',(-1.56E+03,964.,2.219E+03));
#4166 = VECTOR('',#4167,1.);
#4167 = DIRECTION('',(1.,0.,0.));
#4168 = PCURVE('',#3952,#4169);
#4169 = DEFINITIONAL_REPRESENTATION('',(#4170),#4174);
#4170 = LINE('',#4171,#4172);
#4171 = CARTESIAN_POINT('',(8.,0.));
#4172 = VECTOR('',#4173,1.);
#4173 = DIRECTION('',(0.,1.));
#4174 = ( GEOMETRIC_REPRESENTATION_CONTEXT(2) 
PARAMETRIC_REPRESENTATION_CONTEXT() REPRESENTATION_CONTEXT('2D SPACE',''
  ) );
#4175 = PCURVE('',#3978,#4176);
#4176 = DEFINITIONAL_REPRESENTATION('',(#4177),#4181);
#4177 = LINE('',#4178,#4179);
#4178 = CARTESIAN_POINT('',(0.,18.));
#4179 = VECTOR('',#4180,1.);
#4180 = DIRECTION('',(1.,0.));
#4181 = ( GEOMETRIC_REPRESENTATION_CONTEXT(2) 
PARAMETRIC_REPRESENTATION_CONTEXT() REPRESENTATION_CONTEXT('2D SPACE',''
  ) );
#4182 = ORIENTED_EDGE('',*,*,#4046,.F.);
#4183 = ADVANCED_FACE('',(#4184),#3924,.F.);
#4184 = FACE_BOUND('',#4185,.F.);
#4185 = EDGE_LOOP('',(#4186,#4187,#4188,#4189));
#4186 = ORIENTED_EDGE('',*,*,#3908,.F.);
#4187 = ORIENTED_EDGE('',*,*,#4093,.T.);
#4188 = ORIENTED_EDGE('',*,*,#4023,.T.);
#4189 = ORIENTED_EDGE('',*,*,#4140,.F.);
#4190 = ADVANCED_FACE('',(#4191),#3978,.T.);
#4191 = FACE_BOUND('',#4192,.T.);
#4192 = EDGE_LOOP('',(#4193,#4194,#4195,#4196));
#4193 = ORIENTED_EDGE('',*,*,#3964,.F.);
#4194 = ORIENTED_EDGE('',*,*,#4115,.T.);
#4195 = ORIENTED_EDGE('',*,*,#4069,.T.);
#4196 = ORIENTED_EDGE('',*,*,#4162,.F.);
#4197 = ( GEOMETRIC_REPRESENTATION_CONTEXT(3) 
GLOBAL_UNCERTAINTY_ASSIGNED_CONTEXT((#4201)) 
GLOBAL_UNIT_ASSIGNED_CONTEXT((#4198,#4199,#4200)) REPRESENTATION_CONTEXT
('Context #1','3D Context with UNIT and UNCERTAINTY') );
#4198 = ( LENGTH_UNIT() NAMED_UNIT(*) SI_UNIT(.MILLI.,.METRE.) );
#4199 = ( NAMED_UNIT(*) PLANE_ANGLE_UNIT() SI_UNIT($,.RADIAN.) );
#4200 = ( NAMED_UNIT(*) SI_UNIT($,.STERADIAN.) SOLID_ANGLE_UNIT() );
#4201 = UNCERTAINTY_MEASURE_WITH_UNIT(LENGTH_MEASURE(1.E-07),#4198,
  'distance_accuracy_value','confusion accuracy');
#4202 = CONTEXT_DEPENDENT_SHAPE_REPRESENTATION(#4203,#4205);
#4203 = ( REPRESENTATION_RELATIONSHIP('','',#3866,#10) 
REPRESENTATION_RELATIONSHIP_WITH_TRANSFORMATION(#4204) 
SHAPE_REPRESENTATION_RELATIONSHIP() );
#4204 = ITEM_DEFINED_TRANSFORMATION('','',#11,#55);
#4205 = PRODUCT_DEFINITION_SHAPE('Placement','Placement of an item',
  #4206);
#4206 = NEXT_ASSEMBLY_USAGE_OCCURRENCE('11','X_Belt_2','',#5,#3861,$);
#4207 = PRODUCT_RELATED_PRODUCT_CATEGORY('part',$,(#3863));
#4208 = SHAPE_DEFINITION_REPRESENTATION(#4209,#4215);
#4209 = PRODUCT_DEFINITION_SHAPE('','',#4210);
#4210 = PRODUCT_DEFINITION('design','',#4211,#4214);
#4211 = PRODUCT_DEFINITION_FORMATION('','',#4212);
#4212 = PRODUCT('Y_Belt_1','Y_Belt_1','',(#4213));
#4213 = PRODUCT_CONTEXT('',#2,'mechanical');
#4214 = PRODUCT_DEFINITION_CONTEXT('part definition',#2,'design');
#4215 = ADVANCED_BREP_SHAPE_REPRESENTATION('',(#11,#4216),#4546);
#4216 = MANIFOLD_SOLID_BREP('',#4217);
#4217 = CLOSED_SHELL('',(#4218,#4338,#4438,#4485,#4532,#4539));
#4218 = ADVANCED_FACE('',(#4219),#4233,.F.);
#4219 = FACE_BOUND('',#4220,.F.);
#4220 = EDGE_LOOP('',(#4221,#4256,#4284,#4312));
#4221 = ORIENTED_EDGE('',*,*,#4222,.F.);
#4222 = EDGE_CURVE('',#4223,#4225,#4227,.T.);
#4223 = VERTEX_POINT('',#4224);
#4224 = CARTESIAN_POINT('',(-1.589E+03,-935.,2.211E+03));
#4225 = VERTEX_POINT('',#4226);
#4226 = CARTESIAN_POINT('',(-1.589E+03,-935.,2.219E+03));
#4227 = SURFACE_CURVE('',#4228,(#4232,#4244),.PCURVE_S1.);
#4228 = LINE('',#4229,#4230);
#4229 = CARTESIAN_POINT('',(-1.589E+03,-935.,2.211E+03));
#4230 = VECTOR('',#4231,1.);
#4231 = DIRECTION('',(0.,0.,1.));
#4232 = PCURVE('',#4233,#4238);
#4233 = PLANE('',#4234);
#4234 = AXIS2_PLACEMENT_3D('',#4235,#4236,#4237);
#4235 = CARTESIAN_POINT('',(-1.589E+03,-935.,2.211E+03));
#4236 = DIRECTION('',(1.,0.,0.));
#4237 = DIRECTION('',(0.,0.,1.));
#4238 = DEFINITIONAL_REPRESENTATION('',(#4239),#4243);
#4239 = LINE('',#4240,#4241);
#4240 = CARTESIAN_POINT('',(0.,0.));
#4241 = VECTOR('',#4242,1.);
#4242 = DIRECTION('',(1.,0.));
#4243 = ( GEOMETRIC_REPRESENTATION_CONTEXT(2) 
PARAMETRIC_REPRESENTATION_CONTEXT() REPRESENTATION_CONTEXT('2D SPACE',''
  ) );
#4244 = PCURVE('',#4245,#4250);
#4245 = PLANE('',#4246);
#4246 = AXIS2_PLACEMENT_3D('',#4247,#4248,#4249);
#4247 = CARTESIAN_POINT('',(-1.589E+03,-935.,2.211E+03));
#4248 = DIRECTION('',(0.,1.,0.));
#4249 = DIRECTION('',(0.,0.,1.));
#4250 = DEFINITIONAL_REPRESENTATION('',(#4251),#4255);
#4251 = LINE('',#4252,#4253);
#4252 = CARTESIAN_POINT('',(0.,0.));
#4253 = VECTOR('',#4254,1.);
#4254 = DIRECTION('',(1.,0.));
#4255 = ( GEOMETRIC_REPRESENTATION_CONTEXT(2) 
PARAMETRIC_REPRESENTATION_CONTEXT() REPRESENTATION_CONTEXT('2D SPACE',''
  ) );
#4256 = ORIENTED_EDGE('',*,*,#4257,.T.);
#4257 = EDGE_CURVE('',#4223,#4258,#4260,.T.);
#4258 = VERTEX_POINT('',#4259);
#4259 = CARTESIAN_POINT('',(-1.589E+03,935.,2.211E+03));
#4260 = SURFACE_CURVE('',#4261,(#4265,#4272),.PCURVE_S1.);
#4261 = LINE('',#4262,#4263);
#4262 = CARTESIAN_POINT('',(-1.589E+03,-935.,2.211E+03));
#4263 = VECTOR('',#4264,1.);
#4264 = DIRECTION('',(0.,1.,0.));
#4265 = PCURVE('',#4233,#4266);
#4266 = DEFINITIONAL_REPRESENTATION('',(#4267),#4271);
#4267 = LINE('',#4268,#4269);
#4268 = CARTESIAN_POINT('',(0.,0.));
#4269 = VECTOR('',#4270,1.);
#4270 = DIRECTION('',(0.,-1.));
#4271 = ( GEOMETRIC_REPRESENTATION_CONTEXT(2) 
PARAMETRIC_REPRESENTATION_CONTEXT() REPRESENTATION_CONTEXT('2D SPACE',''
  ) );
#4272 = PCURVE('',#4273,#4278);
#4273 = PLANE('',#4274);
#4274 = AXIS2_PLACEMENT_3D('',#4275,#4276,#4277);
#4275 = CARTESIAN_POINT('',(-1.589E+03,-935.,2.211E+03));
#4276 = DIRECTION('',(0.,0.,1.));
#4277 = DIRECTION('',(1.,0.,0.));
#4278 = DEFINITIONAL_REPRESENTATION('',(#4279),#4283);
#4279 = LINE('',#4280,#4281);
#4280 = CARTESIAN_POINT('',(0.,0.));
#4281 = VECTOR('',#4282,1.);
#4282 = DIRECTION('',(0.,1.));
#4283 = ( GEOMETRIC_REPRESENTATION_CONTEXT(2) 
PARAMETRIC_REPRESENTATION_CONTEXT() REPRESENTATION_CONTEXT('2D SPACE',''
  ) );
#4284 = ORIENTED_EDGE('',*,*,#4285,.T.);
#4285 = EDGE_CURVE('',#4258,#4286,#4288,.T.);
#4286 = VERTEX_POINT('',#4287);
#4287 = CARTESIAN_POINT('',(-1.589E+03,935.,2.219E+03));
#4288 = SURFACE_CURVE('',#4289,(#4293,#4300),.PCURVE_S1.);
#4289 = LINE('',#4290,#4291);
#4290 = CARTESIAN_POINT('',(-1.589E+03,935.,2.211E+03));
#4291 = VECTOR('',#4292,1.);
#4292 = DIRECTION('',(0.,0.,1.));
#4293 = PCURVE('',#4233,#4294);
#4294 = DEFINITIONAL_REPRESENTATION('',(#4295),#4299);
#4295 = LINE('',#4296,#4297);
#4296 = CARTESIAN_POINT('',(0.,-1.87E+03));
#4297 = VECTOR('',#4298,1.);
#4298 = DIRECTION('',(1.,0.));
#4299 = ( GEOMETRIC_REPRESENTATION_CONTEXT(2) 
PARAMETRIC_REPRESENTATION_CONTEXT() REPRESENTATION_CONTEXT('2D SPACE',''
  ) );
#4300 = PCURVE('',#4301,#4306);
#4301 = PLANE('',#4302);
#4302 = AXIS2_PLACEMENT_3D('',#4303,#4304,#4305);
#4303 = CARTESIAN_POINT('',(-1.589E+03,935.,2.211E+03));
#4304 = DIRECTION('',(0.,1.,0.));
#4305 = DIRECTION('',(0.,0.,1.));
#4306 = DEFINITIONAL_REPRESENTATION('',(#4307),#4311);
#4307 = LINE('',#4308,#4309);
#4308 = CARTESIAN_POINT('',(0.,0.));
#4309 = VECTOR('',#4310,1.);
#4310 = DIRECTION('',(1.,0.));
#4311 = ( GEOMETRIC_REPRESENTATION_CONTEXT(2) 
PARAMETRIC_REPRESENTATION_CONTEXT() REPRESENTATION_CONTEXT('2D SPACE',''
  ) );
#4312 = ORIENTED_EDGE('',*,*,#4313,.F.);
#4313 = EDGE_CURVE('',#4225,#4286,#4314,.T.);
#4314 = SURFACE_CURVE('',#4315,(#4319,#4326),.PCURVE_S1.);
#4315 = LINE('',#4316,#4317);
#4316 = CARTESIAN_POINT('',(-1.589E+03,-935.,2.219E+03));
#4317 = VECTOR('',#4318,1.);
#4318 = DIRECTION('',(0.,1.,0.));
#4319 = PCURVE('',#4233,#4320);
#4320 = DEFINITIONAL_REPRESENTATION('',(#4321),#4325);
#4321 = LINE('',#4322,#4323);
#4322 = CARTESIAN_POINT('',(8.,0.));
#4323 = VECTOR('',#4324,1.);
#4324 = DIRECTION('',(0.,-1.));
#4325 = ( GEOMETRIC_REPRESENTATION_CONTEXT(2) 
PARAMETRIC_REPRESENTATION_CONTEXT() REPRESENTATION_CONTEXT('2D SPACE',''
  ) );
#4326 = PCURVE('',#4327,#4332);
#4327 = PLANE('',#4328);
#4328 = AXIS2_PLACEMENT_3D('',#4329,#4330,#4331);
#4329 = CARTESIAN_POINT('',(-1.589E+03,-935.,2.219E+03));
#4330 = DIRECTION('',(0.,0.,1.));
#4331 = DIRECTION('',(1.,0.,0.));
#4332 = DEFINITIONAL_REPRESENTATION('',(#4333),#4337);
#4333 = LINE('',#4334,#4335);
#4334 = CARTESIAN_POINT('',(0.,0.));
#4335 = VECTOR('',#4336,1.);
#4336 = DIRECTION('',(0.,1.));
#4337 = ( GEOMETRIC_REPRESENTATION_CONTEXT(2) 
PARAMETRIC_REPRESENTATION_CONTEXT() REPRESENTATION_CONTEXT('2D SPACE',''
  ) );
#4338 = ADVANCED_FACE('',(#4339),#4353,.T.);
#4339 = FACE_BOUND('',#4340,.T.);
#4340 = EDGE_LOOP('',(#4341,#4371,#4394,#4417));
#4341 = ORIENTED_EDGE('',*,*,#4342,.F.);
#4342 = EDGE_CURVE('',#4343,#4345,#4347,.T.);
#4343 = VERTEX_POINT('',#4344);
#4344 = CARTESIAN_POINT('',(-1.571E+03,-935.,2.211E+03));
#4345 = VERTEX_POINT('',#4346);
#4346 = CARTESIAN_POINT('',(-1.571E+03,-935.,2.219E+03));
#4347 = SURFACE_CURVE('',#4348,(#4352,#4364),.PCURVE_S1.);
#4348 = LINE('',#4349,#4350);
#4349 = CARTESIAN_POINT('',(-1.571E+03,-935.,2.211E+03));
#4350 = VECTOR('',#4351,1.);
#4351 = DIRECTION('',(0.,0.,1.));
#4352 = PCURVE('',#4353,#4358);
#4353 = PLANE('',#4354);
#4354 = AXIS2_PLACEMENT_3D('',#4355,#4356,#4357);
#4355 = CARTESIAN_POINT('',(-1.571E+03,-935.,2.211E+03));
#4356 = DIRECTION('',(1.,0.,0.));
#4357 = DIRECTION('',(0.,0.,1.));
#4358 = DEFINITIONAL_REPRESENTATION('',(#4359),#4363);
#4359 = LINE('',#4360,#4361);
#4360 = CARTESIAN_POINT('',(0.,0.));
#4361 = VECTOR('',#4362,1.);
#4362 = DIRECTION('',(1.,0.));
#4363 = ( GEOMETRIC_REPRESENTATION_CONTEXT(2) 
PARAMETRIC_REPRESENTATION_CONTEXT() REPRESENTATION_CONTEXT('2D SPACE',''
  ) );
#4364 = PCURVE('',#4245,#4365);
#4365 = DEFINITIONAL_REPRESENTATION('',(#4366),#4370);
#4366 = LINE('',#4367,#4368);
#4367 = CARTESIAN_POINT('',(0.,18.));
#4368 = VECTOR('',#4369,1.);
#4369 = DIRECTION('',(1.,0.));
#4370 = ( GEOMETRIC_REPRESENTATION_CONTEXT(2) 
PARAMETRIC_REPRESENTATION_CONTEXT() REPRESENTATION_CONTEXT('2D SPACE',''
  ) );
#4371 = ORIENTED_EDGE('',*,*,#4372,.T.);
#4372 = EDGE_CURVE('',#4343,#4373,#4375,.T.);
#4373 = VERTEX_POINT('',#4374);
#4374 = CARTESIAN_POINT('',(-1.571E+03,935.,2.211E+03));
#4375 = SURFACE_CURVE('',#4376,(#4380,#4387),.PCURVE_S1.);
#4376 = LINE('',#4377,#4378);
#4377 = CARTESIAN_POINT('',(-1.571E+03,-935.,2.211E+03));
#4378 = VECTOR('',#4379,1.);
#4379 = DIRECTION('',(0.,1.,0.));
#4380 = PCURVE('',#4353,#4381);
#4381 = DEFINITIONAL_REPRESENTATION('',(#4382),#4386);
#4382 = LINE('',#4383,#4384);
#4383 = CARTESIAN_POINT('',(0.,0.));
#4384 = VECTOR('',#4385,1.);
#4385 = DIRECTION('',(0.,-1.));
#4386 = ( GEOMETRIC_REPRESENTATION_CONTEXT(2) 
PARAMETRIC_REPRESENTATION_CONTEXT() REPRESENTATION_CONTEXT('2D SPACE',''
  ) );
#4387 = PCURVE('',#4273,#4388);
#4388 = DEFINITIONAL_REPRESENTATION('',(#4389),#4393);
#4389 = LINE('',#4390,#4391);
#4390 = CARTESIAN_POINT('',(18.,0.));
#4391 = VECTOR('',#4392,1.);
#4392 = DIRECTION('',(0.,1.));
#4393 = ( GEOMETRIC_REPRESENTATION_CONTEXT(2) 
PARAMETRIC_REPRESENTATION_CONTEXT() REPRESENTATION_CONTEXT('2D SPACE',''
  ) );
#4394 = ORIENTED_EDGE('',*,*,#4395,.T.);
#4395 = EDGE_CURVE('',#4373,#4396,#4398,.T.);
#4396 = VERTEX_POINT('',#4397);
#4397 = CARTESIAN_POINT('',(-1.571E+03,935.,2.219E+03));
#4398 = SURFACE_CURVE('',#4399,(#4403,#4410),.PCURVE_S1.);
#4399 = LINE('',#4400,#4401);
#4400 = CARTESIAN_POINT('',(-1.571E+03,935.,2.211E+03));
#4401 = VECTOR('',#4402,1.);
#4402 = DIRECTION('',(0.,0.,1.));
#4403 = PCURVE('',#4353,#4404);
#4404 = DEFINITIONAL_REPRESENTATION('',(#4405),#4409);
#4405 = LINE('',#4406,#4407);
#4406 = CARTESIAN_POINT('',(0.,-1.87E+03));
#4407 = VECTOR('',#4408,1.);
#4408 = DIRECTION('',(1.,0.));
#4409 = ( GEOMETRIC_REPRESENTATION_CONTEXT(2) 
PARAMETRIC_REPRESENTATION_CONTEXT() REPRESENTATION_CONTEXT('2D SPACE',''
  ) );
#4410 = PCURVE('',#4301,#4411);
#4411 = DEFINITIONAL_REPRESENTATION('',(#4412),#4416);
#4412 = LINE('',#4413,#4414);
#4413 = CARTESIAN_POINT('',(0.,18.));
#4414 = VECTOR('',#4415,1.);
#4415 = DIRECTION('',(1.,0.));
#4416 = ( GEOMETRIC_REPRESENTATION_CONTEXT(2) 
PARAMETRIC_REPRESENTATION_CONTEXT() REPRESENTATION_CONTEXT('2D SPACE',''
  ) );
#4417 = ORIENTED_EDGE('',*,*,#4418,.F.);
#4418 = EDGE_CURVE('',#4345,#4396,#4419,.T.);
#4419 = SURFACE_CURVE('',#4420,(#4424,#4431),.PCURVE_S1.);
#4420 = LINE('',#4421,#4422);
#4421 = CARTESIAN_POINT('',(-1.571E+03,-935.,2.219E+03));
#4422 = VECTOR('',#4423,1.);
#4423 = DIRECTION('',(0.,1.,0.));
#4424 = PCURVE('',#4353,#4425);
#4425 = DEFINITIONAL_REPRESENTATION('',(#4426),#4430);
#4426 = LINE('',#4427,#4428);
#4427 = CARTESIAN_POINT('',(8.,0.));
#4428 = VECTOR('',#4429,1.);
#4429 = DIRECTION('',(0.,-1.));
#4430 = ( GEOMETRIC_REPRESENTATION_CONTEXT(2) 
PARAMETRIC_REPRESENTATION_CONTEXT() REPRESENTATION_CONTEXT('2D SPACE',''
  ) );
#4431 = PCURVE('',#4327,#4432);
#4432 = DEFINITIONAL_REPRESENTATION('',(#4433),#4437);
#4433 = LINE('',#4434,#4435);
#4434 = CARTESIAN_POINT('',(18.,0.));
#4435 = VECTOR('',#4436,1.);
#4436 = DIRECTION('',(0.,1.));
#4437 = ( GEOMETRIC_REPRESENTATION_CONTEXT(2) 
PARAMETRIC_REPRESENTATION_CONTEXT() REPRESENTATION_CONTEXT('2D SPACE',''
  ) );
#4438 = ADVANCED_FACE('',(#4439),#4245,.F.);
#4439 = FACE_BOUND('',#4440,.F.);
#4440 = EDGE_LOOP('',(#4441,#4462,#4463,#4484));
#4441 = ORIENTED_EDGE('',*,*,#4442,.F.);
#4442 = EDGE_CURVE('',#4223,#4343,#4443,.T.);
#4443 = SURFACE_CURVE('',#4444,(#4448,#4455),.PCURVE_S1.);
#4444 = LINE('',#4445,#4446);
#4445 = CARTESIAN_POINT('',(-1.589E+03,-935.,2.211E+03));
#4446 = VECTOR('',#4447,1.);
#4447 = DIRECTION('',(1.,0.,0.));
#4448 = PCURVE('',#4245,#4449);
#4449 = DEFINITIONAL_REPRESENTATION('',(#4450),#4454);
#4450 = LINE('',#4451,#4452);
#4451 = CARTESIAN_POINT('',(0.,0.));
#4452 = VECTOR('',#4453,1.);
#4453 = DIRECTION('',(0.,1.));
#4454 = ( GEOMETRIC_REPRESENTATION_CONTEXT(2) 
PARAMETRIC_REPRESENTATION_CONTEXT() REPRESENTATION_CONTEXT('2D SPACE',''
  ) );
#4455 = PCURVE('',#4273,#4456);
#4456 = DEFINITIONAL_REPRESENTATION('',(#4457),#4461);
#4457 = LINE('',#4458,#4459);
#4458 = CARTESIAN_POINT('',(0.,0.));
#4459 = VECTOR('',#4460,1.);
#4460 = DIRECTION('',(1.,0.));
#4461 = ( GEOMETRIC_REPRESENTATION_CONTEXT(2) 
PARAMETRIC_REPRESENTATION_CONTEXT() REPRESENTATION_CONTEXT('2D SPACE',''
  ) );
#4462 = ORIENTED_EDGE('',*,*,#4222,.T.);
#4463 = ORIENTED_EDGE('',*,*,#4464,.T.);
#4464 = EDGE_CURVE('',#4225,#4345,#4465,.T.);
#4465 = SURFACE_CURVE('',#4466,(#4470,#4477),.PCURVE_S1.);
#4466 = LINE('',#4467,#4468);
#4467 = CARTESIAN_POINT('',(-1.589E+03,-935.,2.219E+03));
#4468 = VECTOR('',#4469,1.);
#4469 = DIRECTION('',(1.,0.,0.));
#4470 = PCURVE('',#4245,#4471);
#4471 = DEFINITIONAL_REPRESENTATION('',(#4472),#4476);
#4472 = LINE('',#4473,#4474);
#4473 = CARTESIAN_POINT('',(8.,0.));
#4474 = VECTOR('',#4475,1.);
#4475 = DIRECTION('',(0.,1.));
#4476 = ( GEOMETRIC_REPRESENTATION_CONTEXT(2) 
PARAMETRIC_REPRESENTATION_CONTEXT() REPRESENTATION_CONTEXT('2D SPACE',''
  ) );
#4477 = PCURVE('',#4327,#4478);
#4478 = DEFINITIONAL_REPRESENTATION('',(#4479),#4483);
#4479 = LINE('',#4480,#4481);
#4480 = CARTESIAN_POINT('',(0.,0.));
#4481 = VECTOR('',#4482,1.);
#4482 = DIRECTION('',(1.,0.));
#4483 = ( GEOMETRIC_REPRESENTATION_CONTEXT(2) 
PARAMETRIC_REPRESENTATION_CONTEXT() REPRESENTATION_CONTEXT('2D SPACE',''
  ) );
#4484 = ORIENTED_EDGE('',*,*,#4342,.F.);
#4485 = ADVANCED_FACE('',(#4486),#4301,.T.);
#4486 = FACE_BOUND('',#4487,.T.);
#4487 = EDGE_LOOP('',(#4488,#4509,#4510,#4531));
#4488 = ORIENTED_EDGE('',*,*,#4489,.F.);
#4489 = EDGE_CURVE('',#4258,#4373,#4490,.T.);
#4490 = SURFACE_CURVE('',#4491,(#4495,#4502),.PCURVE_S1.);
#4491 = LINE('',#4492,#4493);
#4492 = CARTESIAN_POINT('',(-1.589E+03,935.,2.211E+03));
#4493 = VECTOR('',#4494,1.);
#4494 = DIRECTION('',(1.,0.,0.));
#4495 = PCURVE('',#4301,#4496);
#4496 = DEFINITIONAL_REPRESENTATION('',(#4497),#4501);
#4497 = LINE('',#4498,#4499);
#4498 = CARTESIAN_POINT('',(0.,0.));
#4499 = VECTOR('',#4500,1.);
#4500 = DIRECTION('',(0.,1.));
#4501 = ( GEOMETRIC_REPRESENTATION_CONTEXT(2) 
PARAMETRIC_REPRESENTATION_CONTEXT() REPRESENTATION_CONTEXT('2D SPACE',''
  ) );
#4502 = PCURVE('',#4273,#4503);
#4503 = DEFINITIONAL_REPRESENTATION('',(#4504),#4508);
#4504 = LINE('',#4505,#4506);
#4505 = CARTESIAN_POINT('',(0.,1.87E+03));
#4506 = VECTOR('',#4507,1.);
#4507 = DIRECTION('',(1.,0.));
#4508 = ( GEOMETRIC_REPRESENTATION_CONTEXT(2) 
PARAMETRIC_REPRESENTATION_CONTEXT() REPRESENTATION_CONTEXT('2D SPACE',''
  ) );
#4509 = ORIENTED_EDGE('',*,*,#4285,.T.);
#4510 = ORIENTED_EDGE('',*,*,#4511,.T.);
#4511 = EDGE_CURVE('',#4286,#4396,#4512,.T.);
#4512 = SURFACE_CURVE('',#4513,(#4517,#4524),.PCURVE_S1.);
#4513 = LINE('',#4514,#4515);
#4514 = CARTESIAN_POINT('',(-1.589E+03,935.,2.219E+03));
#4515 = VECTOR('',#4516,1.);
#4516 = DIRECTION('',(1.,0.,0.));
#4517 = PCURVE('',#4301,#4518);
#4518 = DEFINITIONAL_REPRESENTATION('',(#4519),#4523);
#4519 = LINE('',#4520,#4521);
#4520 = CARTESIAN_POINT('',(8.,0.));
#4521 = VECTOR('',#4522,1.);
#4522 = DIRECTION('',(0.,1.));
#4523 = ( GEOMETRIC_REPRESENTATION_CONTEXT(2) 
PARAMETRIC_REPRESENTATION_CONTEXT() REPRESENTATION_CONTEXT('2D SPACE',''
  ) );
#4524 = PCURVE('',#4327,#4525);
#4525 = DEFINITIONAL_REPRESENTATION('',(#4526),#4530);
#4526 = LINE('',#4527,#4528);
#4527 = CARTESIAN_POINT('',(0.,1.87E+03));
#4528 = VECTOR('',#4529,1.);
#4529 = DIRECTION('',(1.,0.));
#4530 = ( GEOMETRIC_REPRESENTATION_CONTEXT(2) 
PARAMETRIC_REPRESENTATION_CONTEXT() REPRESENTATION_CONTEXT('2D SPACE',''
  ) );
#4531 = ORIENTED_EDGE('',*,*,#4395,.F.);
#4532 = ADVANCED_FACE('',(#4533),#4273,.F.);
#4533 = FACE_BOUND('',#4534,.F.);
#4534 = EDGE_LOOP('',(#4535,#4536,#4537,#4538));
#4535 = ORIENTED_EDGE('',*,*,#4257,.F.);
#4536 = ORIENTED_EDGE('',*,*,#4442,.T.);
#4537 = ORIENTED_EDGE('',*,*,#4372,.T.);
#4538 = ORIENTED_EDGE('',*,*,#4489,.F.);
#4539 = ADVANCED_FACE('',(#4540),#4327,.T.);
#4540 = FACE_BOUND('',#4541,.T.);
#4541 = EDGE_LOOP('',(#4542,#4543,#4544,#4545));
#4542 = ORIENTED_EDGE('',*,*,#4313,.F.);
#4543 = ORIENTED_EDGE('',*,*,#4464,.T.);
#4544 = ORIENTED_EDGE('',*,*,#4418,.T.);
#4545 = ORIENTED_EDGE('',*,*,#4511,.F.);
#4546 = ( GEOMETRIC_REPRESENTATION_CONTEXT(3) 
GLOBAL_UNCERTAINTY_ASSIGNED_CONTEXT((#4550)) 
GLOBAL_UNIT_ASSIGNED_CONTEXT((#4547,#4548,#4549)) REPRESENTATION_CONTEXT
('Context #1','3D Context with UNIT and UNCERTAINTY') );
#4547 = ( LENGTH_UNIT() NAMED_UNIT(*) SI_UNIT(.MILLI.,.METRE.) );
#4548 = ( NAMED_UNIT(*) PLANE_ANGLE_UNIT() SI_UNIT($,.RADIAN.) );
#4549 = ( NAMED_UNIT(*) SI_UNIT($,.STERADIAN.) SOLID_ANGLE_UNIT() );
#4550 = UNCERTAINTY_MEASURE_WITH_UNIT(LENGTH_MEASURE(1.E-07),#4547,
  'distance_accuracy_value','confusion accuracy');
#4551 = CONTEXT_DEPENDENT_SHAPE_REPRESENTATION(#4552,#4554);
#4552 = ( REPRESENTATION_RELATIONSHIP('','',#4215,#10) 
REPRESENTATION_RELATIONSHIP_WITH_TRANSFORMATION(#4553) 
SHAPE_REPRESENTATION_RELATIONSHIP() );
#4553 = ITEM_DEFINED_TRANSFORMATION('','',#11,#59);
#4554 = PRODUCT_DEFINITION_SHAPE('Placement','Placement of an item',
  #4555);
#4555 = NEXT_ASSEMBLY_USAGE_OCCURRENCE('12','Y_Belt_1','',#5,#4210,$);
#4556 = PRODUCT_RELATED_PRODUCT_CATEGORY('part',$,(#4212));
#4557 = SHAPE_DEFINITION_REPRESENTATION(#4558,#4564);
#4558 = PRODUCT_DEFINITION_SHAPE('','',#4559);
#4559 = PRODUCT_DEFINITION('design','',#4560,#4563);
#4560 = PRODUCT_DEFINITION_FORMATION('','',#4561);
#4561 = PRODUCT('Y_Belt_2','Y_Belt_2','',(#4562));
#4562 = PRODUCT_CONTEXT('',#2,'mechanical');
#4563 = PRODUCT_DEFINITION_CONTEXT('part definition',#2,'design');
#4564 = ADVANCED_BREP_SHAPE_REPRESENTATION('',(#11,#4565),#4895);
#4565 = MANIFOLD_SOLID_BREP('',#4566);
#4566 = CLOSED_SHELL('',(#4567,#4687,#4787,#4834,#4881,#4888));
#4567 = ADVANCED_FACE('',(#4568),#4582,.F.);
#4568 = FACE_BOUND('',#4569,.F.);
#4569 = EDGE_LOOP('',(#4570,#4605,#4633,#4661));
#4570 = ORIENTED_EDGE('',*,*,#4571,.F.);
#4571 = EDGE_CURVE('',#4572,#4574,#4576,.T.);
#4572 = VERTEX_POINT('',#4573);
#4573 = CARTESIAN_POINT('',(1.571E+03,-935.,2.211E+03));
#4574 = VERTEX_POINT('',#4575);
#4575 = CARTESIAN_POINT('',(1.571E+03,-935.,2.219E+03));
#4576 = SURFACE_CURVE('',#4577,(#4581,#4593),.PCURVE_S1.);
#4577 = LINE('',#4578,#4579);
#4578 = CARTESIAN_POINT('',(1.571E+03,-935.,2.211E+03));
#4579 = VECTOR('',#4580,1.);
#4580 = DIRECTION('',(0.,0.,1.));
#4581 = PCURVE('',#4582,#4587);
#4582 = PLANE('',#4583);
#4583 = AXIS2_PLACEMENT_3D('',#4584,#4585,#4586);
#4584 = CARTESIAN_POINT('',(1.571E+03,-935.,2.211E+03));
#4585 = DIRECTION('',(1.,0.,0.));
#4586 = DIRECTION('',(0.,0.,1.));
#4587 = DEFINITIONAL_REPRESENTATION('',(#4588),#4592);
#4588 = LINE('',#4589,#4590);
#4589 = CARTESIAN_POINT('',(0.,0.));
#4590 = VECTOR('',#4591,1.);
#4591 = DIRECTION('',(1.,0.));
#4592 = ( GEOMETRIC_REPRESENTATION_CONTEXT(2) 
PARAMETRIC_REPRESENTATION_CONTEXT() REPRESENTATION_CONTEXT('2D SPACE',''
  ) );
#4593 = PCURVE('',#4594,#4599);
#4594 = PLANE('',#4595);
#4595 = AXIS2_PLACEMENT_3D('',#4596,#4597,#4598);
#4596 = CARTESIAN_POINT('',(1.571E+03,-935.,2.211E+03));
#4597 = DIRECTION('',(0.,1.,0.));
#4598 = DIRECTION('',(0.,0.,1.));
#4599 = DEFINITIONAL_REPRESENTATION('',(#4600),#4604);
#4600 = LINE('',#4601,#4602);
#4601 = CARTESIAN_POINT('',(0.,0.));
#4602 = VECTOR('',#4603,1.);
#4603 = DIRECTION('',(1.,0.));
#4604 = ( GEOMETRIC_REPRESENTATION_CONTEXT(2) 
PARAMETRIC_REPRESENTATION_CONTEXT() REPRESENTATION_CONTEXT('2D SPACE',''
  ) );
#4605 = ORIENTED_EDGE('',*,*,#4606,.T.);
#4606 = EDGE_CURVE('',#4572,#4607,#4609,.T.);
#4607 = VERTEX_POINT('',#4608);
#4608 = CARTESIAN_POINT('',(1.571E+03,935.,2.211E+03));
#4609 = SURFACE_CURVE('',#4610,(#4614,#4621),.PCURVE_S1.);
#4610 = LINE('',#4611,#4612);
#4611 = CARTESIAN_POINT('',(1.571E+03,-935.,2.211E+03));
#4612 = VECTOR('',#4613,1.);
#4613 = DIRECTION('',(0.,1.,0.));
#4614 = PCURVE('',#4582,#4615);
#4615 = DEFINITIONAL_REPRESENTATION('',(#4616),#4620);
#4616 = LINE('',#4617,#4618);
#4617 = CARTESIAN_POINT('',(0.,0.));
#4618 = VECTOR('',#4619,1.);
#4619 = DIRECTION('',(0.,-1.));
#4620 = ( GEOMETRIC_REPRESENTATION_CONTEXT(2) 
PARAMETRIC_REPRESENTATION_CONTEXT() REPRESENTATION_CONTEXT('2D SPACE',''
  ) );
#4621 = PCURVE('',#4622,#4627);
#4622 = PLANE('',#4623);
#4623 = AXIS2_PLACEMENT_3D('',#4624,#4625,#4626);
#4624 = CARTESIAN_POINT('',(1.571E+03,-935.,2.211E+03));
#4625 = DIRECTION('',(0.,0.,1.));
#4626 = DIRECTION('',(1.,0.,0.));
#4627 = DEFINITIONAL_REPRESENTATION('',(#4628),#4632);
#4628 = LINE('',#4629,#4630);
#4629 = CARTESIAN_POINT('',(0.,0.));
#4630 = VECTOR('',#4631,1.);
#4631 = DIRECTION('',(0.,1.));
#4632 = ( GEOMETRIC_REPRESENTATION_CONTEXT(2) 
PARAMETRIC_REPRESENTATION_CONTEXT() REPRESENTATION_CONTEXT('2D SPACE',''
  ) );
#4633 = ORIENTED_EDGE('',*,*,#4634,.T.);
#4634 = EDGE_CURVE('',#4607,#4635,#4637,.T.);
#4635 = VERTEX_POINT('',#4636);
#4636 = CARTESIAN_POINT('',(1.571E+03,935.,2.219E+03));
#4637 = SURFACE_CURVE('',#4638,(#4642,#4649),.PCURVE_S1.);
#4638 = LINE('',#4639,#4640);
#4639 = CARTESIAN_POINT('',(1.571E+03,935.,2.211E+03));
#4640 = VECTOR('',#4641,1.);
#4641 = DIRECTION('',(0.,0.,1.));
#4642 = PCURVE('',#4582,#4643);
#4643 = DEFINITIONAL_REPRESENTATION('',(#4644),#4648);
#4644 = LINE('',#4645,#4646);
#4645 = CARTESIAN_POINT('',(0.,-1.87E+03));
#4646 = VECTOR('',#4647,1.);
#4647 = DIRECTION('',(1.,0.));
#4648 = ( GEOMETRIC_REPRESENTATION_CONTEXT(2) 
PARAMETRIC_REPRESENTATION_CONTEXT() REPRESENTATION_CONTEXT('2D SPACE',''
  ) );
#4649 = PCURVE('',#4650,#4655);
#4650 = PLANE('',#4651);
#4651 = AXIS2_PLACEMENT_3D('',#4652,#4653,#4654);
#4652 = CARTESIAN_POINT('',(1.571E+03,935.,2.211E+03));
#4653 = DIRECTION('',(0.,1.,0.));
#4654 = DIRECTION('',(0.,0.,1.));
#4655 = DEFINITIONAL_REPRESENTATION('',(#4656),#4660);
#4656 = LINE('',#4657,#4658);
#4657 = CARTESIAN_POINT('',(0.,0.));
#4658 = VECTOR('',#4659,1.);
#4659 = DIRECTION('',(1.,0.));
#4660 = ( GEOMETRIC_REPRESENTATION_CONTEXT(2) 
PARAMETRIC_REPRESENTATION_CONTEXT() REPRESENTATION_CONTEXT('2D SPACE',''
  ) );
#4661 = ORIENTED_EDGE('',*,*,#4662,.F.);
#4662 = EDGE_CURVE('',#4574,#4635,#4663,.T.);
#4663 = SURFACE_CURVE('',#4664,(#4668,#4675),.PCURVE_S1.);
#4664 = LINE('',#4665,#4666);
#4665 = CARTESIAN_POINT('',(1.571E+03,-935.,2.219E+03));
#4666 = VECTOR('',#4667,1.);
#4667 = DIRECTION('',(0.,1.,0.));
#4668 = PCURVE('',#4582,#4669);
#4669 = DEFINITIONAL_REPRESENTATION('',(#4670),#4674);
#4670 = LINE('',#4671,#4672);
#4671 = CARTESIAN_POINT('',(8.,0.));
#4672 = VECTOR('',#4673,1.);
#4673 = DIRECTION('',(0.,-1.));
#4674 = ( GEOMETRIC_REPRESENTATION_CONTEXT(2) 
PARAMETRIC_REPRESENTATION_CONTEXT() REPRESENTATION_CONTEXT('2D SPACE',''
  ) );
#4675 = PCURVE('',#4676,#4681);
#4676 = PLANE('',#4677);
#4677 = AXIS2_PLACEMENT_3D('',#4678,#4679,#4680);
#4678 = CARTESIAN_POINT('',(1.571E+03,-935.,2.219E+03));
#4679 = DIRECTION('',(0.,0.,1.));
#4680 = DIRECTION('',(1.,0.,0.));
#4681 = DEFINITIONAL_REPRESENTATION('',(#4682),#4686);
#4682 = LINE('',#4683,#4684);
#4683 = CARTESIAN_POINT('',(0.,0.));
#4684 = VECTOR('',#4685,1.);
#4685 = DIRECTION('',(0.,1.));
#4686 = ( GEOMETRIC_REPRESENTATION_CONTEXT(2) 
PARAMETRIC_REPRESENTATION_CONTEXT() REPRESENTATION_CONTEXT('2D SPACE',''
  ) );
#4687 = ADVANCED_FACE('',(#4688),#4702,.T.);
#4688 = FACE_BOUND('',#4689,.T.);
#4689 = EDGE_LOOP('',(#4690,#4720,#4743,#4766));
#4690 = ORIENTED_EDGE('',*,*,#4691,.F.);
#4691 = EDGE_CURVE('',#4692,#4694,#4696,.T.);
#4692 = VERTEX_POINT('',#4693);
#4693 = CARTESIAN_POINT('',(1.589E+03,-935.,2.211E+03));
#4694 = VERTEX_POINT('',#4695);
#4695 = CARTESIAN_POINT('',(1.589E+03,-935.,2.219E+03));
#4696 = SURFACE_CURVE('',#4697,(#4701,#4713),.PCURVE_S1.);
#4697 = LINE('',#4698,#4699);
#4698 = CARTESIAN_POINT('',(1.589E+03,-935.,2.211E+03));
#4699 = VECTOR('',#4700,1.);
#4700 = DIRECTION('',(0.,0.,1.));
#4701 = PCURVE('',#4702,#4707);
#4702 = PLANE('',#4703);
#4703 = AXIS2_PLACEMENT_3D('',#4704,#4705,#4706);
#4704 = CARTESIAN_POINT('',(1.589E+03,-935.,2.211E+03));
#4705 = DIRECTION('',(1.,0.,0.));
#4706 = DIRECTION('',(0.,0.,1.));
#4707 = DEFINITIONAL_REPRESENTATION('',(#4708),#4712);
#4708 = LINE('',#4709,#4710);
#4709 = CARTESIAN_POINT('',(0.,0.));
#4710 = VECTOR('',#4711,1.);
#4711 = DIRECTION('',(1.,0.));
#4712 = ( GEOMETRIC_REPRESENTATION_CONTEXT(2) 
PARAMETRIC_REPRESENTATION_CONTEXT() REPRESENTATION_CONTEXT('2D SPACE',''
  ) );
#4713 = PCURVE('',#4594,#4714);
#4714 = DEFINITIONAL_REPRESENTATION('',(#4715),#4719);
#4715 = LINE('',#4716,#4717);
#4716 = CARTESIAN_POINT('',(0.,18.));
#4717 = VECTOR('',#4718,1.);
#4718 = DIRECTION('',(1.,0.));
#4719 = ( GEOMETRIC_REPRESENTATION_CONTEXT(2) 
PARAMETRIC_REPRESENTATION_CONTEXT() REPRESENTATION_CONTEXT('2D SPACE',''
  ) );
#4720 = ORIENTED_EDGE('',*,*,#4721,.T.);
#4721 = EDGE_CURVE('',#4692,#4722,#4724,.T.);
#4722 = VERTEX_POINT('',#4723);
#4723 = CARTESIAN_POINT('',(1.589E+03,935.,2.211E+03));
#4724 = SURFACE_CURVE('',#4725,(#4729,#4736),.PCURVE_S1.);
#4725 = LINE('',#4726,#4727);
#4726 = CARTESIAN_POINT('',(1.589E+03,-935.,2.211E+03));
#4727 = VECTOR('',#4728,1.);
#4728 = DIRECTION('',(0.,1.,0.));
#4729 = PCURVE('',#4702,#4730);
#4730 = DEFINITIONAL_REPRESENTATION('',(#4731),#4735);
#4731 = LINE('',#4732,#4733);
#4732 = CARTESIAN_POINT('',(0.,0.));
#4733 = VECTOR('',#4734,1.);
#4734 = DIRECTION('',(0.,-1.));
#4735 = ( GEOMETRIC_REPRESENTATION_CONTEXT(2) 
PARAMETRIC_REPRESENTATION_CONTEXT() REPRESENTATION_CONTEXT('2D SPACE',''
  ) );
#4736 = PCURVE('',#4622,#4737);
#4737 = DEFINITIONAL_REPRESENTATION('',(#4738),#4742);
#4738 = LINE('',#4739,#4740);
#4739 = CARTESIAN_POINT('',(18.,0.));
#4740 = VECTOR('',#4741,1.);
#4741 = DIRECTION('',(0.,1.));
#4742 = ( GEOMETRIC_REPRESENTATION_CONTEXT(2) 
PARAMETRIC_REPRESENTATION_CONTEXT() REPRESENTATION_CONTEXT('2D SPACE',''
  ) );
#4743 = ORIENTED_EDGE('',*,*,#4744,.T.);
#4744 = EDGE_CURVE('',#4722,#4745,#4747,.T.);
#4745 = VERTEX_POINT('',#4746);
#4746 = CARTESIAN_POINT('',(1.589E+03,935.,2.219E+03));
#4747 = SURFACE_CURVE('',#4748,(#4752,#4759),.PCURVE_S1.);
#4748 = LINE('',#4749,#4750);
#4749 = CARTESIAN_POINT('',(1.589E+03,935.,2.211E+03));
#4750 = VECTOR('',#4751,1.);
#4751 = DIRECTION('',(0.,0.,1.));
#4752 = PCURVE('',#4702,#4753);
#4753 = DEFINITIONAL_REPRESENTATION('',(#4754),#4758);
#4754 = LINE('',#4755,#4756);
#4755 = CARTESIAN_POINT('',(0.,-1.87E+03));
#4756 = VECTOR('',#4757,1.);
#4757 = DIRECTION('',(1.,0.));
#4758 = ( GEOMETRIC_REPRESENTATION_CONTEXT(2) 
PARAMETRIC_REPRESENTATION_CONTEXT() REPRESENTATION_CONTEXT('2D SPACE',''
  ) );
#4759 = PCURVE('',#4650,#4760);
#4760 = DEFINITIONAL_REPRESENTATION('',(#4761),#4765);
#4761 = LINE('',#4762,#4763);
#4762 = CARTESIAN_POINT('',(0.,18.));
#4763 = VECTOR('',#4764,1.);
#4764 = DIRECTION('',(1.,0.));
#4765 = ( GEOMETRIC_REPRESENTATION_CONTEXT(2) 
PARAMETRIC_REPRESENTATION_CONTEXT() REPRESENTATION_CONTEXT('2D SPACE',''
  ) );
#4766 = ORIENTED_EDGE('',*,*,#4767,.F.);
#4767 = EDGE_CURVE('',#4694,#4745,#4768,.T.);
#4768 = SURFACE_CURVE('',#4769,(#4773,#4780),.PCURVE_S1.);
#4769 = LINE('',#4770,#4771);
#4770 = CARTESIAN_POINT('',(1.589E+03,-935.,2.219E+03));
#4771 = VECTOR('',#4772,1.);
#4772 = DIRECTION('',(0.,1.,0.));
#4773 = PCURVE('',#4702,#4774);
#4774 = DEFINITIONAL_REPRESENTATION('',(#4775),#4779);
#4775 = LINE('',#4776,#4777);
#4776 = CARTESIAN_POINT('',(8.,0.));
#4777 = VECTOR('',#4778,1.);
#4778 = DIRECTION('',(0.,-1.));
#4779 = ( GEOMETRIC_REPRESENTATION_CONTEXT(2) 
PARAMETRIC_REPRESENTATION_CONTEXT() REPRESENTATION_CONTEXT('2D SPACE',''
  ) );
#4780 = PCURVE('',#4676,#4781);
#4781 = DEFINITIONAL_REPRESENTATION('',(#4782),#4786);
#4782 = LINE('',#4783,#4784);
#4783 = CARTESIAN_POINT('',(18.,0.));
#4784 = VECTOR('',#4785,1.);
#4785 = DIRECTION('',(0.,1.));
#4786 = ( GEOMETRIC_REPRESENTATION_CONTEXT(2) 
PARAMETRIC_REPRESENTATION_CONTEXT() REPRESENTATION_CONTEXT('2D SPACE',''
  ) );
#4787 = ADVANCED_FACE('',(#4788),#4594,.F.);
#4788 = FACE_BOUND('',#4789,.F.);
#4789 = EDGE_LOOP('',(#4790,#4811,#4812,#4833));
#4790 = ORIENTED_EDGE('',*,*,#4791,.F.);
#4791 = EDGE_CURVE('',#4572,#4692,#4792,.T.);
#4792 = SURFACE_CURVE('',#4793,(#4797,#4804),.PCURVE_S1.);
#4793 = LINE('',#4794,#4795);
#4794 = CARTESIAN_POINT('',(1.571E+03,-935.,2.211E+03));
#4795 = VECTOR('',#4796,1.);
#4796 = DIRECTION('',(1.,0.,0.));
#4797 = PCURVE('',#4594,#4798);
#4798 = DEFINITIONAL_REPRESENTATION('',(#4799),#4803);
#4799 = LINE('',#4800,#4801);
#4800 = CARTESIAN_POINT('',(0.,0.));
#4801 = VECTOR('',#4802,1.);
#4802 = DIRECTION('',(0.,1.));
#4803 = ( GEOMETRIC_REPRESENTATION_CONTEXT(2) 
PARAMETRIC_REPRESENTATION_CONTEXT() REPRESENTATION_CONTEXT('2D SPACE',''
  ) );
#4804 = PCURVE('',#4622,#4805);
#4805 = DEFINITIONAL_REPRESENTATION('',(#4806),#4810);
#4806 = LINE('',#4807,#4808);
#4807 = CARTESIAN_POINT('',(0.,0.));
#4808 = VECTOR('',#4809,1.);
#4809 = DIRECTION('',(1.,0.));
#4810 = ( GEOMETRIC_REPRESENTATION_CONTEXT(2) 
PARAMETRIC_REPRESENTATION_CONTEXT() REPRESENTATION_CONTEXT('2D SPACE',''
  ) );
#4811 = ORIENTED_EDGE('',*,*,#4571,.T.);
#4812 = ORIENTED_EDGE('',*,*,#4813,.T.);
#4813 = EDGE_CURVE('',#4574,#4694,#4814,.T.);
#4814 = SURFACE_CURVE('',#4815,(#4819,#4826),.PCURVE_S1.);
#4815 = LINE('',#4816,#4817);
#4816 = CARTESIAN_POINT('',(1.571E+03,-935.,2.219E+03));
#4817 = VECTOR('',#4818,1.);
#4818 = DIRECTION('',(1.,0.,0.));
#4819 = PCURVE('',#4594,#4820);
#4820 = DEFINITIONAL_REPRESENTATION('',(#4821),#4825);
#4821 = LINE('',#4822,#4823);
#4822 = CARTESIAN_POINT('',(8.,0.));
#4823 = VECTOR('',#4824,1.);
#4824 = DIRECTION('',(0.,1.));
#4825 = ( GEOMETRIC_REPRESENTATION_CONTEXT(2) 
PARAMETRIC_REPRESENTATION_CONTEXT() REPRESENTATION_CONTEXT('2D SPACE',''
  ) );
#4826 = PCURVE('',#4676,#4827);
#4827 = DEFINITIONAL_REPRESENTATION('',(#4828),#4832);
#4828 = LINE('',#4829,#4830);
#4829 = CARTESIAN_POINT('',(0.,0.));
#4830 = VECTOR('',#4831,1.);
#4831 = DIRECTION('',(1.,0.));
#4832 = ( GEOMETRIC_REPRESENTATION_CONTEXT(2) 
PARAMETRIC_REPRESENTATION_CONTEXT() REPRESENTATION_CONTEXT('2D SPACE',''
  ) );
#4833 = ORIENTED_EDGE('',*,*,#4691,.F.);
#4834 = ADVANCED_FACE('',(#4835),#4650,.T.);
#4835 = FACE_BOUND('',#4836,.T.);
#4836 = EDGE_LOOP('',(#4837,#4858,#4859,#4880));
#4837 = ORIENTED_EDGE('',*,*,#4838,.F.);
#4838 = EDGE_CURVE('',#4607,#4722,#4839,.T.);
#4839 = SURFACE_CURVE('',#4840,(#4844,#4851),.PCURVE_S1.);
#4840 = LINE('',#4841,#4842);
#4841 = CARTESIAN_POINT('',(1.571E+03,935.,2.211E+03));
#4842 = VECTOR('',#4843,1.);
#4843 = DIRECTION('',(1.,0.,0.));
#4844 = PCURVE('',#4650,#4845);
#4845 = DEFINITIONAL_REPRESENTATION('',(#4846),#4850);
#4846 = LINE('',#4847,#4848);
#4847 = CARTESIAN_POINT('',(0.,0.));
#4848 = VECTOR('',#4849,1.);
#4849 = DIRECTION('',(0.,1.));
#4850 = ( GEOMETRIC_REPRESENTATION_CONTEXT(2) 
PARAMETRIC_REPRESENTATION_CONTEXT() REPRESENTATION_CONTEXT('2D SPACE',''
  ) );
#4851 = PCURVE('',#4622,#4852);
#4852 = DEFINITIONAL_REPRESENTATION('',(#4853),#4857);
#4853 = LINE('',#4854,#4855);
#4854 = CARTESIAN_POINT('',(0.,1.87E+03));
#4855 = VECTOR('',#4856,1.);
#4856 = DIRECTION('',(1.,0.));
#4857 = ( GEOMETRIC_REPRESENTATION_CONTEXT(2) 
PARAMETRIC_REPRESENTATION_CONTEXT() REPRESENTATION_CONTEXT('2D SPACE',''
  ) );
#4858 = ORIENTED_EDGE('',*,*,#4634,.T.);
#4859 = ORIENTED_EDGE('',*,*,#4860,.T.);
#4860 = EDGE_CURVE('',#4635,#4745,#4861,.T.);
#4861 = SURFACE_CURVE('',#4862,(#4866,#4873),.PCURVE_S1.);
#4862 = LINE('',#4863,#4864);
#4863 = CARTESIAN_POINT('',(1.571E+03,935.,2.219E+03));
#4864 = VECTOR('',#4865,1.);
#4865 = DIRECTION('',(1.,0.,0.));
#4866 = PCURVE('',#4650,#4867);
#4867 = DEFINITIONAL_REPRESENTATION('',(#4868),#4872);
#4868 = LINE('',#4869,#4870);
#4869 = CARTESIAN_POINT('',(8.,0.));
#4870 = VECTOR('',#4871,1.);
#4871 = DIRECTION('',(0.,1.));
#4872 = ( GEOMETRIC_REPRESENTATION_CONTEXT(2) 
PARAMETRIC_REPRESENTATION_CONTEXT() REPRESENTATION_CONTEXT('2D SPACE',''
  ) );
#4873 = PCURVE('',#4676,#4874);
#4874 = DEFINITIONAL_REPRESENTATION('',(#4875),#4879);
#4875 = LINE('',#4876,#4877);
#4876 = CARTESIAN_POINT('',(0.,1.87E+03));
#4877 = VECTOR('',#4878,1.);
#4878 = DIRECTION('',(1.,0.));
#4879 = ( GEOMETRIC_REPRESENTATION_CONTEXT(2) 
PARAMETRIC_REPRESENTATION_CONTEXT() REPRESENTATION_CONTEXT('2D SPACE',''
  ) );
#4880 = ORIENTED_EDGE('',*,*,#4744,.F.);
#4881 = ADVANCED_FACE('',(#4882),#4622,.F.);
#4882 = FACE_BOUND('',#4883,.F.);
#4883 = EDGE_LOOP('',(#4884,#4885,#4886,#4887));
#4884 = ORIENTED_EDGE('',*,*,#4606,.F.);
#4885 = ORIENTED_EDGE('',*,*,#4791,.T.);
#4886 = ORIENTED_EDGE('',*,*,#4721,.T.);
#4887 = ORIENTED_EDGE('',*,*,#4838,.F.);
#4888 = ADVANCED_FACE('',(#4889),#4676,.T.);
#4889 = FACE_BOUND('',#4890,.T.);
#4890 = EDGE_LOOP('',(#4891,#4892,#4893,#4894));
#4891 = ORIENTED_EDGE('',*,*,#4662,.F.);
#4892 = ORIENTED_EDGE('',*,*,#4813,.T.);
#4893 = ORIENTED_EDGE('',*,*,#4767,.T.);
#4894 = ORIENTED_EDGE('',*,*,#4860,.F.);
#4895 = ( GEOMETRIC_REPRESENTATION_CONTEXT(3) 
GLOBAL_UNCERTAINTY_ASSIGNED_CONTEXT((#4899)) 
GLOBAL_UNIT_ASSIGNED_CONTEXT((#4896,#4897,#4898)) REPRESENTATION_CONTEXT
('Context #1','3D Context with UNIT and UNCERTAINTY') );
#4896 = ( LENGTH_UNIT() NAMED_UNIT(*) SI_UNIT(.MILLI.,.METRE.) );
#4897 = ( NAMED_UNIT(*) PLANE_ANGLE_UNIT() SI_UNIT($,.RADIAN.) );
#4898 = ( NAMED_UNIT(*) SI_UNIT($,.STERADIAN.) SOLID_ANGLE_UNIT() );
#4899 = UNCERTAINTY_MEASURE_WITH_UNIT(LENGTH_MEASURE(1.E-07),#4896,
  'distance_accuracy_value','confusion accuracy');
#4900 = CONTEXT_DEPENDENT_SHAPE_REPRESENTATION(#4901,#4903);
#4901 = ( REPRESENTATION_RELATIONSHIP('','',#4564,#10) 
REPRESENTATION_RELATIONSHIP_WITH_TRANSFORMATION(#4902) 
SHAPE_REPRESENTATION_RELATIONSHIP() );
#4902 = ITEM_DEFINED_TRANSFORMATION('','',#11,#63);
#4903 = PRODUCT_DEFINITION_SHAPE('Placement','Placement of an item',
  #4904);
#4904 = NEXT_ASSEMBLY_USAGE_OCCURRENCE('13','Y_Belt_2','',#5,#4559,$);
#4905 = PRODUCT_RELATED_PRODUCT_CATEGORY('part',$,(#4561));
#4906 = SHAPE_DEFINITION_REPRESENTATION(#4907,#4913);
#4907 = PRODUCT_DEFINITION_SHAPE('','',#4908);
#4908 = PRODUCT_DEFINITION('design','',#4909,#4912);
#4909 = PRODUCT_DEFINITION_FORMATION('','',#4910);
#4910 = PRODUCT('X_Motor_1','X_Motor_1','',(#4911));
#4911 = PRODUCT_CONTEXT('',#2,'mechanical');
#4912 = PRODUCT_DEFINITION_CONTEXT('part definition',#2,'design');
#4913 = ADVANCED_BREP_SHAPE_REPRESENTATION('',(#11,#4914),#5012);
#4914 = MANIFOLD_SOLID_BREP('',#4915);
#4915 = CLOSED_SHELL('',(#4916,#5004,#5008));
#4916 = ADVANCED_FACE('',(#4917),#4930,.T.);
#4917 = FACE_BOUND('',#4918,.T.);
#4918 = EDGE_LOOP('',(#4919,#4953,#4976,#5003));
#4919 = ORIENTED_EDGE('',*,*,#4920,.F.);
#4920 = EDGE_CURVE('',#4921,#4921,#4923,.T.);
#4921 = VERTEX_POINT('',#4922);
#4922 = CARTESIAN_POINT('',(-1.508E+03,-970.,2.34E+03));
#4923 = SURFACE_CURVE('',#4924,(#4929,#4941),.PCURVE_S1.);
#4924 = CIRCLE('',#4925,42.);
#4925 = AXIS2_PLACEMENT_3D('',#4926,#4927,#4928);
#4926 = CARTESIAN_POINT('',(-1.55E+03,-970.,2.34E+03));
#4927 = DIRECTION('',(0.,0.,1.));
#4928 = DIRECTION('',(1.,0.,0.));
#4929 = PCURVE('',#4930,#4935);
#4930 = CYLINDRICAL_SURFACE('',#4931,42.);
#4931 = AXIS2_PLACEMENT_3D('',#4932,#4933,#4934);
#4932 = CARTESIAN_POINT('',(-1.55E+03,-970.,2.25E+03));
#4933 = DIRECTION('',(0.,0.,1.));
#4934 = DIRECTION('',(1.,0.,0.));
#4935 = DEFINITIONAL_REPRESENTATION('',(#4936),#4940);
#4936 = LINE('',#4937,#4938);
#4937 = CARTESIAN_POINT('',(0.,90.));
#4938 = VECTOR('',#4939,1.);
#4939 = DIRECTION('',(1.,0.));
#4940 = ( GEOMETRIC_REPRESENTATION_CONTEXT(2) 
PARAMETRIC_REPRESENTATION_CONTEXT() REPRESENTATION_CONTEXT('2D SPACE',''
  ) );
#4941 = PCURVE('',#4942,#4947);
#4942 = PLANE('',#4943);
#4943 = AXIS2_PLACEMENT_3D('',#4944,#4945,#4946);
#4944 = CARTESIAN_POINT('',(-1.55E+03,-970.,2.34E+03));
#4945 = DIRECTION('',(0.,0.,1.));
#4946 = DIRECTION('',(1.,0.,0.));
#4947 = DEFINITIONAL_REPRESENTATION('',(#4948),#4952);
#4948 = CIRCLE('',#4949,42.);
#4949 = AXIS2_PLACEMENT_2D('',#4950,#4951);
#4950 = CARTESIAN_POINT('',(0.,0.));
#4951 = DIRECTION('',(1.,0.));
#4952 = ( GEOMETRIC_REPRESENTATION_CONTEXT(2) 
PARAMETRIC_REPRESENTATION_CONTEXT() REPRESENTATION_CONTEXT('2D SPACE',''
  ) );
#4953 = ORIENTED_EDGE('',*,*,#4954,.F.);
#4954 = EDGE_CURVE('',#4955,#4921,#4957,.T.);
#4955 = VERTEX_POINT('',#4956);
#4956 = CARTESIAN_POINT('',(-1.508E+03,-970.,2.25E+03));
#4957 = SEAM_CURVE('',#4958,(#4962,#4969),.PCURVE_S1.);
#4958 = LINE('',#4959,#4960);
#4959 = CARTESIAN_POINT('',(-1.508E+03,-970.,2.25E+03));
#4960 = VECTOR('',#4961,1.);
#4961 = DIRECTION('',(0.,0.,1.));
#4962 = PCURVE('',#4930,#4963);
#4963 = DEFINITIONAL_REPRESENTATION('',(#4964),#4968);
#4964 = LINE('',#4965,#4966);
#4965 = CARTESIAN_POINT('',(6.28318530718,-0.));
#4966 = VECTOR('',#4967,1.);
#4967 = DIRECTION('',(0.,1.));
#4968 = ( GEOMETRIC_REPRESENTATION_CONTEXT(2) 
PARAMETRIC_REPRESENTATION_CONTEXT() REPRESENTATION_CONTEXT('2D SPACE',''
  ) );
#4969 = PCURVE('',#4930,#4970);
#4970 = DEFINITIONAL_REPRESENTATION('',(#4971),#4975);
#4971 = LINE('',#4972,#4973);
#4972 = CARTESIAN_POINT('',(0.,-0.));
#4973 = VECTOR('',#4974,1.);
#4974 = DIRECTION('',(0.,1.));
#4975 = ( GEOMETRIC_REPRESENTATION_CONTEXT(2) 
PARAMETRIC_REPRESENTATION_CONTEXT() REPRESENTATION_CONTEXT('2D SPACE',''
  ) );
#4976 = ORIENTED_EDGE('',*,*,#4977,.T.);
#4977 = EDGE_CURVE('',#4955,#4955,#4978,.T.);
#4978 = SURFACE_CURVE('',#4979,(#4984,#4991),.PCURVE_S1.);
#4979 = CIRCLE('',#4980,42.);
#4980 = AXIS2_PLACEMENT_3D('',#4981,#4982,#4983);
#4981 = CARTESIAN_POINT('',(-1.55E+03,-970.,2.25E+03));
#4982 = DIRECTION('',(0.,0.,1.));
#4983 = DIRECTION('',(1.,0.,0.));
#4984 = PCURVE('',#4930,#4985);
#4985 = DEFINITIONAL_REPRESENTATION('',(#4986),#4990);
#4986 = LINE('',#4987,#4988);
#4987 = CARTESIAN_POINT('',(0.,0.));
#4988 = VECTOR('',#4989,1.);
#4989 = DIRECTION('',(1.,0.));
#4990 = ( GEOMETRIC_REPRESENTATION_CONTEXT(2) 
PARAMETRIC_REPRESENTATION_CONTEXT() REPRESENTATION_CONTEXT('2D SPACE',''
  ) );
#4991 = PCURVE('',#4992,#4997);
#4992 = PLANE('',#4993);
#4993 = AXIS2_PLACEMENT_3D('',#4994,#4995,#4996);
#4994 = CARTESIAN_POINT('',(-1.55E+03,-970.,2.25E+03));
#4995 = DIRECTION('',(0.,0.,1.));
#4996 = DIRECTION('',(1.,0.,0.));
#4997 = DEFINITIONAL_REPRESENTATION('',(#4998),#5002);
#4998 = CIRCLE('',#4999,42.);
#4999 = AXIS2_PLACEMENT_2D('',#5000,#5001);
#5000 = CARTESIAN_POINT('',(0.,0.));
#5001 = DIRECTION('',(1.,0.));
#5002 = ( GEOMETRIC_REPRESENTATION_CONTEXT(2) 
PARAMETRIC_REPRESENTATION_CONTEXT() REPRESENTATION_CONTEXT('2D SPACE',''
  ) );
#5003 = ORIENTED_EDGE('',*,*,#4954,.T.);
#5004 = ADVANCED_FACE('',(#5005),#4942,.T.);
#5005 = FACE_BOUND('',#5006,.T.);
#5006 = EDGE_LOOP('',(#5007));
#5007 = ORIENTED_EDGE('',*,*,#4920,.T.);
#5008 = ADVANCED_FACE('',(#5009),#4992,.F.);
#5009 = FACE_BOUND('',#5010,.T.);
#5010 = EDGE_LOOP('',(#5011));
#5011 = ORIENTED_EDGE('',*,*,#4977,.F.);
#5012 = ( GEOMETRIC_REPRESENTATION_CONTEXT(3) 
GLOBAL_UNCERTAINTY_ASSIGNED_CONTEXT((#5016)) 
GLOBAL_UNIT_ASSIGNED_CONTEXT((#5013,#5014,#5015)) REPRESENTATION_CONTEXT
('Context #1','3D Context with UNIT and UNCERTAINTY') );
#5013 = ( LENGTH_UNIT() NAMED_UNIT(*) SI_UNIT(.MILLI.,.METRE.) );
#5014 = ( NAMED_UNIT(*) PLANE_ANGLE_UNIT() SI_UNIT($,.RADIAN.) );
#5015 = ( NAMED_UNIT(*) SI_UNIT($,.STERADIAN.) SOLID_ANGLE_UNIT() );
#5016 = UNCERTAINTY_MEASURE_WITH_UNIT(LENGTH_MEASURE(1.E-07),#5013,
  'distance_accuracy_value','confusion accuracy');
#5017 = CONTEXT_DEPENDENT_SHAPE_REPRESENTATION(#5018,#5020);
#5018 = ( REPRESENTATION_RELATIONSHIP('','',#4913,#10) 
REPRESENTATION_RELATIONSHIP_WITH_TRANSFORMATION(#5019) 
SHAPE_REPRESENTATION_RELATIONSHIP() );
#5019 = ITEM_DEFINED_TRANSFORMATION('','',#11,#67);
#5020 = PRODUCT_DEFINITION_SHAPE('Placement','Placement of an item',
  #5021);
#5021 = NEXT_ASSEMBLY_USAGE_OCCURRENCE('14','X_Motor_1','',#5,#4908,$);
#5022 = PRODUCT_RELATED_PRODUCT_CATEGORY('part',$,(#4910));
#5023 = SHAPE_DEFINITION_REPRESENTATION(#5024,#5030);
#5024 = PRODUCT_DEFINITION_SHAPE('','',#5025);
#5025 = PRODUCT_DEFINITION('design','',#5026,#5029);
#5026 = PRODUCT_DEFINITION_FORMATION('','',#5027);
#5027 = PRODUCT('X_Motor_2','X_Motor_2','',(#5028));
#5028 = PRODUCT_CONTEXT('',#2,'mechanical');
#5029 = PRODUCT_DEFINITION_CONTEXT('part definition',#2,'design');
#5030 = ADVANCED_BREP_SHAPE_REPRESENTATION('',(#11,#5031),#5129);
#5031 = MANIFOLD_SOLID_BREP('',#5032);
#5032 = CLOSED_SHELL('',(#5033,#5121,#5125));
#5033 = ADVANCED_FACE('',(#5034),#5047,.T.);
#5034 = FACE_BOUND('',#5035,.T.);
#5035 = EDGE_LOOP('',(#5036,#5070,#5093,#5120));
#5036 = ORIENTED_EDGE('',*,*,#5037,.F.);
#5037 = EDGE_CURVE('',#5038,#5038,#5040,.T.);
#5038 = VERTEX_POINT('',#5039);
#5039 = CARTESIAN_POINT('',(-1.508E+03,970.,2.34E+03));
#5040 = SURFACE_CURVE('',#5041,(#5046,#5058),.PCURVE_S1.);
#5041 = CIRCLE('',#5042,42.);
#5042 = AXIS2_PLACEMENT_3D('',#5043,#5044,#5045);
#5043 = CARTESIAN_POINT('',(-1.55E+03,970.,2.34E+03));
#5044 = DIRECTION('',(0.,0.,1.));
#5045 = DIRECTION('',(1.,0.,0.));
#5046 = PCURVE('',#5047,#5052);
#5047 = CYLINDRICAL_SURFACE('',#5048,42.);
#5048 = AXIS2_PLACEMENT_3D('',#5049,#5050,#5051);
#5049 = CARTESIAN_POINT('',(-1.55E+03,970.,2.25E+03));
#5050 = DIRECTION('',(0.,0.,1.));
#5051 = DIRECTION('',(1.,0.,0.));
#5052 = DEFINITIONAL_REPRESENTATION('',(#5053),#5057);
#5053 = LINE('',#5054,#5055);
#5054 = CARTESIAN_POINT('',(0.,90.));
#5055 = VECTOR('',#5056,1.);
#5056 = DIRECTION('',(1.,0.));
#5057 = ( GEOMETRIC_REPRESENTATION_CONTEXT(2) 
PARAMETRIC_REPRESENTATION_CONTEXT() REPRESENTATION_CONTEXT('2D SPACE',''
  ) );
#5058 = PCURVE('',#5059,#5064);
#5059 = PLANE('',#5060);
#5060 = AXIS2_PLACEMENT_3D('',#5061,#5062,#5063);
#5061 = CARTESIAN_POINT('',(-1.55E+03,970.,2.34E+03));
#5062 = DIRECTION('',(0.,0.,1.));
#5063 = DIRECTION('',(1.,0.,0.));
#5064 = DEFINITIONAL_REPRESENTATION('',(#5065),#5069);
#5065 = CIRCLE('',#5066,42.);
#5066 = AXIS2_PLACEMENT_2D('',#5067,#5068);
#5067 = CARTESIAN_POINT('',(0.,0.));
#5068 = DIRECTION('',(1.,0.));
#5069 = ( GEOMETRIC_REPRESENTATION_CONTEXT(2) 
PARAMETRIC_REPRESENTATION_CONTEXT() REPRESENTATION_CONTEXT('2D SPACE',''
  ) );
#5070 = ORIENTED_EDGE('',*,*,#5071,.F.);
#5071 = EDGE_CURVE('',#5072,#5038,#5074,.T.);
#5072 = VERTEX_POINT('',#5073);
#5073 = CARTESIAN_POINT('',(-1.508E+03,970.,2.25E+03));
#5074 = SEAM_CURVE('',#5075,(#5079,#5086),.PCURVE_S1.);
#5075 = LINE('',#5076,#5077);
#5076 = CARTESIAN_POINT('',(-1.508E+03,970.,2.25E+03));
#5077 = VECTOR('',#5078,1.);
#5078 = DIRECTION('',(0.,0.,1.));
#5079 = PCURVE('',#5047,#5080);
#5080 = DEFINITIONAL_REPRESENTATION('',(#5081),#5085);
#5081 = LINE('',#5082,#5083);
#5082 = CARTESIAN_POINT('',(6.28318530718,-0.));
#5083 = VECTOR('',#5084,1.);
#5084 = DIRECTION('',(0.,1.));
#5085 = ( GEOMETRIC_REPRESENTATION_CONTEXT(2) 
PARAMETRIC_REPRESENTATION_CONTEXT() REPRESENTATION_CONTEXT('2D SPACE',''
  ) );
#5086 = PCURVE('',#5047,#5087);
#5087 = DEFINITIONAL_REPRESENTATION('',(#5088),#5092);
#5088 = LINE('',#5089,#5090);
#5089 = CARTESIAN_POINT('',(0.,-0.));
#5090 = VECTOR('',#5091,1.);
#5091 = DIRECTION('',(0.,1.));
#5092 = ( GEOMETRIC_REPRESENTATION_CONTEXT(2) 
PARAMETRIC_REPRESENTATION_CONTEXT() REPRESENTATION_CONTEXT('2D SPACE',''
  ) );
#5093 = ORIENTED_EDGE('',*,*,#5094,.T.);
#5094 = EDGE_CURVE('',#5072,#5072,#5095,.T.);
#5095 = SURFACE_CURVE('',#5096,(#5101,#5108),.PCURVE_S1.);
#5096 = CIRCLE('',#5097,42.);
#5097 = AXIS2_PLACEMENT_3D('',#5098,#5099,#5100);
#5098 = CARTESIAN_POINT('',(-1.55E+03,970.,2.25E+03));
#5099 = DIRECTION('',(0.,0.,1.));
#5100 = DIRECTION('',(1.,0.,0.));
#5101 = PCURVE('',#5047,#5102);
#5102 = DEFINITIONAL_REPRESENTATION('',(#5103),#5107);
#5103 = LINE('',#5104,#5105);
#5104 = CARTESIAN_POINT('',(0.,0.));
#5105 = VECTOR('',#5106,1.);
#5106 = DIRECTION('',(1.,0.));
#5107 = ( GEOMETRIC_REPRESENTATION_CONTEXT(2) 
PARAMETRIC_REPRESENTATION_CONTEXT() REPRESENTATION_CONTEXT('2D SPACE',''
  ) );
#5108 = PCURVE('',#5109,#5114);
#5109 = PLANE('',#5110);
#5110 = AXIS2_PLACEMENT_3D('',#5111,#5112,#5113);
#5111 = CARTESIAN_POINT('',(-1.55E+03,970.,2.25E+03));
#5112 = DIRECTION('',(0.,0.,1.));
#5113 = DIRECTION('',(1.,0.,0.));
#5114 = DEFINITIONAL_REPRESENTATION('',(#5115),#5119);
#5115 = CIRCLE('',#5116,42.);
#5116 = AXIS2_PLACEMENT_2D('',#5117,#5118);
#5117 = CARTESIAN_POINT('',(0.,0.));
#5118 = DIRECTION('',(1.,0.));
#5119 = ( GEOMETRIC_REPRESENTATION_CONTEXT(2) 
PARAMETRIC_REPRESENTATION_CONTEXT() REPRESENTATION_CONTEXT('2D SPACE',''
  ) );
#5120 = ORIENTED_EDGE('',*,*,#5071,.T.);
#5121 = ADVANCED_FACE('',(#5122),#5059,.T.);
#5122 = FACE_BOUND('',#5123,.T.);
#5123 = EDGE_LOOP('',(#5124));
#5124 = ORIENTED_EDGE('',*,*,#5037,.T.);
#5125 = ADVANCED_FACE('',(#5126),#5109,.F.);
#5126 = FACE_BOUND('',#5127,.T.);
#5127 = EDGE_LOOP('',(#5128));
#5128 = ORIENTED_EDGE('',*,*,#5094,.F.);
#5129 = ( GEOMETRIC_REPRESENTATION_CONTEXT(3) 
GLOBAL_UNCERTAINTY_ASSIGNED_CONTEXT((#5133)) 
GLOBAL_UNIT_ASSIGNED_CONTEXT((#5130,#5131,#5132)) REPRESENTATION_CONTEXT
('Context #1','3D Context with UNIT and UNCERTAINTY') );
#5130 = ( LENGTH_UNIT() NAMED_UNIT(*) SI_UNIT(.MILLI.,.METRE.) );
#5131 = ( NAMED_UNIT(*) PLANE_ANGLE_UNIT() SI_UNIT($,.RADIAN.) );
#5132 = ( NAMED_UNIT(*) SI_UNIT($,.STERADIAN.) SOLID_ANGLE_UNIT() );
#5133 = UNCERTAINTY_MEASURE_WITH_UNIT(LENGTH_MEASURE(1.E-07),#5130,
  'distance_accuracy_value','confusion accuracy');
#5134 = CONTEXT_DEPENDENT_SHAPE_REPRESENTATION(#5135,#5137);
#5135 = ( REPRESENTATION_RELATIONSHIP('','',#5030,#10) 
REPRESENTATION_RELATIONSHIP_WITH_TRANSFORMATION(#5136) 
SHAPE_REPRESENTATION_RELATIONSHIP() );
#5136 = ITEM_DEFINED_TRANSFORMATION('','',#11,#71);
#5137 = PRODUCT_DEFINITION_SHAPE('Placement','Placement of an item',
  #5138);
#5138 = NEXT_ASSEMBLY_USAGE_OCCURRENCE('15','X_Motor_2','',#5,#5025,$);
#5139 = PRODUCT_RELATED_PRODUCT_CATEGORY('part',$,(#5027));
#5140 = SHAPE_DEFINITION_REPRESENTATION(#5141,#5147);
#5141 = PRODUCT_DEFINITION_SHAPE('','',#5142);
#5142 = PRODUCT_DEFINITION('design','',#5143,#5146);
#5143 = PRODUCT_DEFINITION_FORMATION('','',#5144);
#5144 = PRODUCT('Y_Motor_1','Y_Motor_1','',(#5145));
#5145 = PRODUCT_CONTEXT('',#2,'mechanical');
#5146 = PRODUCT_DEFINITION_CONTEXT('part definition',#2,'design');
#5147 = ADVANCED_BREP_SHAPE_REPRESENTATION('',(#11,#5148),#5246);
#5148 = MANIFOLD_SOLID_BREP('',#5149);
#5149 = CLOSED_SHELL('',(#5150,#5238,#5242));
#5150 = ADVANCED_FACE('',(#5151),#5164,.T.);
#5151 = FACE_BOUND('',#5152,.T.);
#5152 = EDGE_LOOP('',(#5153,#5187,#5210,#5237));
#5153 = ORIENTED_EDGE('',*,*,#5154,.F.);
#5154 = EDGE_CURVE('',#5155,#5155,#5157,.T.);
#5155 = VERTEX_POINT('',#5156);
#5156 = CARTESIAN_POINT('',(-1.553E+03,-925.,2.34E+03));
#5157 = SURFACE_CURVE('',#5158,(#5163,#5175),.PCURVE_S1.);
#5158 = CIRCLE('',#5159,42.);
#5159 = AXIS2_PLACEMENT_3D('',#5160,#5161,#5162);
#5160 = CARTESIAN_POINT('',(-1.595E+03,-925.,2.34E+03));
#5161 = DIRECTION('',(0.,0.,1.));
#5162 = DIRECTION('',(1.,0.,0.));
#5163 = PCURVE('',#5164,#5169);
#5164 = CYLINDRICAL_SURFACE('',#5165,42.);
#5165 = AXIS2_PLACEMENT_3D('',#5166,#5167,#5168);
#5166 = CARTESIAN_POINT('',(-1.595E+03,-925.,2.25E+03));
#5167 = DIRECTION('',(0.,0.,1.));
#5168 = DIRECTION('',(1.,0.,0.));
#5169 = DEFINITIONAL_REPRESENTATION('',(#5170),#5174);
#5170 = LINE('',#5171,#5172);
#5171 = CARTESIAN_POINT('',(0.,90.));
#5172 = VECTOR('',#5173,1.);
#5173 = DIRECTION('',(1.,0.));
#5174 = ( GEOMETRIC_REPRESENTATION_CONTEXT(2) 
PARAMETRIC_REPRESENTATION_CONTEXT() REPRESENTATION_CONTEXT('2D SPACE',''
  ) );
#5175 = PCURVE('',#5176,#5181);
#5176 = PLANE('',#5177);
#5177 = AXIS2_PLACEMENT_3D('',#5178,#5179,#5180);
#5178 = CARTESIAN_POINT('',(-1.595E+03,-925.,2.34E+03));
#5179 = DIRECTION('',(0.,0.,1.));
#5180 = DIRECTION('',(1.,0.,0.));
#5181 = DEFINITIONAL_REPRESENTATION('',(#5182),#5186);
#5182 = CIRCLE('',#5183,42.);
#5183 = AXIS2_PLACEMENT_2D('',#5184,#5185);
#5184 = CARTESIAN_POINT('',(0.,0.));
#5185 = DIRECTION('',(1.,0.));
#5186 = ( GEOMETRIC_REPRESENTATION_CONTEXT(2) 
PARAMETRIC_REPRESENTATION_CONTEXT() REPRESENTATION_CONTEXT('2D SPACE',''
  ) );
#5187 = ORIENTED_EDGE('',*,*,#5188,.F.);
#5188 = EDGE_CURVE('',#5189,#5155,#5191,.T.);
#5189 = VERTEX_POINT('',#5190);
#5190 = CARTESIAN_POINT('',(-1.553E+03,-925.,2.25E+03));
#5191 = SEAM_CURVE('',#5192,(#5196,#5203),.PCURVE_S1.);
#5192 = LINE('',#5193,#5194);
#5193 = CARTESIAN_POINT('',(-1.553E+03,-925.,2.25E+03));
#5194 = VECTOR('',#5195,1.);
#5195 = DIRECTION('',(0.,0.,1.));
#5196 = PCURVE('',#5164,#5197);
#5197 = DEFINITIONAL_REPRESENTATION('',(#5198),#5202);
#5198 = LINE('',#5199,#5200);
#5199 = CARTESIAN_POINT('',(6.28318530718,-0.));
#5200 = VECTOR('',#5201,1.);
#5201 = DIRECTION('',(0.,1.));
#5202 = ( GEOMETRIC_REPRESENTATION_CONTEXT(2) 
PARAMETRIC_REPRESENTATION_CONTEXT() REPRESENTATION_CONTEXT('2D SPACE',''
  ) );
#5203 = PCURVE('',#5164,#5204);
#5204 = DEFINITIONAL_REPRESENTATION('',(#5205),#5209);
#5205 = LINE('',#5206,#5207);
#5206 = CARTESIAN_POINT('',(0.,-0.));
#5207 = VECTOR('',#5208,1.);
#5208 = DIRECTION('',(0.,1.));
#5209 = ( GEOMETRIC_REPRESENTATION_CONTEXT(2) 
PARAMETRIC_REPRESENTATION_CONTEXT() REPRESENTATION_CONTEXT('2D SPACE',''
  ) );
#5210 = ORIENTED_EDGE('',*,*,#5211,.T.);
#5211 = EDGE_CURVE('',#5189,#5189,#5212,.T.);
#5212 = SURFACE_CURVE('',#5213,(#5218,#5225),.PCURVE_S1.);
#5213 = CIRCLE('',#5214,42.);
#5214 = AXIS2_PLACEMENT_3D('',#5215,#5216,#5217);
#5215 = CARTESIAN_POINT('',(-1.595E+03,-925.,2.25E+03));
#5216 = DIRECTION('',(0.,0.,1.));
#5217 = DIRECTION('',(1.,0.,0.));
#5218 = PCURVE('',#5164,#5219);
#5219 = DEFINITIONAL_REPRESENTATION('',(#5220),#5224);
#5220 = LINE('',#5221,#5222);
#5221 = CARTESIAN_POINT('',(0.,0.));
#5222 = VECTOR('',#5223,1.);
#5223 = DIRECTION('',(1.,0.));
#5224 = ( GEOMETRIC_REPRESENTATION_CONTEXT(2) 
PARAMETRIC_REPRESENTATION_CONTEXT() REPRESENTATION_CONTEXT('2D SPACE',''
  ) );
#5225 = PCURVE('',#5226,#5231);
#5226 = PLANE('',#5227);
#5227 = AXIS2_PLACEMENT_3D('',#5228,#5229,#5230);
#5228 = CARTESIAN_POINT('',(-1.595E+03,-925.,2.25E+03));
#5229 = DIRECTION('',(0.,0.,1.));
#5230 = DIRECTION('',(1.,0.,0.));
#5231 = DEFINITIONAL_REPRESENTATION('',(#5232),#5236);
#5232 = CIRCLE('',#5233,42.);
#5233 = AXIS2_PLACEMENT_2D('',#5234,#5235);
#5234 = CARTESIAN_POINT('',(0.,0.));
#5235 = DIRECTION('',(1.,0.));
#5236 = ( GEOMETRIC_REPRESENTATION_CONTEXT(2) 
PARAMETRIC_REPRESENTATION_CONTEXT() REPRESENTATION_CONTEXT('2D SPACE',''
  ) );
#5237 = ORIENTED_EDGE('',*,*,#5188,.T.);
#5238 = ADVANCED_FACE('',(#5239),#5176,.T.);
#5239 = FACE_BOUND('',#5240,.T.);
#5240 = EDGE_LOOP('',(#5241));
#5241 = ORIENTED_EDGE('',*,*,#5154,.T.);
#5242 = ADVANCED_FACE('',(#5243),#5226,.F.);
#5243 = FACE_BOUND('',#5244,.T.);
#5244 = EDGE_LOOP('',(#5245));
#5245 = ORIENTED_EDGE('',*,*,#5211,.F.);
#5246 = ( GEOMETRIC_REPRESENTATION_CONTEXT(3) 
GLOBAL_UNCERTAINTY_ASSIGNED_CONTEXT((#5250)) 
GLOBAL_UNIT_ASSIGNED_CONTEXT((#5247,#5248,#5249)) REPRESENTATION_CONTEXT
('Context #1','3D Context with UNIT and UNCERTAINTY') );
#5247 = ( LENGTH_UNIT() NAMED_UNIT(*) SI_UNIT(.MILLI.,.METRE.) );
#5248 = ( NAMED_UNIT(*) PLANE_ANGLE_UNIT() SI_UNIT($,.RADIAN.) );
#5249 = ( NAMED_UNIT(*) SI_UNIT($,.STERADIAN.) SOLID_ANGLE_UNIT() );
#5250 = UNCERTAINTY_MEASURE_WITH_UNIT(LENGTH_MEASURE(1.E-07),#5247,
  'distance_accuracy_value','confusion accuracy');
#5251 = CONTEXT_DEPENDENT_SHAPE_REPRESENTATION(#5252,#5254);
#5252 = ( REPRESENTATION_RELATIONSHIP('','',#5147,#10) 
REPRESENTATION_RELATIONSHIP_WITH_TRANSFORMATION(#5253) 
SHAPE_REPRESENTATION_RELATIONSHIP() );
#5253 = ITEM_DEFINED_TRANSFORMATION('','',#11,#75);
#5254 = PRODUCT_DEFINITION_SHAPE('Placement','Placement of an item',
  #5255);
#5255 = NEXT_ASSEMBLY_USAGE_OCCURRENCE('16','Y_Motor_1','',#5,#5142,$);
#5256 = PRODUCT_RELATED_PRODUCT_CATEGORY('part',$,(#5144));
#5257 = SHAPE_DEFINITION_REPRESENTATION(#5258,#5264);
#5258 = PRODUCT_DEFINITION_SHAPE('','',#5259);
#5259 = PRODUCT_DEFINITION('design','',#5260,#5263);
#5260 = PRODUCT_DEFINITION_FORMATION('','',#5261);
#5261 = PRODUCT('Y_Motor_2','Y_Motor_2','',(#5262));
#5262 = PRODUCT_CONTEXT('',#2,'mechanical');
#5263 = PRODUCT_DEFINITION_CONTEXT('part definition',#2,'design');
#5264 = ADVANCED_BREP_SHAPE_REPRESENTATION('',(#11,#5265),#5363);
#5265 = MANIFOLD_SOLID_BREP('',#5266);
#5266 = CLOSED_SHELL('',(#5267,#5355,#5359));
#5267 = ADVANCED_FACE('',(#5268),#5281,.T.);
#5268 = FACE_BOUND('',#5269,.T.);
#5269 = EDGE_LOOP('',(#5270,#5304,#5327,#5354));
#5270 = ORIENTED_EDGE('',*,*,#5271,.F.);
#5271 = EDGE_CURVE('',#5272,#5272,#5274,.T.);
#5272 = VERTEX_POINT('',#5273);
#5273 = CARTESIAN_POINT('',(1.637E+03,-925.,2.34E+03));
#5274 = SURFACE_CURVE('',#5275,(#5280,#5292),.PCURVE_S1.);
#5275 = CIRCLE('',#5276,42.);
#5276 = AXIS2_PLACEMENT_3D('',#5277,#5278,#5279);
#5277 = CARTESIAN_POINT('',(1.595E+03,-925.,2.34E+03));
#5278 = DIRECTION('',(0.,0.,1.));
#5279 = DIRECTION('',(1.,0.,0.));
#5280 = PCURVE('',#5281,#5286);
#5281 = CYLINDRICAL_SURFACE('',#5282,42.);
#5282 = AXIS2_PLACEMENT_3D('',#5283,#5284,#5285);
#5283 = CARTESIAN_POINT('',(1.595E+03,-925.,2.25E+03));
#5284 = DIRECTION('',(0.,0.,1.));
#5285 = DIRECTION('',(1.,0.,0.));
#5286 = DEFINITIONAL_REPRESENTATION('',(#5287),#5291);
#5287 = LINE('',#5288,#5289);
#5288 = CARTESIAN_POINT('',(0.,90.));
#5289 = VECTOR('',#5290,1.);
#5290 = DIRECTION('',(1.,0.));
#5291 = ( GEOMETRIC_REPRESENTATION_CONTEXT(2) 
PARAMETRIC_REPRESENTATION_CONTEXT() REPRESENTATION_CONTEXT('2D SPACE',''
  ) );
#5292 = PCURVE('',#5293,#5298);
#5293 = PLANE('',#5294);
#5294 = AXIS2_PLACEMENT_3D('',#5295,#5296,#5297);
#5295 = CARTESIAN_POINT('',(1.595E+03,-925.,2.34E+03));
#5296 = DIRECTION('',(0.,0.,1.));
#5297 = DIRECTION('',(1.,0.,0.));
#5298 = DEFINITIONAL_REPRESENTATION('',(#5299),#5303);
#5299 = CIRCLE('',#5300,42.);
#5300 = AXIS2_PLACEMENT_2D('',#5301,#5302);
#5301 = CARTESIAN_POINT('',(0.,0.));
#5302 = DIRECTION('',(1.,0.));
#5303 = ( GEOMETRIC_REPRESENTATION_CONTEXT(2) 
PARAMETRIC_REPRESENTATION_CONTEXT() REPRESENTATION_CONTEXT('2D SPACE',''
  ) );
#5304 = ORIENTED_EDGE('',*,*,#5305,.F.);
#5305 = EDGE_CURVE('',#5306,#5272,#5308,.T.);
#5306 = VERTEX_POINT('',#5307);
#5307 = CARTESIAN_POINT('',(1.637E+03,-925.,2.25E+03));
#5308 = SEAM_CURVE('',#5309,(#5313,#5320),.PCURVE_S1.);
#5309 = LINE('',#5310,#5311);
#5310 = CARTESIAN_POINT('',(1.637E+03,-925.,2.25E+03));
#5311 = VECTOR('',#5312,1.);
#5312 = DIRECTION('',(0.,0.,1.));
#5313 = PCURVE('',#5281,#5314);
#5314 = DEFINITIONAL_REPRESENTATION('',(#5315),#5319);
#5315 = LINE('',#5316,#5317);
#5316 = CARTESIAN_POINT('',(6.28318530718,-0.));
#5317 = VECTOR('',#5318,1.);
#5318 = DIRECTION('',(0.,1.));
#5319 = ( GEOMETRIC_REPRESENTATION_CONTEXT(2) 
PARAMETRIC_REPRESENTATION_CONTEXT() REPRESENTATION_CONTEXT('2D SPACE',''
  ) );
#5320 = PCURVE('',#5281,#5321);
#5321 = DEFINITIONAL_REPRESENTATION('',(#5322),#5326);
#5322 = LINE('',#5323,#5324);
#5323 = CARTESIAN_POINT('',(0.,-0.));
#5324 = VECTOR('',#5325,1.);
#5325 = DIRECTION('',(0.,1.));
#5326 = ( GEOMETRIC_REPRESENTATION_CONTEXT(2) 
PARAMETRIC_REPRESENTATION_CONTEXT() REPRESENTATION_CONTEXT('2D SPACE',''
  ) );
#5327 = ORIENTED_EDGE('',*,*,#5328,.T.);
#5328 = EDGE_CURVE('',#5306,#5306,#5329,.T.);
#5329 = SURFACE_CURVE('',#5330,(#5335,#5342),.PCURVE_S1.);
#5330 = CIRCLE('',#5331,42.);
#5331 = AXIS2_PLACEMENT_3D('',#5332,#5333,#5334);
#5332 = CARTESIAN_POINT('',(1.595E+03,-925.,2.25E+03));
#5333 = DIRECTION('',(0.,0.,1.));
#5334 = DIRECTION('',(1.,0.,0.));
#5335 = PCURVE('',#5281,#5336);
#5336 = DEFINITIONAL_REPRESENTATION('',(#5337),#5341);
#5337 = LINE('',#5338,#5339);
#5338 = CARTESIAN_POINT('',(0.,0.));
#5339 = VECTOR('',#5340,1.);
#5340 = DIRECTION('',(1.,0.));
#5341 = ( GEOMETRIC_REPRESENTATION_CONTEXT(2) 
PARAMETRIC_REPRESENTATION_CONTEXT() REPRESENTATION_CONTEXT('2D SPACE',''
  ) );
#5342 = PCURVE('',#5343,#5348);
#5343 = PLANE('',#5344);
#5344 = AXIS2_PLACEMENT_3D('',#5345,#5346,#5347);
#5345 = CARTESIAN_POINT('',(1.595E+03,-925.,2.25E+03));
#5346 = DIRECTION('',(0.,0.,1.));
#5347 = DIRECTION('',(1.,0.,0.));
#5348 = DEFINITIONAL_REPRESENTATION('',(#5349),#5353);
#5349 = CIRCLE('',#5350,42.);
#5350 = AXIS2_PLACEMENT_2D('',#5351,#5352);
#5351 = CARTESIAN_POINT('',(0.,0.));
#5352 = DIRECTION('',(1.,0.));
#5353 = ( GEOMETRIC_REPRESENTATION_CONTEXT(2) 
PARAMETRIC_REPRESENTATION_CONTEXT() REPRESENTATION_CONTEXT('2D SPACE',''
  ) );
#5354 = ORIENTED_EDGE('',*,*,#5305,.T.);
#5355 = ADVANCED_FACE('',(#5356),#5293,.T.);
#5356 = FACE_BOUND('',#5357,.T.);
#5357 = EDGE_LOOP('',(#5358));
#5358 = ORIENTED_EDGE('',*,*,#5271,.T.);
#5359 = ADVANCED_FACE('',(#5360),#5343,.F.);
#5360 = FACE_BOUND('',#5361,.T.);
#5361 = EDGE_LOOP('',(#5362));
#5362 = ORIENTED_EDGE('',*,*,#5328,.F.);
#5363 = ( GEOMETRIC_REPRESENTATION_CONTEXT(3) 
GLOBAL_UNCERTAINTY_ASSIGNED_CONTEXT((#5367)) 
GLOBAL_UNIT_ASSIGNED_CONTEXT((#5364,#5365,#5366)) REPRESENTATION_CONTEXT
('Context #1','3D Context with UNIT and UNCERTAINTY') );
#5364 = ( LENGTH_UNIT() NAMED_UNIT(*) SI_UNIT(.MILLI.,.METRE.) );
#5365 = ( NAMED_UNIT(*) PLANE_ANGLE_UNIT() SI_UNIT($,.RADIAN.) );
#5366 = ( NAMED_UNIT(*) SI_UNIT($,.STERADIAN.) SOLID_ANGLE_UNIT() );
#5367 = UNCERTAINTY_MEASURE_WITH_UNIT(LENGTH_MEASURE(1.E-07),#5364,
  'distance_accuracy_value','confusion accuracy');
#5368 = CONTEXT_DEPENDENT_SHAPE_REPRESENTATION(#5369,#5371);
#5369 = ( REPRESENTATION_RELATIONSHIP('','',#5264,#10) 
REPRESENTATION_RELATIONSHIP_WITH_TRANSFORMATION(#5370) 
SHAPE_REPRESENTATION_RELATIONSHIP() );
#5370 = ITEM_DEFINED_TRANSFORMATION('','',#11,#79);
#5371 = PRODUCT_DEFINITION_SHAPE('Placement','Placement of an item',
  #5372);
#5372 = NEXT_ASSEMBLY_USAGE_OCCURRENCE('17','Y_Motor_2','',#5,#5259,$);
#5373 = PRODUCT_RELATED_PRODUCT_CATEGORY('part',$,(#5261));
#5374 = SHAPE_DEFINITION_REPRESENTATION(#5375,#5381);
#5375 = PRODUCT_DEFINITION_SHAPE('','',#5376);
#5376 = PRODUCT_DEFINITION('design','',#5377,#5380);
#5377 = PRODUCT_DEFINITION_FORMATION('','',#5378);
#5378 = PRODUCT('XY_Moving_Block','XY_Moving_Block','',(#5379));
#5379 = PRODUCT_CONTEXT('',#2,'mechanical');
#5380 = PRODUCT_DEFINITION_CONTEXT('part definition',#2,'design');
#5381 = ADVANCED_BREP_SHAPE_REPRESENTATION('',(#11,#5382),#5712);
#5382 = MANIFOLD_SOLID_BREP('',#5383);
#5383 = CLOSED_SHELL('',(#5384,#5504,#5604,#5651,#5698,#5705));
#5384 = ADVANCED_FACE('',(#5385),#5399,.F.);
#5385 = FACE_BOUND('',#5386,.F.);
#5386 = EDGE_LOOP('',(#5387,#5422,#5450,#5478));
#5387 = ORIENTED_EDGE('',*,*,#5388,.F.);
#5388 = EDGE_CURVE('',#5389,#5391,#5393,.T.);
#5389 = VERTEX_POINT('',#5390);
#5390 = CARTESIAN_POINT('',(-165.,-150.,2.29E+03));
#5391 = VERTEX_POINT('',#5392);
#5392 = CARTESIAN_POINT('',(-165.,-150.,2.36E+03));
#5393 = SURFACE_CURVE('',#5394,(#5398,#5410),.PCURVE_S1.);
#5394 = LINE('',#5395,#5396);
#5395 = CARTESIAN_POINT('',(-165.,-150.,2.29E+03));
#5396 = VECTOR('',#5397,1.);
#5397 = DIRECTION('',(0.,0.,1.));
#5398 = PCURVE('',#5399,#5404);
#5399 = PLANE('',#5400);
#5400 = AXIS2_PLACEMENT_3D('',#5401,#5402,#5403);
#5401 = CARTESIAN_POINT('',(-165.,-150.,2.29E+03));
#5402 = DIRECTION('',(1.,0.,0.));
#5403 = DIRECTION('',(0.,0.,1.));
#5404 = DEFINITIONAL_REPRESENTATION('',(#5405),#5409);
#5405 = LINE('',#5406,#5407);
#5406 = CARTESIAN_POINT('',(0.,0.));
#5407 = VECTOR('',#5408,1.);
#5408 = DIRECTION('',(1.,0.));
#5409 = ( GEOMETRIC_REPRESENTATION_CONTEXT(2) 
PARAMETRIC_REPRESENTATION_CONTEXT() REPRESENTATION_CONTEXT('2D SPACE',''
  ) );
#5410 = PCURVE('',#5411,#5416);
#5411 = PLANE('',#5412);
#5412 = AXIS2_PLACEMENT_3D('',#5413,#5414,#5415);
#5413 = CARTESIAN_POINT('',(-165.,-150.,2.29E+03));
#5414 = DIRECTION('',(0.,1.,0.));
#5415 = DIRECTION('',(0.,0.,1.));
#5416 = DEFINITIONAL_REPRESENTATION('',(#5417),#5421);
#5417 = LINE('',#5418,#5419);
#5418 = CARTESIAN_POINT('',(0.,0.));
#5419 = VECTOR('',#5420,1.);
#5420 = DIRECTION('',(1.,0.));
#5421 = ( GEOMETRIC_REPRESENTATION_CONTEXT(2) 
PARAMETRIC_REPRESENTATION_CONTEXT() REPRESENTATION_CONTEXT('2D SPACE',''
  ) );
#5422 = ORIENTED_EDGE('',*,*,#5423,.T.);
#5423 = EDGE_CURVE('',#5389,#5424,#5426,.T.);
#5424 = VERTEX_POINT('',#5425);
#5425 = CARTESIAN_POINT('',(-165.,150.,2.29E+03));
#5426 = SURFACE_CURVE('',#5427,(#5431,#5438),.PCURVE_S1.);
#5427 = LINE('',#5428,#5429);
#5428 = CARTESIAN_POINT('',(-165.,-150.,2.29E+03));
#5429 = VECTOR('',#5430,1.);
#5430 = DIRECTION('',(0.,1.,0.));
#5431 = PCURVE('',#5399,#5432);
#5432 = DEFINITIONAL_REPRESENTATION('',(#5433),#5437);
#5433 = LINE('',#5434,#5435);
#5434 = CARTESIAN_POINT('',(0.,0.));
#5435 = VECTOR('',#5436,1.);
#5436 = DIRECTION('',(0.,-1.));
#5437 = ( GEOMETRIC_REPRESENTATION_CONTEXT(2) 
PARAMETRIC_REPRESENTATION_CONTEXT() REPRESENTATION_CONTEXT('2D SPACE',''
  ) );
#5438 = PCURVE('',#5439,#5444);
#5439 = PLANE('',#5440);
#5440 = AXIS2_PLACEMENT_3D('',#5441,#5442,#5443);
#5441 = CARTESIAN_POINT('',(-165.,-150.,2.29E+03));
#5442 = DIRECTION('',(0.,0.,1.));
#5443 = DIRECTION('',(1.,0.,0.));
#5444 = DEFINITIONAL_REPRESENTATION('',(#5445),#5449);
#5445 = LINE('',#5446,#5447);
#5446 = CARTESIAN_POINT('',(0.,0.));
#5447 = VECTOR('',#5448,1.);
#5448 = DIRECTION('',(0.,1.));
#5449 = ( GEOMETRIC_REPRESENTATION_CONTEXT(2) 
PARAMETRIC_REPRESENTATION_CONTEXT() REPRESENTATION_CONTEXT('2D SPACE',''
  ) );
#5450 = ORIENTED_EDGE('',*,*,#5451,.T.);
#5451 = EDGE_CURVE('',#5424,#5452,#5454,.T.);
#5452 = VERTEX_POINT('',#5453);
#5453 = CARTESIAN_POINT('',(-165.,150.,2.36E+03));
#5454 = SURFACE_CURVE('',#5455,(#5459,#5466),.PCURVE_S1.);
#5455 = LINE('',#5456,#5457);
#5456 = CARTESIAN_POINT('',(-165.,150.,2.29E+03));
#5457 = VECTOR('',#5458,1.);
#5458 = DIRECTION('',(0.,0.,1.));
#5459 = PCURVE('',#5399,#5460);
#5460 = DEFINITIONAL_REPRESENTATION('',(#5461),#5465);
#5461 = LINE('',#5462,#5463);
#5462 = CARTESIAN_POINT('',(0.,-300.));
#5463 = VECTOR('',#5464,1.);
#5464 = DIRECTION('',(1.,0.));
#5465 = ( GEOMETRIC_REPRESENTATION_CONTEXT(2) 
PARAMETRIC_REPRESENTATION_CONTEXT() REPRESENTATION_CONTEXT('2D SPACE',''
  ) );
#5466 = PCURVE('',#5467,#5472);
#5467 = PLANE('',#5468);
#5468 = AXIS2_PLACEMENT_3D('',#5469,#5470,#5471);
#5469 = CARTESIAN_POINT('',(-165.,150.,2.29E+03));
#5470 = DIRECTION('',(0.,1.,0.));
#5471 = DIRECTION('',(0.,0.,1.));
#5472 = DEFINITIONAL_REPRESENTATION('',(#5473),#5477);
#5473 = LINE('',#5474,#5475);
#5474 = CARTESIAN_POINT('',(0.,0.));
#5475 = VECTOR('',#5476,1.);
#5476 = DIRECTION('',(1.,0.));
#5477 = ( GEOMETRIC_REPRESENTATION_CONTEXT(2) 
PARAMETRIC_REPRESENTATION_CONTEXT() REPRESENTATION_CONTEXT('2D SPACE',''
  ) );
#5478 = ORIENTED_EDGE('',*,*,#5479,.F.);
#5479 = EDGE_CURVE('',#5391,#5452,#5480,.T.);
#5480 = SURFACE_CURVE('',#5481,(#5485,#5492),.PCURVE_S1.);
#5481 = LINE('',#5482,#5483);
#5482 = CARTESIAN_POINT('',(-165.,-150.,2.36E+03));
#5483 = VECTOR('',#5484,1.);
#5484 = DIRECTION('',(0.,1.,0.));
#5485 = PCURVE('',#5399,#5486);
#5486 = DEFINITIONAL_REPRESENTATION('',(#5487),#5491);
#5487 = LINE('',#5488,#5489);
#5488 = CARTESIAN_POINT('',(70.,0.));
#5489 = VECTOR('',#5490,1.);
#5490 = DIRECTION('',(0.,-1.));
#5491 = ( GEOMETRIC_REPRESENTATION_CONTEXT(2) 
PARAMETRIC_REPRESENTATION_CONTEXT() REPRESENTATION_CONTEXT('2D SPACE',''
  ) );
#5492 = PCURVE('',#5493,#5498);
#5493 = PLANE('',#5494);
#5494 = AXIS2_PLACEMENT_3D('',#5495,#5496,#5497);
#5495 = CARTESIAN_POINT('',(-165.,-150.,2.36E+03));
#5496 = DIRECTION('',(0.,0.,1.));
#5497 = DIRECTION('',(1.,0.,0.));
#5498 = DEFINITIONAL_REPRESENTATION('',(#5499),#5503);
#5499 = LINE('',#5500,#5501);
#5500 = CARTESIAN_POINT('',(0.,0.));
#5501 = VECTOR('',#5502,1.);
#5502 = DIRECTION('',(0.,1.));
#5503 = ( GEOMETRIC_REPRESENTATION_CONTEXT(2) 
PARAMETRIC_REPRESENTATION_CONTEXT() REPRESENTATION_CONTEXT('2D SPACE',''
  ) );
#5504 = ADVANCED_FACE('',(#5505),#5519,.T.);
#5505 = FACE_BOUND('',#5506,.T.);
#5506 = EDGE_LOOP('',(#5507,#5537,#5560,#5583));
#5507 = ORIENTED_EDGE('',*,*,#5508,.F.);
#5508 = EDGE_CURVE('',#5509,#5511,#5513,.T.);
#5509 = VERTEX_POINT('',#5510);
#5510 = CARTESIAN_POINT('',(165.,-150.,2.29E+03));
#5511 = VERTEX_POINT('',#5512);
#5512 = CARTESIAN_POINT('',(165.,-150.,2.36E+03));
#5513 = SURFACE_CURVE('',#5514,(#5518,#5530),.PCURVE_S1.);
#5514 = LINE('',#5515,#5516);
#5515 = CARTESIAN_POINT('',(165.,-150.,2.29E+03));
#5516 = VECTOR('',#5517,1.);
#5517 = DIRECTION('',(0.,0.,1.));
#5518 = PCURVE('',#5519,#5524);
#5519 = PLANE('',#5520);
#5520 = AXIS2_PLACEMENT_3D('',#5521,#5522,#5523);
#5521 = CARTESIAN_POINT('',(165.,-150.,2.29E+03));
#5522 = DIRECTION('',(1.,0.,0.));
#5523 = DIRECTION('',(0.,0.,1.));
#5524 = DEFINITIONAL_REPRESENTATION('',(#5525),#5529);
#5525 = LINE('',#5526,#5527);
#5526 = CARTESIAN_POINT('',(0.,0.));
#5527 = VECTOR('',#5528,1.);
#5528 = DIRECTION('',(1.,0.));
#5529 = ( GEOMETRIC_REPRESENTATION_CONTEXT(2) 
PARAMETRIC_REPRESENTATION_CONTEXT() REPRESENTATION_CONTEXT('2D SPACE',''
  ) );
#5530 = PCURVE('',#5411,#5531);
#5531 = DEFINITIONAL_REPRESENTATION('',(#5532),#5536);
#5532 = LINE('',#5533,#5534);
#5533 = CARTESIAN_POINT('',(0.,330.));
#5534 = VECTOR('',#5535,1.);
#5535 = DIRECTION('',(1.,0.));
#5536 = ( GEOMETRIC_REPRESENTATION_CONTEXT(2) 
PARAMETRIC_REPRESENTATION_CONTEXT() REPRESENTATION_CONTEXT('2D SPACE',''
  ) );
#5537 = ORIENTED_EDGE('',*,*,#5538,.T.);
#5538 = EDGE_CURVE('',#5509,#5539,#5541,.T.);
#5539 = VERTEX_POINT('',#5540);
#5540 = CARTESIAN_POINT('',(165.,150.,2.29E+03));
#5541 = SURFACE_CURVE('',#5542,(#5546,#5553),.PCURVE_S1.);
#5542 = LINE('',#5543,#5544);
#5543 = CARTESIAN_POINT('',(165.,-150.,2.29E+03));
#5544 = VECTOR('',#5545,1.);
#5545 = DIRECTION('',(0.,1.,0.));
#5546 = PCURVE('',#5519,#5547);
#5547 = DEFINITIONAL_REPRESENTATION('',(#5548),#5552);
#5548 = LINE('',#5549,#5550);
#5549 = CARTESIAN_POINT('',(0.,0.));
#5550 = VECTOR('',#5551,1.);
#5551 = DIRECTION('',(0.,-1.));
#5552 = ( GEOMETRIC_REPRESENTATION_CONTEXT(2) 
PARAMETRIC_REPRESENTATION_CONTEXT() REPRESENTATION_CONTEXT('2D SPACE',''
  ) );
#5553 = PCURVE('',#5439,#5554);
#5554 = DEFINITIONAL_REPRESENTATION('',(#5555),#5559);
#5555 = LINE('',#5556,#5557);
#5556 = CARTESIAN_POINT('',(330.,0.));
#5557 = VECTOR('',#5558,1.);
#5558 = DIRECTION('',(0.,1.));
#5559 = ( GEOMETRIC_REPRESENTATION_CONTEXT(2) 
PARAMETRIC_REPRESENTATION_CONTEXT() REPRESENTATION_CONTEXT('2D SPACE',''
  ) );
#5560 = ORIENTED_EDGE('',*,*,#5561,.T.);
#5561 = EDGE_CURVE('',#5539,#5562,#5564,.T.);
#5562 = VERTEX_POINT('',#5563);
#5563 = CARTESIAN_POINT('',(165.,150.,2.36E+03));
#5564 = SURFACE_CURVE('',#5565,(#5569,#5576),.PCURVE_S1.);
#5565 = LINE('',#5566,#5567);
#5566 = CARTESIAN_POINT('',(165.,150.,2.29E+03));
#5567 = VECTOR('',#5568,1.);
#5568 = DIRECTION('',(0.,0.,1.));
#5569 = PCURVE('',#5519,#5570);
#5570 = DEFINITIONAL_REPRESENTATION('',(#5571),#5575);
#5571 = LINE('',#5572,#5573);
#5572 = CARTESIAN_POINT('',(0.,-300.));
#5573 = VECTOR('',#5574,1.);
#5574 = DIRECTION('',(1.,0.));
#5575 = ( GEOMETRIC_REPRESENTATION_CONTEXT(2) 
PARAMETRIC_REPRESENTATION_CONTEXT() REPRESENTATION_CONTEXT('2D SPACE',''
  ) );
#5576 = PCURVE('',#5467,#5577);
#5577 = DEFINITIONAL_REPRESENTATION('',(#5578),#5582);
#5578 = LINE('',#5579,#5580);
#5579 = CARTESIAN_POINT('',(0.,330.));
#5580 = VECTOR('',#5581,1.);
#5581 = DIRECTION('',(1.,0.));
#5582 = ( GEOMETRIC_REPRESENTATION_CONTEXT(2) 
PARAMETRIC_REPRESENTATION_CONTEXT() REPRESENTATION_CONTEXT('2D SPACE',''
  ) );
#5583 = ORIENTED_EDGE('',*,*,#5584,.F.);
#5584 = EDGE_CURVE('',#5511,#5562,#5585,.T.);
#5585 = SURFACE_CURVE('',#5586,(#5590,#5597),.PCURVE_S1.);
#5586 = LINE('',#5587,#5588);
#5587 = CARTESIAN_POINT('',(165.,-150.,2.36E+03));
#5588 = VECTOR('',#5589,1.);
#5589 = DIRECTION('',(0.,1.,0.));
#5590 = PCURVE('',#5519,#5591);
#5591 = DEFINITIONAL_REPRESENTATION('',(#5592),#5596);
#5592 = LINE('',#5593,#5594);
#5593 = CARTESIAN_POINT('',(70.,0.));
#5594 = VECTOR('',#5595,1.);
#5595 = DIRECTION('',(0.,-1.));
#5596 = ( GEOMETRIC_REPRESENTATION_CONTEXT(2) 
PARAMETRIC_REPRESENTATION_CONTEXT() REPRESENTATION_CONTEXT('2D SPACE',''
  ) );
#5597 = PCURVE('',#5493,#5598);
#5598 = DEFINITIONAL_REPRESENTATION('',(#5599),#5603);
#5599 = LINE('',#5600,#5601);
#5600 = CARTESIAN_POINT('',(330.,0.));
#5601 = VECTOR('',#5602,1.);
#5602 = DIRECTION('',(0.,1.));
#5603 = ( GEOMETRIC_REPRESENTATION_CONTEXT(2) 
PARAMETRIC_REPRESENTATION_CONTEXT() REPRESENTATION_CONTEXT('2D SPACE',''
  ) );
#5604 = ADVANCED_FACE('',(#5605),#5411,.F.);
#5605 = FACE_BOUND('',#5606,.F.);
#5606 = EDGE_LOOP('',(#5607,#5628,#5629,#5650));
#5607 = ORIENTED_EDGE('',*,*,#5608,.F.);
#5608 = EDGE_CURVE('',#5389,#5509,#5609,.T.);
#5609 = SURFACE_CURVE('',#5610,(#5614,#5621),.PCURVE_S1.);
#5610 = LINE('',#5611,#5612);
#5611 = CARTESIAN_POINT('',(-165.,-150.,2.29E+03));
#5612 = VECTOR('',#5613,1.);
#5613 = DIRECTION('',(1.,0.,0.));
#5614 = PCURVE('',#5411,#5615);
#5615 = DEFINITIONAL_REPRESENTATION('',(#5616),#5620);
#5616 = LINE('',#5617,#5618);
#5617 = CARTESIAN_POINT('',(0.,0.));
#5618 = VECTOR('',#5619,1.);
#5619 = DIRECTION('',(0.,1.));
#5620 = ( GEOMETRIC_REPRESENTATION_CONTEXT(2) 
PARAMETRIC_REPRESENTATION_CONTEXT() REPRESENTATION_CONTEXT('2D SPACE',''
  ) );
#5621 = PCURVE('',#5439,#5622);
#5622 = DEFINITIONAL_REPRESENTATION('',(#5623),#5627);
#5623 = LINE('',#5624,#5625);
#5624 = CARTESIAN_POINT('',(0.,0.));
#5625 = VECTOR('',#5626,1.);
#5626 = DIRECTION('',(1.,0.));
#5627 = ( GEOMETRIC_REPRESENTATION_CONTEXT(2) 
PARAMETRIC_REPRESENTATION_CONTEXT() REPRESENTATION_CONTEXT('2D SPACE',''
  ) );
#5628 = ORIENTED_EDGE('',*,*,#5388,.T.);
#5629 = ORIENTED_EDGE('',*,*,#5630,.T.);
#5630 = EDGE_CURVE('',#5391,#5511,#5631,.T.);
#5631 = SURFACE_CURVE('',#5632,(#5636,#5643),.PCURVE_S1.);
#5632 = LINE('',#5633,#5634);
#5633 = CARTESIAN_POINT('',(-165.,-150.,2.36E+03));
#5634 = VECTOR('',#5635,1.);
#5635 = DIRECTION('',(1.,0.,0.));
#5636 = PCURVE('',#5411,#5637);
#5637 = DEFINITIONAL_REPRESENTATION('',(#5638),#5642);
#5638 = LINE('',#5639,#5640);
#5639 = CARTESIAN_POINT('',(70.,0.));
#5640 = VECTOR('',#5641,1.);
#5641 = DIRECTION('',(0.,1.));
#5642 = ( GEOMETRIC_REPRESENTATION_CONTEXT(2) 
PARAMETRIC_REPRESENTATION_CONTEXT() REPRESENTATION_CONTEXT('2D SPACE',''
  ) );
#5643 = PCURVE('',#5493,#5644);
#5644 = DEFINITIONAL_REPRESENTATION('',(#5645),#5649);
#5645 = LINE('',#5646,#5647);
#5646 = CARTESIAN_POINT('',(0.,0.));
#5647 = VECTOR('',#5648,1.);
#5648 = DIRECTION('',(1.,0.));
#5649 = ( GEOMETRIC_REPRESENTATION_CONTEXT(2) 
PARAMETRIC_REPRESENTATION_CONTEXT() REPRESENTATION_CONTEXT('2D SPACE',''
  ) );
#5650 = ORIENTED_EDGE('',*,*,#5508,.F.);
#5651 = ADVANCED_FACE('',(#5652),#5467,.T.);
#5652 = FACE_BOUND('',#5653,.T.);
#5653 = EDGE_LOOP('',(#5654,#5675,#5676,#5697));
#5654 = ORIENTED_EDGE('',*,*,#5655,.F.);
#5655 = EDGE_CURVE('',#5424,#5539,#5656,.T.);
#5656 = SURFACE_CURVE('',#5657,(#5661,#5668),.PCURVE_S1.);
#5657 = LINE('',#5658,#5659);
#5658 = CARTESIAN_POINT('',(-165.,150.,2.29E+03));
#5659 = VECTOR('',#5660,1.);
#5660 = DIRECTION('',(1.,0.,0.));
#5661 = PCURVE('',#5467,#5662);
#5662 = DEFINITIONAL_REPRESENTATION('',(#5663),#5667);
#5663 = LINE('',#5664,#5665);
#5664 = CARTESIAN_POINT('',(0.,0.));
#5665 = VECTOR('',#5666,1.);
#5666 = DIRECTION('',(0.,1.));
#5667 = ( GEOMETRIC_REPRESENTATION_CONTEXT(2) 
PARAMETRIC_REPRESENTATION_CONTEXT() REPRESENTATION_CONTEXT('2D SPACE',''
  ) );
#5668 = PCURVE('',#5439,#5669);
#5669 = DEFINITIONAL_REPRESENTATION('',(#5670),#5674);
#5670 = LINE('',#5671,#5672);
#5671 = CARTESIAN_POINT('',(0.,300.));
#5672 = VECTOR('',#5673,1.);
#5673 = DIRECTION('',(1.,0.));
#5674 = ( GEOMETRIC_REPRESENTATION_CONTEXT(2) 
PARAMETRIC_REPRESENTATION_CONTEXT() REPRESENTATION_CONTEXT('2D SPACE',''
  ) );
#5675 = ORIENTED_EDGE('',*,*,#5451,.T.);
#5676 = ORIENTED_EDGE('',*,*,#5677,.T.);
#5677 = EDGE_CURVE('',#5452,#5562,#5678,.T.);
#5678 = SURFACE_CURVE('',#5679,(#5683,#5690),.PCURVE_S1.);
#5679 = LINE('',#5680,#5681);
#5680 = CARTESIAN_POINT('',(-165.,150.,2.36E+03));
#5681 = VECTOR('',#5682,1.);
#5682 = DIRECTION('',(1.,0.,0.));
#5683 = PCURVE('',#5467,#5684);
#5684 = DEFINITIONAL_REPRESENTATION('',(#5685),#5689);
#5685 = LINE('',#5686,#5687);
#5686 = CARTESIAN_POINT('',(70.,0.));
#5687 = VECTOR('',#5688,1.);
#5688 = DIRECTION('',(0.,1.));
#5689 = ( GEOMETRIC_REPRESENTATION_CONTEXT(2) 
PARAMETRIC_REPRESENTATION_CONTEXT() REPRESENTATION_CONTEXT('2D SPACE',''
  ) );
#5690 = PCURVE('',#5493,#5691);
#5691 = DEFINITIONAL_REPRESENTATION('',(#5692),#5696);
#5692 = LINE('',#5693,#5694);
#5693 = CARTESIAN_POINT('',(0.,300.));
#5694 = VECTOR('',#5695,1.);
#5695 = DIRECTION('',(1.,0.));
#5696 = ( GEOMETRIC_REPRESENTATION_CONTEXT(2) 
PARAMETRIC_REPRESENTATION_CONTEXT() REPRESENTATION_CONTEXT('2D SPACE',''
  ) );
#5697 = ORIENTED_EDGE('',*,*,#5561,.F.);
#5698 = ADVANCED_FACE('',(#5699),#5439,.F.);
#5699 = FACE_BOUND('',#5700,.F.);
#5700 = EDGE_LOOP('',(#5701,#5702,#5703,#5704));
#5701 = ORIENTED_EDGE('',*,*,#5423,.F.);
#5702 = ORIENTED_EDGE('',*,*,#5608,.T.);
#5703 = ORIENTED_EDGE('',*,*,#5538,.T.);
#5704 = ORIENTED_EDGE('',*,*,#5655,.F.);
#5705 = ADVANCED_FACE('',(#5706),#5493,.T.);
#5706 = FACE_BOUND('',#5707,.T.);
#5707 = EDGE_LOOP('',(#5708,#5709,#5710,#5711));
#5708 = ORIENTED_EDGE('',*,*,#5479,.F.);
#5709 = ORIENTED_EDGE('',*,*,#5630,.T.);
#5710 = ORIENTED_EDGE('',*,*,#5584,.T.);
#5711 = ORIENTED_EDGE('',*,*,#5677,.F.);
#5712 = ( GEOMETRIC_REPRESENTATION_CONTEXT(3) 
GLOBAL_UNCERTAINTY_ASSIGNED_CONTEXT((#5716)) 
GLOBAL_UNIT_ASSIGNED_CONTEXT((#5713,#5714,#5715)) REPRESENTATION_CONTEXT
('Context #1','3D Context with UNIT and UNCERTAINTY') );
#5713 = ( LENGTH_UNIT() NAMED_UNIT(*) SI_UNIT(.MILLI.,.METRE.) );
#5714 = ( NAMED_UNIT(*) PLANE_ANGLE_UNIT() SI_UNIT($,.RADIAN.) );
#5715 = ( NAMED_UNIT(*) SI_UNIT($,.STERADIAN.) SOLID_ANGLE_UNIT() );
#5716 = UNCERTAINTY_MEASURE_WITH_UNIT(LENGTH_MEASURE(1.E-07),#5713,
  'distance_accuracy_value','confusion accuracy');
#5717 = CONTEXT_DEPENDENT_SHAPE_REPRESENTATION(#5718,#5720);
#5718 = ( REPRESENTATION_RELATIONSHIP('','',#5381,#10) 
REPRESENTATION_RELATIONSHIP_WITH_TRANSFORMATION(#5719) 
SHAPE_REPRESENTATION_RELATIONSHIP() );
#5719 = ITEM_DEFINED_TRANSFORMATION('','',#11,#83);
#5720 = PRODUCT_DEFINITION_SHAPE('Placement','Placement of an item',
  #5721);
#5721 = NEXT_ASSEMBLY_USAGE_OCCURRENCE('18','XY_Moving_Block','',#5,
  #5376,$);
#5722 = PRODUCT_RELATED_PRODUCT_CATEGORY('part',$,(#5378));
#5723 = SHAPE_DEFINITION_REPRESENTATION(#5724,#5730);
#5724 = PRODUCT_DEFINITION_SHAPE('','',#5725);
#5725 = PRODUCT_DEFINITION('design','',#5726,#5729);
#5726 = PRODUCT_DEFINITION_FORMATION('','',#5727);
#5727 = PRODUCT('Ball_Hopper_Frustum','Ball_Hopper_Frustum','',(#5728));
#5728 = PRODUCT_CONTEXT('',#2,'mechanical');
#5729 = PRODUCT_DEFINITION_CONTEXT('part definition',#2,'design');
#5730 = ADVANCED_BREP_SHAPE_REPRESENTATION('',(#11,#5731),#5826);
#5731 = MANIFOLD_SOLID_BREP('',#5732);
#5732 = CLOSED_SHELL('',(#5733,#5818,#5822));
#5733 = ADVANCED_FACE('',(#5734),#5747,.T.);
#5734 = FACE_BOUND('',#5735,.T.);
#5735 = EDGE_LOOP('',(#5736,#5770,#5790,#5817));
#5736 = ORIENTED_EDGE('',*,*,#5737,.T.);
#5737 = EDGE_CURVE('',#5738,#5738,#5740,.T.);
#5738 = VERTEX_POINT('',#5739);
#5739 = CARTESIAN_POINT('',(42.,0.,2.36E+03));
#5740 = SURFACE_CURVE('',#5741,(#5746,#5758),.PCURVE_S1.);
#5741 = CIRCLE('',#5742,42.);
#5742 = AXIS2_PLACEMENT_3D('',#5743,#5744,#5745);
#5743 = CARTESIAN_POINT('',(0.,0.,2.36E+03));
#5744 = DIRECTION('',(0.,0.,1.));
#5745 = DIRECTION('',(1.,0.,0.));
#5746 = PCURVE('',#5747,#5752);
#5747 = CONICAL_SURFACE('',#5748,42.,0.385286455428);
#5748 = AXIS2_PLACEMENT_3D('',#5749,#5750,#5751);
#5749 = CARTESIAN_POINT('',(0.,0.,2.36E+03));
#5750 = DIRECTION('',(0.,0.,1.));
#5751 = DIRECTION('',(1.,0.,0.));
#5752 = DEFINITIONAL_REPRESENTATION('',(#5753),#5757);
#5753 = LINE('',#5754,#5755);
#5754 = CARTESIAN_POINT('',(0.,0.));
#5755 = VECTOR('',#5756,1.);
#5756 = DIRECTION('',(1.,0.));
#5757 = ( GEOMETRIC_REPRESENTATION_CONTEXT(2) 
PARAMETRIC_REPRESENTATION_CONTEXT() REPRESENTATION_CONTEXT('2D SPACE',''
  ) );
#5758 = PCURVE('',#5759,#5764);
#5759 = PLANE('',#5760);
#5760 = AXIS2_PLACEMENT_3D('',#5761,#5762,#5763);
#5761 = CARTESIAN_POINT('',(0.,0.,2.36E+03));
#5762 = DIRECTION('',(0.,0.,1.));
#5763 = DIRECTION('',(1.,0.,0.));
#5764 = DEFINITIONAL_REPRESENTATION('',(#5765),#5769);
#5765 = CIRCLE('',#5766,42.);
#5766 = AXIS2_PLACEMENT_2D('',#5767,#5768);
#5767 = CARTESIAN_POINT('',(0.,0.));
#5768 = DIRECTION('',(1.,0.));
#5769 = ( GEOMETRIC_REPRESENTATION_CONTEXT(2) 
PARAMETRIC_REPRESENTATION_CONTEXT() REPRESENTATION_CONTEXT('2D SPACE',''
  ) );
#5770 = ORIENTED_EDGE('',*,*,#5771,.T.);
#5771 = EDGE_CURVE('',#5738,#5772,#5774,.T.);
#5772 = VERTEX_POINT('',#5773);
#5773 = CARTESIAN_POINT('',(115.,0.,2.54E+03));
#5774 = SEAM_CURVE('',#5775,(#5778,#5784),.PCURVE_S1.);
#5775 = B_SPLINE_CURVE_WITH_KNOTS('',1,(#5776,#5777),.UNSPECIFIED.,.F.,
  .F.,(2,2),(0.,1.),.PIECEWISE_BEZIER_KNOTS.);
#5776 = CARTESIAN_POINT('',(42.,0.,2.36E+03));
#5777 = CARTESIAN_POINT('',(115.,0.,2.54E+03));
#5778 = PCURVE('',#5747,#5779);
#5779 = DEFINITIONAL_REPRESENTATION('',(#5780),#5783);
#5780 = B_SPLINE_CURVE_WITH_KNOTS('',1,(#5781,#5782),.UNSPECIFIED.,.F.,
  .F.,(2,2),(0.,1.),.PIECEWISE_BEZIER_KNOTS.);
#5781 = CARTESIAN_POINT('',(6.28318530718,0.));
#5782 = CARTESIAN_POINT('',(6.28318530718,180.));
#5783 = ( GEOMETRIC_REPRESENTATION_CONTEXT(2) 
PARAMETRIC_REPRESENTATION_CONTEXT() REPRESENTATION_CONTEXT('2D SPACE',''
  ) );
#5784 = PCURVE('',#5747,#5785);
#5785 = DEFINITIONAL_REPRESENTATION('',(#5786),#5789);
#5786 = B_SPLINE_CURVE_WITH_KNOTS('',1,(#5787,#5788),.UNSPECIFIED.,.F.,
  .F.,(2,2),(0.,1.),.PIECEWISE_BEZIER_KNOTS.);
#5787 = CARTESIAN_POINT('',(0.,0.));
#5788 = CARTESIAN_POINT('',(0.,180.));
#5789 = ( GEOMETRIC_REPRESENTATION_CONTEXT(2) 
PARAMETRIC_REPRESENTATION_CONTEXT() REPRESENTATION_CONTEXT('2D SPACE',''
  ) );
#5790 = ORIENTED_EDGE('',*,*,#5791,.F.);
#5791 = EDGE_CURVE('',#5772,#5772,#5792,.T.);
#5792 = SURFACE_CURVE('',#5793,(#5798,#5805),.PCURVE_S1.);
#5793 = CIRCLE('',#5794,115.);
#5794 = AXIS2_PLACEMENT_3D('',#5795,#5796,#5797);
#5795 = CARTESIAN_POINT('',(0.,0.,2.54E+03));
#5796 = DIRECTION('',(0.,0.,1.));
#5797 = DIRECTION('',(1.,0.,0.));
#5798 = PCURVE('',#5747,#5799);
#5799 = DEFINITIONAL_REPRESENTATION('',(#5800),#5804);
#5800 = LINE('',#5801,#5802);
#5801 = CARTESIAN_POINT('',(0.,180.));
#5802 = VECTOR('',#5803,1.);
#5803 = DIRECTION('',(1.,0.));
#5804 = ( GEOMETRIC_REPRESENTATION_CONTEXT(2) 
PARAMETRIC_REPRESENTATION_CONTEXT() REPRESENTATION_CONTEXT('2D SPACE',''
  ) );
#5805 = PCURVE('',#5806,#5811);
#5806 = PLANE('',#5807);
#5807 = AXIS2_PLACEMENT_3D('',#5808,#5809,#5810);
#5808 = CARTESIAN_POINT('',(0.,0.,2.54E+03));
#5809 = DIRECTION('',(0.,0.,1.));
#5810 = DIRECTION('',(1.,0.,0.));
#5811 = DEFINITIONAL_REPRESENTATION('',(#5812),#5816);
#5812 = CIRCLE('',#5813,115.);
#5813 = AXIS2_PLACEMENT_2D('',#5814,#5815);
#5814 = CARTESIAN_POINT('',(0.,0.));
#5815 = DIRECTION('',(1.,0.));
#5816 = ( GEOMETRIC_REPRESENTATION_CONTEXT(2) 
PARAMETRIC_REPRESENTATION_CONTEXT() REPRESENTATION_CONTEXT('2D SPACE',''
  ) );
#5817 = ORIENTED_EDGE('',*,*,#5771,.F.);
#5818 = ADVANCED_FACE('',(#5819),#5759,.F.);
#5819 = FACE_BOUND('',#5820,.F.);
#5820 = EDGE_LOOP('',(#5821));
#5821 = ORIENTED_EDGE('',*,*,#5737,.T.);
#5822 = ADVANCED_FACE('',(#5823),#5806,.T.);
#5823 = FACE_BOUND('',#5824,.T.);
#5824 = EDGE_LOOP('',(#5825));
#5825 = ORIENTED_EDGE('',*,*,#5791,.T.);
#5826 = ( GEOMETRIC_REPRESENTATION_CONTEXT(3) 
GLOBAL_UNCERTAINTY_ASSIGNED_CONTEXT((#5830)) 
GLOBAL_UNIT_ASSIGNED_CONTEXT((#5827,#5828,#5829)) REPRESENTATION_CONTEXT
('Context #1','3D Context with UNIT and UNCERTAINTY') );
#5827 = ( LENGTH_UNIT() NAMED_UNIT(*) SI_UNIT(.MILLI.,.METRE.) );
#5828 = ( NAMED_UNIT(*) PLANE_ANGLE_UNIT() SI_UNIT($,.RADIAN.) );
#5829 = ( NAMED_UNIT(*) SI_UNIT($,.STERADIAN.) SOLID_ANGLE_UNIT() );
#5830 = UNCERTAINTY_MEASURE_WITH_UNIT(LENGTH_MEASURE(1.E-07),#5827,
  'distance_accuracy_value','confusion accuracy');
#5831 = CONTEXT_DEPENDENT_SHAPE_REPRESENTATION(#5832,#5834);
#5832 = ( REPRESENTATION_RELATIONSHIP('','',#5730,#10) 
REPRESENTATION_RELATIONSHIP_WITH_TRANSFORMATION(#5833) 
SHAPE_REPRESENTATION_RELATIONSHIP() );
#5833 = ITEM_DEFINED_TRANSFORMATION('','',#11,#87);
#5834 = PRODUCT_DEFINITION_SHAPE('Placement','Placement of an item',
  #5835);
#5835 = NEXT_ASSEMBLY_USAGE_OCCURRENCE('19','Ball_Hopper_Frustum','',#5,
  #5725,$);
#5836 = PRODUCT_RELATED_PRODUCT_CATEGORY('part',$,(#5727));
#5837 = SHAPE_DEFINITION_REPRESENTATION(#5838,#5844);
#5838 = PRODUCT_DEFINITION_SHAPE('','',#5839);
#5839 = PRODUCT_DEFINITION('design','',#5840,#5843);
#5840 = PRODUCT_DEFINITION_FORMATION('','',#5841);
#5841 = PRODUCT('50_Ball_Storage_Cylinder','50_Ball_Storage_Cylinder',''
  ,(#5842));
#5842 = PRODUCT_CONTEXT('',#2,'mechanical');
#5843 = PRODUCT_DEFINITION_CONTEXT('part definition',#2,'design');
#5844 = ADVANCED_BREP_SHAPE_REPRESENTATION('',(#11,#5845),#5943);
#5845 = MANIFOLD_SOLID_BREP('',#5846);
#5846 = CLOSED_SHELL('',(#5847,#5935,#5939));
#5847 = ADVANCED_FACE('',(#5848),#5861,.T.);
#5848 = FACE_BOUND('',#5849,.T.);
#5849 = EDGE_LOOP('',(#5850,#5884,#5907,#5934));
#5850 = ORIENTED_EDGE('',*,*,#5851,.F.);
#5851 = EDGE_CURVE('',#5852,#5852,#5854,.T.);
#5852 = VERTEX_POINT('',#5853);
#5853 = CARTESIAN_POINT('',(115.,-2.816687638039E-14,2.77E+03));
#5854 = SURFACE_CURVE('',#5855,(#5860,#5872),.PCURVE_S1.);
#5855 = CIRCLE('',#5856,115.);
#5856 = AXIS2_PLACEMENT_3D('',#5857,#5858,#5859);
#5857 = CARTESIAN_POINT('',(0.,0.,2.77E+03));
#5858 = DIRECTION('',(0.,0.,1.));
#5859 = DIRECTION('',(1.,0.,0.));
#5860 = PCURVE('',#5861,#5866);
#5861 = CYLINDRICAL_SURFACE('',#5862,115.);
#5862 = AXIS2_PLACEMENT_3D('',#5863,#5864,#5865);
#5863 = CARTESIAN_POINT('',(0.,0.,2.54E+03));
#5864 = DIRECTION('',(0.,0.,1.));
#5865 = DIRECTION('',(1.,0.,0.));
#5866 = DEFINITIONAL_REPRESENTATION('',(#5867),#5871);
#5867 = LINE('',#5868,#5869);
#5868 = CARTESIAN_POINT('',(0.,230.));
#5869 = VECTOR('',#5870,1.);
#5870 = DIRECTION('',(1.,0.));
#5871 = ( GEOMETRIC_REPRESENTATION_CONTEXT(2) 
PARAMETRIC_REPRESENTATION_CONTEXT() REPRESENTATION_CONTEXT('2D SPACE',''
  ) );
#5872 = PCURVE('',#5873,#5878);
#5873 = PLANE('',#5874);
#5874 = AXIS2_PLACEMENT_3D('',#5875,#5876,#5877);
#5875 = CARTESIAN_POINT('',(0.,0.,2.77E+03));
#5876 = DIRECTION('',(0.,0.,1.));
#5877 = DIRECTION('',(1.,0.,0.));
#5878 = DEFINITIONAL_REPRESENTATION('',(#5879),#5883);
#5879 = CIRCLE('',#5880,115.);
#5880 = AXIS2_PLACEMENT_2D('',#5881,#5882);
#5881 = CARTESIAN_POINT('',(0.,0.));
#5882 = DIRECTION('',(1.,0.));
#5883 = ( GEOMETRIC_REPRESENTATION_CONTEXT(2) 
PARAMETRIC_REPRESENTATION_CONTEXT() REPRESENTATION_CONTEXT('2D SPACE',''
  ) );
#5884 = ORIENTED_EDGE('',*,*,#5885,.F.);
#5885 = EDGE_CURVE('',#5886,#5852,#5888,.T.);
#5886 = VERTEX_POINT('',#5887);
#5887 = CARTESIAN_POINT('',(115.,-2.816687638039E-14,2.54E+03));
#5888 = SEAM_CURVE('',#5889,(#5893,#5900),.PCURVE_S1.);
#5889 = LINE('',#5890,#5891);
#5890 = CARTESIAN_POINT('',(115.,-2.816687638039E-14,2.54E+03));
#5891 = VECTOR('',#5892,1.);
#5892 = DIRECTION('',(0.,0.,1.));
#5893 = PCURVE('',#5861,#5894);
#5894 = DEFINITIONAL_REPRESENTATION('',(#5895),#5899);
#5895 = LINE('',#5896,#5897);
#5896 = CARTESIAN_POINT('',(6.28318530718,-0.));
#5897 = VECTOR('',#5898,1.);
#5898 = DIRECTION('',(0.,1.));
#5899 = ( GEOMETRIC_REPRESENTATION_CONTEXT(2) 
PARAMETRIC_REPRESENTATION_CONTEXT() REPRESENTATION_CONTEXT('2D SPACE',''
  ) );
#5900 = PCURVE('',#5861,#5901);
#5901 = DEFINITIONAL_REPRESENTATION('',(#5902),#5906);
#5902 = LINE('',#5903,#5904);
#5903 = CARTESIAN_POINT('',(0.,-0.));
#5904 = VECTOR('',#5905,1.);
#5905 = DIRECTION('',(0.,1.));
#5906 = ( GEOMETRIC_REPRESENTATION_CONTEXT(2) 
PARAMETRIC_REPRESENTATION_CONTEXT() REPRESENTATION_CONTEXT('2D SPACE',''
  ) );
#5907 = ORIENTED_EDGE('',*,*,#5908,.T.);
#5908 = EDGE_CURVE('',#5886,#5886,#5909,.T.);
#5909 = SURFACE_CURVE('',#5910,(#5915,#5922),.PCURVE_S1.);
#5910 = CIRCLE('',#5911,115.);
#5911 = AXIS2_PLACEMENT_3D('',#5912,#5913,#5914);
#5912 = CARTESIAN_POINT('',(0.,0.,2.54E+03));
#5913 = DIRECTION('',(0.,0.,1.));
#5914 = DIRECTION('',(1.,0.,0.));
#5915 = PCURVE('',#5861,#5916);
#5916 = DEFINITIONAL_REPRESENTATION('',(#5917),#5921);
#5917 = LINE('',#5918,#5919);
#5918 = CARTESIAN_POINT('',(0.,0.));
#5919 = VECTOR('',#5920,1.);
#5920 = DIRECTION('',(1.,0.));
#5921 = ( GEOMETRIC_REPRESENTATION_CONTEXT(2) 
PARAMETRIC_REPRESENTATION_CONTEXT() REPRESENTATION_CONTEXT('2D SPACE',''
  ) );
#5922 = PCURVE('',#5923,#5928);
#5923 = PLANE('',#5924);
#5924 = AXIS2_PLACEMENT_3D('',#5925,#5926,#5927);
#5925 = CARTESIAN_POINT('',(0.,0.,2.54E+03));
#5926 = DIRECTION('',(0.,0.,1.));
#5927 = DIRECTION('',(1.,0.,0.));
#5928 = DEFINITIONAL_REPRESENTATION('',(#5929),#5933);
#5929 = CIRCLE('',#5930,115.);
#5930 = AXIS2_PLACEMENT_2D('',#5931,#5932);
#5931 = CARTESIAN_POINT('',(0.,0.));
#5932 = DIRECTION('',(1.,0.));
#5933 = ( GEOMETRIC_REPRESENTATION_CONTEXT(2) 
PARAMETRIC_REPRESENTATION_CONTEXT() REPRESENTATION_CONTEXT('2D SPACE',''
  ) );
#5934 = ORIENTED_EDGE('',*,*,#5885,.T.);
#5935 = ADVANCED_FACE('',(#5936),#5873,.T.);
#5936 = FACE_BOUND('',#5937,.T.);
#5937 = EDGE_LOOP('',(#5938));
#5938 = ORIENTED_EDGE('',*,*,#5851,.T.);
#5939 = ADVANCED_FACE('',(#5940),#5923,.F.);
#5940 = FACE_BOUND('',#5941,.T.);
#5941 = EDGE_LOOP('',(#5942));
#5942 = ORIENTED_EDGE('',*,*,#5908,.F.);
#5943 = ( GEOMETRIC_REPRESENTATION_CONTEXT(3) 
GLOBAL_UNCERTAINTY_ASSIGNED_CONTEXT((#5947)) 
GLOBAL_UNIT_ASSIGNED_CONTEXT((#5944,#5945,#5946)) REPRESENTATION_CONTEXT
('Context #1','3D Context with UNIT and UNCERTAINTY') );
#5944 = ( LENGTH_UNIT() NAMED_UNIT(*) SI_UNIT(.MILLI.,.METRE.) );
#5945 = ( NAMED_UNIT(*) PLANE_ANGLE_UNIT() SI_UNIT($,.RADIAN.) );
#5946 = ( NAMED_UNIT(*) SI_UNIT($,.STERADIAN.) SOLID_ANGLE_UNIT() );
#5947 = UNCERTAINTY_MEASURE_WITH_UNIT(LENGTH_MEASURE(1.E-07),#5944,
  'distance_accuracy_value','confusion accuracy');
#5948 = CONTEXT_DEPENDENT_SHAPE_REPRESENTATION(#5949,#5951);
#5949 = ( REPRESENTATION_RELATIONSHIP('','',#5844,#10) 
REPRESENTATION_RELATIONSHIP_WITH_TRANSFORMATION(#5950) 
SHAPE_REPRESENTATION_RELATIONSHIP() );
#5950 = ITEM_DEFINED_TRANSFORMATION('','',#11,#91);
#5951 = PRODUCT_DEFINITION_SHAPE('Placement','Placement of an item',
  #5952);
#5952 = NEXT_ASSEMBLY_USAGE_OCCURRENCE('20','50_Ball_Storage_Cylinder',
  '',#5,#5839,$);
#5953 = PRODUCT_RELATED_PRODUCT_CATEGORY('part',$,(#5841));
#5954 = SHAPE_DEFINITION_REPRESENTATION(#5955,#5961);
#5955 = PRODUCT_DEFINITION_SHAPE('','',#5956);
#5956 = PRODUCT_DEFINITION('design','',#5957,#5960);
#5957 = PRODUCT_DEFINITION_FORMATION('','',#5958);
#5958 = PRODUCT('Hopper_Top_Rim','Hopper_Top_Rim','',(#5959));
#5959 = PRODUCT_CONTEXT('',#2,'mechanical');
#5960 = PRODUCT_DEFINITION_CONTEXT('part definition',#2,'design');
#5961 = ADVANCED_BREP_SHAPE_REPRESENTATION('',(#11,#5962),#6060);
#5962 = MANIFOLD_SOLID_BREP('',#5963);
#5963 = CLOSED_SHELL('',(#5964,#6052,#6056));
#5964 = ADVANCED_FACE('',(#5965),#5978,.T.);
#5965 = FACE_BOUND('',#5966,.T.);
#5966 = EDGE_LOOP('',(#5967,#6001,#6024,#6051));
#5967 = ORIENTED_EDGE('',*,*,#5968,.F.);
#5968 = EDGE_CURVE('',#5969,#5969,#5971,.T.);
#5969 = VERTEX_POINT('',#5970);
#5970 = CARTESIAN_POINT('',(123.,-3.012631125902E-14,2.788E+03));
#5971 = SURFACE_CURVE('',#5972,(#5977,#5989),.PCURVE_S1.);
#5972 = CIRCLE('',#5973,123.);
#5973 = AXIS2_PLACEMENT_3D('',#5974,#5975,#5976);
#5974 = CARTESIAN_POINT('',(0.,0.,2.788E+03));
#5975 = DIRECTION('',(0.,0.,1.));
#5976 = DIRECTION('',(1.,0.,0.));
#5977 = PCURVE('',#5978,#5983);
#5978 = CYLINDRICAL_SURFACE('',#5979,123.);
#5979 = AXIS2_PLACEMENT_3D('',#5980,#5981,#5982);
#5980 = CARTESIAN_POINT('',(0.,0.,2.77E+03));
#5981 = DIRECTION('',(0.,0.,1.));
#5982 = DIRECTION('',(1.,0.,0.));
#5983 = DEFINITIONAL_REPRESENTATION('',(#5984),#5988);
#5984 = LINE('',#5985,#5986);
#5985 = CARTESIAN_POINT('',(0.,18.));
#5986 = VECTOR('',#5987,1.);
#5987 = DIRECTION('',(1.,0.));
#5988 = ( GEOMETRIC_REPRESENTATION_CONTEXT(2) 
PARAMETRIC_REPRESENTATION_CONTEXT() REPRESENTATION_CONTEXT('2D SPACE',''
  ) );
#5989 = PCURVE('',#5990,#5995);
#5990 = PLANE('',#5991);
#5991 = AXIS2_PLACEMENT_3D('',#5992,#5993,#5994);
#5992 = CARTESIAN_POINT('',(0.,0.,2.788E+03));
#5993 = DIRECTION('',(0.,0.,1.));
#5994 = DIRECTION('',(1.,0.,0.));
#5995 = DEFINITIONAL_REPRESENTATION('',(#5996),#6000);
#5996 = CIRCLE('',#5997,123.);
#5997 = AXIS2_PLACEMENT_2D('',#5998,#5999);
#5998 = CARTESIAN_POINT('',(0.,0.));
#5999 = DIRECTION('',(1.,0.));
#6000 = ( GEOMETRIC_REPRESENTATION_CONTEXT(2) 
PARAMETRIC_REPRESENTATION_CONTEXT() REPRESENTATION_CONTEXT('2D SPACE',''
  ) );
#6001 = ORIENTED_EDGE('',*,*,#6002,.F.);
#6002 = EDGE_CURVE('',#6003,#5969,#6005,.T.);
#6003 = VERTEX_POINT('',#6004);
#6004 = CARTESIAN_POINT('',(123.,-3.012631125902E-14,2.77E+03));
#6005 = SEAM_CURVE('',#6006,(#6010,#6017),.PCURVE_S1.);
#6006 = LINE('',#6007,#6008);
#6007 = CARTESIAN_POINT('',(123.,-3.012631125902E-14,2.77E+03));
#6008 = VECTOR('',#6009,1.);
#6009 = DIRECTION('',(0.,0.,1.));
#6010 = PCURVE('',#5978,#6011);
#6011 = DEFINITIONAL_REPRESENTATION('',(#6012),#6016);
#6012 = LINE('',#6013,#6014);
#6013 = CARTESIAN_POINT('',(6.28318530718,-0.));
#6014 = VECTOR('',#6015,1.);
#6015 = DIRECTION('',(0.,1.));
#6016 = ( GEOMETRIC_REPRESENTATION_CONTEXT(2) 
PARAMETRIC_REPRESENTATION_CONTEXT() REPRESENTATION_CONTEXT('2D SPACE',''
  ) );
#6017 = PCURVE('',#5978,#6018);
#6018 = DEFINITIONAL_REPRESENTATION('',(#6019),#6023);
#6019 = LINE('',#6020,#6021);
#6020 = CARTESIAN_POINT('',(0.,-0.));
#6021 = VECTOR('',#6022,1.);
#6022 = DIRECTION('',(0.,1.));
#6023 = ( GEOMETRIC_REPRESENTATION_CONTEXT(2) 
PARAMETRIC_REPRESENTATION_CONTEXT() REPRESENTATION_CONTEXT('2D SPACE',''
  ) );
#6024 = ORIENTED_EDGE('',*,*,#6025,.T.);
#6025 = EDGE_CURVE('',#6003,#6003,#6026,.T.);
#6026 = SURFACE_CURVE('',#6027,(#6032,#6039),.PCURVE_S1.);
#6027 = CIRCLE('',#6028,123.);
#6028 = AXIS2_PLACEMENT_3D('',#6029,#6030,#6031);
#6029 = CARTESIAN_POINT('',(0.,0.,2.77E+03));
#6030 = DIRECTION('',(0.,0.,1.));
#6031 = DIRECTION('',(1.,0.,0.));
#6032 = PCURVE('',#5978,#6033);
#6033 = DEFINITIONAL_REPRESENTATION('',(#6034),#6038);
#6034 = LINE('',#6035,#6036);
#6035 = CARTESIAN_POINT('',(0.,0.));
#6036 = VECTOR('',#6037,1.);
#6037 = DIRECTION('',(1.,0.));
#6038 = ( GEOMETRIC_REPRESENTATION_CONTEXT(2) 
PARAMETRIC_REPRESENTATION_CONTEXT() REPRESENTATION_CONTEXT('2D SPACE',''
  ) );
#6039 = PCURVE('',#6040,#6045);
#6040 = PLANE('',#6041);
#6041 = AXIS2_PLACEMENT_3D('',#6042,#6043,#6044);
#6042 = CARTESIAN_POINT('',(0.,0.,2.77E+03));
#6043 = DIRECTION('',(0.,0.,1.));
#6044 = DIRECTION('',(1.,0.,0.));
#6045 = DEFINITIONAL_REPRESENTATION('',(#6046),#6050);
#6046 = CIRCLE('',#6047,123.);
#6047 = AXIS2_PLACEMENT_2D('',#6048,#6049);
#6048 = CARTESIAN_POINT('',(0.,0.));
#6049 = DIRECTION('',(1.,0.));
#6050 = ( GEOMETRIC_REPRESENTATION_CONTEXT(2) 
PARAMETRIC_REPRESENTATION_CONTEXT() REPRESENTATION_CONTEXT('2D SPACE',''
  ) );
#6051 = ORIENTED_EDGE('',*,*,#6002,.T.);
#6052 = ADVANCED_FACE('',(#6053),#5990,.T.);
#6053 = FACE_BOUND('',#6054,.T.);
#6054 = EDGE_LOOP('',(#6055));
#6055 = ORIENTED_EDGE('',*,*,#5968,.T.);
#6056 = ADVANCED_FACE('',(#6057),#6040,.F.);
#6057 = FACE_BOUND('',#6058,.T.);
#6058 = EDGE_LOOP('',(#6059));
#6059 = ORIENTED_EDGE('',*,*,#6025,.F.);
#6060 = ( GEOMETRIC_REPRESENTATION_CONTEXT(3) 
GLOBAL_UNCERTAINTY_ASSIGNED_CONTEXT((#6064)) 
GLOBAL_UNIT_ASSIGNED_CONTEXT((#6061,#6062,#6063)) REPRESENTATION_CONTEXT
('Context #1','3D Context with UNIT and UNCERTAINTY') );
#6061 = ( LENGTH_UNIT() NAMED_UNIT(*) SI_UNIT(.MILLI.,.METRE.) );
#6062 = ( NAMED_UNIT(*) PLANE_ANGLE_UNIT() SI_UNIT($,.RADIAN.) );
#6063 = ( NAMED_UNIT(*) SI_UNIT($,.STERADIAN.) SOLID_ANGLE_UNIT() );
#6064 = UNCERTAINTY_MEASURE_WITH_UNIT(LENGTH_MEASURE(1.E-07),#6061,
  'distance_accuracy_value','confusion accuracy');
#6065 = CONTEXT_DEPENDENT_SHAPE_REPRESENTATION(#6066,#6068);
#6066 = ( REPRESENTATION_RELATIONSHIP('','',#5961,#10) 
REPRESENTATION_RELATIONSHIP_WITH_TRANSFORMATION(#6067) 
SHAPE_REPRESENTATION_RELATIONSHIP() );
#6067 = ITEM_DEFINED_TRANSFORMATION('','',#11,#95);
#6068 = PRODUCT_DEFINITION_SHAPE('Placement','Placement of an item',
  #6069);
#6069 = NEXT_ASSEMBLY_USAGE_OCCURRENCE('21','Hopper_Top_Rim','',#5,#5956
  ,$);
#6070 = PRODUCT_RELATED_PRODUCT_CATEGORY('part',$,(#5958));
#6071 = SHAPE_DEFINITION_REPRESENTATION(#6072,#6078);
#6072 = PRODUCT_DEFINITION_SHAPE('','',#6073);
#6073 = PRODUCT_DEFINITION('design','',#6074,#6077);
#6074 = PRODUCT_DEFINITION_FORMATION('','',#6075);
#6075 = PRODUCT('PingPong_Ball_01','PingPong_Ball_01','',(#6076));
#6076 = PRODUCT_CONTEXT('',#2,'mechanical');
#6077 = PRODUCT_DEFINITION_CONTEXT('part definition',#2,'design');
#6078 = ADVANCED_BREP_SHAPE_REPRESENTATION('',(#11,#6079),#6091);
#6079 = MANIFOLD_SOLID_BREP('',#6080);
#6080 = CLOSED_SHELL('',(#6081));
#6081 = ADVANCED_FACE('',(#6082),#6086,.T.);
#6082 = FACE_BOUND('',#6083,.T.);
#6083 = VERTEX_LOOP('',#6084);
#6084 = VERTEX_POINT('',#6085);
#6085 = CARTESIAN_POINT('',(-38.,-76.,2.395E+03));
#6086 = SPHERICAL_SURFACE('',#6087,20.);
#6087 = AXIS2_PLACEMENT_3D('',#6088,#6089,#6090);
#6088 = CARTESIAN_POINT('',(-38.,-76.,2.415E+03));
#6089 = DIRECTION('',(0.,0.,1.));
#6090 = DIRECTION('',(1.,0.,0.));
#6091 = ( GEOMETRIC_REPRESENTATION_CONTEXT(3) 
GLOBAL_UNCERTAINTY_ASSIGNED_CONTEXT((#6095)) 
GLOBAL_UNIT_ASSIGNED_CONTEXT((#6092,#6093,#6094)) REPRESENTATION_CONTEXT
('Context #1','3D Context with UNIT and UNCERTAINTY') );
#6092 = ( LENGTH_UNIT() NAMED_UNIT(*) SI_UNIT(.MILLI.,.METRE.) );
#6093 = ( NAMED_UNIT(*) PLANE_ANGLE_UNIT() SI_UNIT($,.RADIAN.) );
#6094 = ( NAMED_UNIT(*) SI_UNIT($,.STERADIAN.) SOLID_ANGLE_UNIT() );
#6095 = UNCERTAINTY_MEASURE_WITH_UNIT(LENGTH_MEASURE(1.E-07),#6092,
  'distance_accuracy_value','confusion accuracy');
#6096 = CONTEXT_DEPENDENT_SHAPE_REPRESENTATION(#6097,#6099);
#6097 = ( REPRESENTATION_RELATIONSHIP('','',#6078,#10) 
REPRESENTATION_RELATIONSHIP_WITH_TRANSFORMATION(#6098) 
SHAPE_REPRESENTATION_RELATIONSHIP() );
#6098 = ITEM_DEFINED_TRANSFORMATION('','',#11,#99);
#6099 = PRODUCT_DEFINITION_SHAPE('Placement','Placement of an item',
  #6100);
#6100 = NEXT_ASSEMBLY_USAGE_OCCURRENCE('22','PingPong_Ball_01','',#5,
  #6073,$);
#6101 = PRODUCT_RELATED_PRODUCT_CATEGORY('part',$,(#6075));
#6102 = SHAPE_DEFINITION_REPRESENTATION(#6103,#6109);
#6103 = PRODUCT_DEFINITION_SHAPE('','',#6104);
#6104 = PRODUCT_DEFINITION('design','',#6105,#6108);
#6105 = PRODUCT_DEFINITION_FORMATION('','',#6106);
#6106 = PRODUCT('PingPong_Ball_02','PingPong_Ball_02','',(#6107));
#6107 = PRODUCT_CONTEXT('',#2,'mechanical');
#6108 = PRODUCT_DEFINITION_CONTEXT('part definition',#2,'design');
#6109 = ADVANCED_BREP_SHAPE_REPRESENTATION('',(#11,#6110),#6122);
#6110 = MANIFOLD_SOLID_BREP('',#6111);
#6111 = CLOSED_SHELL('',(#6112));
#6112 = ADVANCED_FACE('',(#6113),#6117,.T.);
#6113 = FACE_BOUND('',#6114,.T.);
#6114 = VERTEX_LOOP('',#6115);
#6115 = VERTEX_POINT('',#6116);
#6116 = CARTESIAN_POINT('',(1.224646799147E-15,-76.,2.395E+03));
#6117 = SPHERICAL_SURFACE('',#6118,20.);
#6118 = AXIS2_PLACEMENT_3D('',#6119,#6120,#6121);
#6119 = CARTESIAN_POINT('',(0.,-76.,2.415E+03));
#6120 = DIRECTION('',(0.,0.,1.));
#6121 = DIRECTION('',(1.,0.,0.));
#6122 = ( GEOMETRIC_REPRESENTATION_CONTEXT(3) 
GLOBAL_UNCERTAINTY_ASSIGNED_CONTEXT((#6126)) 
GLOBAL_UNIT_ASSIGNED_CONTEXT((#6123,#6124,#6125)) REPRESENTATION_CONTEXT
('Context #1','3D Context with UNIT and UNCERTAINTY') );
#6123 = ( LENGTH_UNIT() NAMED_UNIT(*) SI_UNIT(.MILLI.,.METRE.) );
#6124 = ( NAMED_UNIT(*) PLANE_ANGLE_UNIT() SI_UNIT($,.RADIAN.) );
#6125 = ( NAMED_UNIT(*) SI_UNIT($,.STERADIAN.) SOLID_ANGLE_UNIT() );
#6126 = UNCERTAINTY_MEASURE_WITH_UNIT(LENGTH_MEASURE(1.E-07),#6123,
  'distance_accuracy_value','confusion accuracy');
#6127 = CONTEXT_DEPENDENT_SHAPE_REPRESENTATION(#6128,#6130);
#6128 = ( REPRESENTATION_RELATIONSHIP('','',#6109,#10) 
REPRESENTATION_RELATIONSHIP_WITH_TRANSFORMATION(#6129) 
SHAPE_REPRESENTATION_RELATIONSHIP() );
#6129 = ITEM_DEFINED_TRANSFORMATION('','',#11,#103);
#6130 = PRODUCT_DEFINITION_SHAPE('Placement','Placement of an item',
  #6131);
#6131 = NEXT_ASSEMBLY_USAGE_OCCURRENCE('23','PingPong_Ball_02','',#5,
  #6104,$);
#6132 = PRODUCT_RELATED_PRODUCT_CATEGORY('part',$,(#6106));
#6133 = SHAPE_DEFINITION_REPRESENTATION(#6134,#6140);
#6134 = PRODUCT_DEFINITION_SHAPE('','',#6135);
#6135 = PRODUCT_DEFINITION('design','',#6136,#6139);
#6136 = PRODUCT_DEFINITION_FORMATION('','',#6137);
#6137 = PRODUCT('PingPong_Ball_03','PingPong_Ball_03','',(#6138));
#6138 = PRODUCT_CONTEXT('',#2,'mechanical');
#6139 = PRODUCT_DEFINITION_CONTEXT('part definition',#2,'design');
#6140 = ADVANCED_BREP_SHAPE_REPRESENTATION('',(#11,#6141),#6153);
#6141 = MANIFOLD_SOLID_BREP('',#6142);
#6142 = CLOSED_SHELL('',(#6143));
#6143 = ADVANCED_FACE('',(#6144),#6148,.T.);
#6144 = FACE_BOUND('',#6145,.T.);
#6145 = VERTEX_LOOP('',#6146);
#6146 = VERTEX_POINT('',#6147);
#6147 = CARTESIAN_POINT('',(38.,-76.,2.395E+03));
#6148 = SPHERICAL_SURFACE('',#6149,20.);
#6149 = AXIS2_PLACEMENT_3D('',#6150,#6151,#6152);
#6150 = CARTESIAN_POINT('',(38.,-76.,2.415E+03));
#6151 = DIRECTION('',(0.,0.,1.));
#6152 = DIRECTION('',(1.,0.,0.));
#6153 = ( GEOMETRIC_REPRESENTATION_CONTEXT(3) 
GLOBAL_UNCERTAINTY_ASSIGNED_CONTEXT((#6157)) 
GLOBAL_UNIT_ASSIGNED_CONTEXT((#6154,#6155,#6156)) REPRESENTATION_CONTEXT
('Context #1','3D Context with UNIT and UNCERTAINTY') );
#6154 = ( LENGTH_UNIT() NAMED_UNIT(*) SI_UNIT(.MILLI.,.METRE.) );
#6155 = ( NAMED_UNIT(*) PLANE_ANGLE_UNIT() SI_UNIT($,.RADIAN.) );
#6156 = ( NAMED_UNIT(*) SI_UNIT($,.STERADIAN.) SOLID_ANGLE_UNIT() );
#6157 = UNCERTAINTY_MEASURE_WITH_UNIT(LENGTH_MEASURE(1.E-07),#6154,
  'distance_accuracy_value','confusion accuracy');
#6158 = CONTEXT_DEPENDENT_SHAPE_REPRESENTATION(#6159,#6161);
#6159 = ( REPRESENTATION_RELATIONSHIP('','',#6140,#10) 
REPRESENTATION_RELATIONSHIP_WITH_TRANSFORMATION(#6160) 
SHAPE_REPRESENTATION_RELATIONSHIP() );
#6160 = ITEM_DEFINED_TRANSFORMATION('','',#11,#107);
#6161 = PRODUCT_DEFINITION_SHAPE('Placement','Placement of an item',
  #6162);
#6162 = NEXT_ASSEMBLY_USAGE_OCCURRENCE('24','PingPong_Ball_03','',#5,
  #6135,$);
#6163 = PRODUCT_RELATED_PRODUCT_CATEGORY('part',$,(#6137));
#6164 = SHAPE_DEFINITION_REPRESENTATION(#6165,#6171);
#6165 = PRODUCT_DEFINITION_SHAPE('','',#6166);
#6166 = PRODUCT_DEFINITION('design','',#6167,#6170);
#6167 = PRODUCT_DEFINITION_FORMATION('','',#6168);
#6168 = PRODUCT('PingPong_Ball_04','PingPong_Ball_04','',(#6169));
#6169 = PRODUCT_CONTEXT('',#2,'mechanical');
#6170 = PRODUCT_DEFINITION_CONTEXT('part definition',#2,'design');
#6171 = ADVANCED_BREP_SHAPE_REPRESENTATION('',(#11,#6172),#6184);
#6172 = MANIFOLD_SOLID_BREP('',#6173);
#6173 = CLOSED_SHELL('',(#6174));
#6174 = ADVANCED_FACE('',(#6175),#6179,.T.);
#6175 = FACE_BOUND('',#6176,.T.);
#6176 = VERTEX_LOOP('',#6177);
#6177 = VERTEX_POINT('',#6178);
#6178 = CARTESIAN_POINT('',(-57.,-38.,2.395E+03));
#6179 = SPHERICAL_SURFACE('',#6180,20.);
#6180 = AXIS2_PLACEMENT_3D('',#6181,#6182,#6183);
#6181 = CARTESIAN_POINT('',(-57.,-38.,2.415E+03));
#6182 = DIRECTION('',(0.,0.,1.));
#6183 = DIRECTION('',(1.,0.,0.));
#6184 = ( GEOMETRIC_REPRESENTATION_CONTEXT(3) 
GLOBAL_UNCERTAINTY_ASSIGNED_CONTEXT((#6188)) 
GLOBAL_UNIT_ASSIGNED_CONTEXT((#6185,#6186,#6187)) REPRESENTATION_CONTEXT
('Context #1','3D Context with UNIT and UNCERTAINTY') );
#6185 = ( LENGTH_UNIT() NAMED_UNIT(*) SI_UNIT(.MILLI.,.METRE.) );
#6186 = ( NAMED_UNIT(*) PLANE_ANGLE_UNIT() SI_UNIT($,.RADIAN.) );
#6187 = ( NAMED_UNIT(*) SI_UNIT($,.STERADIAN.) SOLID_ANGLE_UNIT() );
#6188 = UNCERTAINTY_MEASURE_WITH_UNIT(LENGTH_MEASURE(1.E-07),#6185,
  'distance_accuracy_value','confusion accuracy');
#6189 = CONTEXT_DEPENDENT_SHAPE_REPRESENTATION(#6190,#6192);
#6190 = ( REPRESENTATION_RELATIONSHIP('','',#6171,#10) 
REPRESENTATION_RELATIONSHIP_WITH_TRANSFORMATION(#6191) 
SHAPE_REPRESENTATION_RELATIONSHIP() );
#6191 = ITEM_DEFINED_TRANSFORMATION('','',#11,#111);
#6192 = PRODUCT_DEFINITION_SHAPE('Placement','Placement of an item',
  #6193);
#6193 = NEXT_ASSEMBLY_USAGE_OCCURRENCE('25','PingPong_Ball_04','',#5,
  #6166,$);
#6194 = PRODUCT_RELATED_PRODUCT_CATEGORY('part',$,(#6168));
#6195 = SHAPE_DEFINITION_REPRESENTATION(#6196,#6202);
#6196 = PRODUCT_DEFINITION_SHAPE('','',#6197);
#6197 = PRODUCT_DEFINITION('design','',#6198,#6201);
#6198 = PRODUCT_DEFINITION_FORMATION('','',#6199);
#6199 = PRODUCT('PingPong_Ball_05','PingPong_Ball_05','',(#6200));
#6200 = PRODUCT_CONTEXT('',#2,'mechanical');
#6201 = PRODUCT_DEFINITION_CONTEXT('part definition',#2,'design');
#6202 = ADVANCED_BREP_SHAPE_REPRESENTATION('',(#11,#6203),#6215);
#6203 = MANIFOLD_SOLID_BREP('',#6204);
#6204 = CLOSED_SHELL('',(#6205));
#6205 = ADVANCED_FACE('',(#6206),#6210,.T.);
#6206 = FACE_BOUND('',#6207,.T.);
#6207 = VERTEX_LOOP('',#6208);
#6208 = VERTEX_POINT('',#6209);
#6209 = CARTESIAN_POINT('',(-19.,-38.,2.395E+03));
#6210 = SPHERICAL_SURFACE('',#6211,20.);
#6211 = AXIS2_PLACEMENT_3D('',#6212,#6213,#6214);
#6212 = CARTESIAN_POINT('',(-19.,-38.,2.415E+03));
#6213 = DIRECTION('',(0.,0.,1.));
#6214 = DIRECTION('',(1.,0.,0.));
#6215 = ( GEOMETRIC_REPRESENTATION_CONTEXT(3) 
GLOBAL_UNCERTAINTY_ASSIGNED_CONTEXT((#6219)) 
GLOBAL_UNIT_ASSIGNED_CONTEXT((#6216,#6217,#6218)) REPRESENTATION_CONTEXT
('Context #1','3D Context with UNIT and UNCERTAINTY') );
#6216 = ( LENGTH_UNIT() NAMED_UNIT(*) SI_UNIT(.MILLI.,.METRE.) );
#6217 = ( NAMED_UNIT(*) PLANE_ANGLE_UNIT() SI_UNIT($,.RADIAN.) );
#6218 = ( NAMED_UNIT(*) SI_UNIT($,.STERADIAN.) SOLID_ANGLE_UNIT() );
#6219 = UNCERTAINTY_MEASURE_WITH_UNIT(LENGTH_MEASURE(1.E-07),#6216,
  'distance_accuracy_value','confusion accuracy');
#6220 = CONTEXT_DEPENDENT_SHAPE_REPRESENTATION(#6221,#6223);
#6221 = ( REPRESENTATION_RELATIONSHIP('','',#6202,#10) 
REPRESENTATION_RELATIONSHIP_WITH_TRANSFORMATION(#6222) 
SHAPE_REPRESENTATION_RELATIONSHIP() );
#6222 = ITEM_DEFINED_TRANSFORMATION('','',#11,#115);
#6223 = PRODUCT_DEFINITION_SHAPE('Placement','Placement of an item',
  #6224);
#6224 = NEXT_ASSEMBLY_USAGE_OCCURRENCE('26','PingPong_Ball_05','',#5,
  #6197,$);
#6225 = PRODUCT_RELATED_PRODUCT_CATEGORY('part',$,(#6199));
#6226 = SHAPE_DEFINITION_REPRESENTATION(#6227,#6233);
#6227 = PRODUCT_DEFINITION_SHAPE('','',#6228);
#6228 = PRODUCT_DEFINITION('design','',#6229,#6232);
#6229 = PRODUCT_DEFINITION_FORMATION('','',#6230);
#6230 = PRODUCT('PingPong_Ball_06','PingPong_Ball_06','',(#6231));
#6231 = PRODUCT_CONTEXT('',#2,'mechanical');
#6232 = PRODUCT_DEFINITION_CONTEXT('part definition',#2,'design');
#6233 = ADVANCED_BREP_SHAPE_REPRESENTATION('',(#11,#6234),#6246);
#6234 = MANIFOLD_SOLID_BREP('',#6235);
#6235 = CLOSED_SHELL('',(#6236));
#6236 = ADVANCED_FACE('',(#6237),#6241,.T.);
#6237 = FACE_BOUND('',#6238,.T.);
#6238 = VERTEX_LOOP('',#6239);
#6239 = VERTEX_POINT('',#6240);
#6240 = CARTESIAN_POINT('',(19.,-38.,2.395E+03));
#6241 = SPHERICAL_SURFACE('',#6242,20.);
#6242 = AXIS2_PLACEMENT_3D('',#6243,#6244,#6245);
#6243 = CARTESIAN_POINT('',(19.,-38.,2.415E+03));
#6244 = DIRECTION('',(0.,0.,1.));
#6245 = DIRECTION('',(1.,0.,0.));
#6246 = ( GEOMETRIC_REPRESENTATION_CONTEXT(3) 
GLOBAL_UNCERTAINTY_ASSIGNED_CONTEXT((#6250)) 
GLOBAL_UNIT_ASSIGNED_CONTEXT((#6247,#6248,#6249)) REPRESENTATION_CONTEXT
('Context #1','3D Context with UNIT and UNCERTAINTY') );
#6247 = ( LENGTH_UNIT() NAMED_UNIT(*) SI_UNIT(.MILLI.,.METRE.) );
#6248 = ( NAMED_UNIT(*) PLANE_ANGLE_UNIT() SI_UNIT($,.RADIAN.) );
#6249 = ( NAMED_UNIT(*) SI_UNIT($,.STERADIAN.) SOLID_ANGLE_UNIT() );
#6250 = UNCERTAINTY_MEASURE_WITH_UNIT(LENGTH_MEASURE(1.E-07),#6247,
  'distance_accuracy_value','confusion accuracy');
#6251 = CONTEXT_DEPENDENT_SHAPE_REPRESENTATION(#6252,#6254);
#6252 = ( REPRESENTATION_RELATIONSHIP('','',#6233,#10) 
REPRESENTATION_RELATIONSHIP_WITH_TRANSFORMATION(#6253) 
SHAPE_REPRESENTATION_RELATIONSHIP() );
#6253 = ITEM_DEFINED_TRANSFORMATION('','',#11,#119);
#6254 = PRODUCT_DEFINITION_SHAPE('Placement','Placement of an item',
  #6255);
#6255 = NEXT_ASSEMBLY_USAGE_OCCURRENCE('27','PingPong_Ball_06','',#5,
  #6228,$);
#6256 = PRODUCT_RELATED_PRODUCT_CATEGORY('part',$,(#6230));
#6257 = SHAPE_DEFINITION_REPRESENTATION(#6258,#6264);
#6258 = PRODUCT_DEFINITION_SHAPE('','',#6259);
#6259 = PRODUCT_DEFINITION('design','',#6260,#6263);
#6260 = PRODUCT_DEFINITION_FORMATION('','',#6261);
#6261 = PRODUCT('PingPong_Ball_07','PingPong_Ball_07','',(#6262));
#6262 = PRODUCT_CONTEXT('',#2,'mechanical');
#6263 = PRODUCT_DEFINITION_CONTEXT('part definition',#2,'design');
#6264 = ADVANCED_BREP_SHAPE_REPRESENTATION('',(#11,#6265),#6277);
#6265 = MANIFOLD_SOLID_BREP('',#6266);
#6266 = CLOSED_SHELL('',(#6267));
#6267 = ADVANCED_FACE('',(#6268),#6272,.T.);
#6268 = FACE_BOUND('',#6269,.T.);
#6269 = VERTEX_LOOP('',#6270);
#6270 = VERTEX_POINT('',#6271);
#6271 = CARTESIAN_POINT('',(57.,-38.,2.395E+03));
#6272 = SPHERICAL_SURFACE('',#6273,20.);
#6273 = AXIS2_PLACEMENT_3D('',#6274,#6275,#6276);
#6274 = CARTESIAN_POINT('',(57.,-38.,2.415E+03));
#6275 = DIRECTION('',(0.,0.,1.));
#6276 = DIRECTION('',(1.,0.,0.));
#6277 = ( GEOMETRIC_REPRESENTATION_CONTEXT(3) 
GLOBAL_UNCERTAINTY_ASSIGNED_CONTEXT((#6281)) 
GLOBAL_UNIT_ASSIGNED_CONTEXT((#6278,#6279,#6280)) REPRESENTATION_CONTEXT
('Context #1','3D Context with UNIT and UNCERTAINTY') );
#6278 = ( LENGTH_UNIT() NAMED_UNIT(*) SI_UNIT(.MILLI.,.METRE.) );
#6279 = ( NAMED_UNIT(*) PLANE_ANGLE_UNIT() SI_UNIT($,.RADIAN.) );
#6280 = ( NAMED_UNIT(*) SI_UNIT($,.STERADIAN.) SOLID_ANGLE_UNIT() );
#6281 = UNCERTAINTY_MEASURE_WITH_UNIT(LENGTH_MEASURE(1.E-07),#6278,
  'distance_accuracy_value','confusion accuracy');
#6282 = CONTEXT_DEPENDENT_SHAPE_REPRESENTATION(#6283,#6285);
#6283 = ( REPRESENTATION_RELATIONSHIP('','',#6264,#10) 
REPRESENTATION_RELATIONSHIP_WITH_TRANSFORMATION(#6284) 
SHAPE_REPRESENTATION_RELATIONSHIP() );
#6284 = ITEM_DEFINED_TRANSFORMATION('','',#11,#123);
#6285 = PRODUCT_DEFINITION_SHAPE('Placement','Placement of an item',
  #6286);
#6286 = NEXT_ASSEMBLY_USAGE_OCCURRENCE('28','PingPong_Ball_07','',#5,
  #6259,$);
#6287 = PRODUCT_RELATED_PRODUCT_CATEGORY('part',$,(#6261));
#6288 = SHAPE_DEFINITION_REPRESENTATION(#6289,#6295);
#6289 = PRODUCT_DEFINITION_SHAPE('','',#6290);
#6290 = PRODUCT_DEFINITION('design','',#6291,#6294);
#6291 = PRODUCT_DEFINITION_FORMATION('','',#6292);
#6292 = PRODUCT('PingPong_Ball_08','PingPong_Ball_08','',(#6293));
#6293 = PRODUCT_CONTEXT('',#2,'mechanical');
#6294 = PRODUCT_DEFINITION_CONTEXT('part definition',#2,'design');
#6295 = ADVANCED_BREP_SHAPE_REPRESENTATION('',(#11,#6296),#6308);
#6296 = MANIFOLD_SOLID_BREP('',#6297);
#6297 = CLOSED_SHELL('',(#6298));
#6298 = ADVANCED_FACE('',(#6299),#6303,.T.);
#6299 = FACE_BOUND('',#6300,.T.);
#6300 = VERTEX_LOOP('',#6301);
#6301 = VERTEX_POINT('',#6302);
#6302 = CARTESIAN_POINT('',(-76.,-2.999519565324E-31,2.395E+03));
#6303 = SPHERICAL_SURFACE('',#6304,20.);
#6304 = AXIS2_PLACEMENT_3D('',#6305,#6306,#6307);
#6305 = CARTESIAN_POINT('',(-76.,0.,2.415E+03));
#6306 = DIRECTION('',(0.,0.,1.));
#6307 = DIRECTION('',(1.,0.,0.));
#6308 = ( GEOMETRIC_REPRESENTATION_CONTEXT(3) 
GLOBAL_UNCERTAINTY_ASSIGNED_CONTEXT((#6312)) 
GLOBAL_UNIT_ASSIGNED_CONTEXT((#6309,#6310,#6311)) REPRESENTATION_CONTEXT
('Context #1','3D Context with UNIT and UNCERTAINTY') );
#6309 = ( LENGTH_UNIT() NAMED_UNIT(*) SI_UNIT(.MILLI.,.METRE.) );
#6310 = ( NAMED_UNIT(*) PLANE_ANGLE_UNIT() SI_UNIT($,.RADIAN.) );
#6311 = ( NAMED_UNIT(*) SI_UNIT($,.STERADIAN.) SOLID_ANGLE_UNIT() );
#6312 = UNCERTAINTY_MEASURE_WITH_UNIT(LENGTH_MEASURE(1.E-07),#6309,
  'distance_accuracy_value','confusion accuracy');
#6313 = CONTEXT_DEPENDENT_SHAPE_REPRESENTATION(#6314,#6316);
#6314 = ( REPRESENTATION_RELATIONSHIP('','',#6295,#10) 
REPRESENTATION_RELATIONSHIP_WITH_TRANSFORMATION(#6315) 
SHAPE_REPRESENTATION_RELATIONSHIP() );
#6315 = ITEM_DEFINED_TRANSFORMATION('','',#11,#127);
#6316 = PRODUCT_DEFINITION_SHAPE('Placement','Placement of an item',
  #6317);
#6317 = NEXT_ASSEMBLY_USAGE_OCCURRENCE('29','PingPong_Ball_08','',#5,
  #6290,$);
#6318 = PRODUCT_RELATED_PRODUCT_CATEGORY('part',$,(#6292));
#6319 = SHAPE_DEFINITION_REPRESENTATION(#6320,#6326);
#6320 = PRODUCT_DEFINITION_SHAPE('','',#6321);
#6321 = PRODUCT_DEFINITION('design','',#6322,#6325);
#6322 = PRODUCT_DEFINITION_FORMATION('','',#6323);
#6323 = PRODUCT('PingPong_Ball_09','PingPong_Ball_09','',(#6324));
#6324 = PRODUCT_CONTEXT('',#2,'mechanical');
#6325 = PRODUCT_DEFINITION_CONTEXT('part definition',#2,'design');
#6326 = ADVANCED_BREP_SHAPE_REPRESENTATION('',(#11,#6327),#6339);
#6327 = MANIFOLD_SOLID_BREP('',#6328);
#6328 = CLOSED_SHELL('',(#6329));
#6329 = ADVANCED_FACE('',(#6330),#6334,.T.);
#6330 = FACE_BOUND('',#6331,.T.);
#6331 = VERTEX_LOOP('',#6332);
#6332 = VERTEX_POINT('',#6333);
#6333 = CARTESIAN_POINT('',(-38.,-2.999519565324E-31,2.395E+03));
#6334 = SPHERICAL_SURFACE('',#6335,20.);
#6335 = AXIS2_PLACEMENT_3D('',#6336,#6337,#6338);
#6336 = CARTESIAN_POINT('',(-38.,0.,2.415E+03));
#6337 = DIRECTION('',(0.,0.,1.));
#6338 = DIRECTION('',(1.,0.,0.));
#6339 = ( GEOMETRIC_REPRESENTATION_CONTEXT(3) 
GLOBAL_UNCERTAINTY_ASSIGNED_CONTEXT((#6343)) 
GLOBAL_UNIT_ASSIGNED_CONTEXT((#6340,#6341,#6342)) REPRESENTATION_CONTEXT
('Context #1','3D Context with UNIT and UNCERTAINTY') );
#6340 = ( LENGTH_UNIT() NAMED_UNIT(*) SI_UNIT(.MILLI.,.METRE.) );
#6341 = ( NAMED_UNIT(*) PLANE_ANGLE_UNIT() SI_UNIT($,.RADIAN.) );
#6342 = ( NAMED_UNIT(*) SI_UNIT($,.STERADIAN.) SOLID_ANGLE_UNIT() );
#6343 = UNCERTAINTY_MEASURE_WITH_UNIT(LENGTH_MEASURE(1.E-07),#6340,
  'distance_accuracy_value','confusion accuracy');
#6344 = CONTEXT_DEPENDENT_SHAPE_REPRESENTATION(#6345,#6347);
#6345 = ( REPRESENTATION_RELATIONSHIP('','',#6326,#10) 
REPRESENTATION_RELATIONSHIP_WITH_TRANSFORMATION(#6346) 
SHAPE_REPRESENTATION_RELATIONSHIP() );
#6346 = ITEM_DEFINED_TRANSFORMATION('','',#11,#131);
#6347 = PRODUCT_DEFINITION_SHAPE('Placement','Placement of an item',
  #6348);
#6348 = NEXT_ASSEMBLY_USAGE_OCCURRENCE('30','PingPong_Ball_09','',#5,
  #6321,$);
#6349 = PRODUCT_RELATED_PRODUCT_CATEGORY('part',$,(#6323));
#6350 = SHAPE_DEFINITION_REPRESENTATION(#6351,#6357);
#6351 = PRODUCT_DEFINITION_SHAPE('','',#6352);
#6352 = PRODUCT_DEFINITION('design','',#6353,#6356);
#6353 = PRODUCT_DEFINITION_FORMATION('','',#6354);
#6354 = PRODUCT('PingPong_Ball_10','PingPong_Ball_10','',(#6355));
#6355 = PRODUCT_CONTEXT('',#2,'mechanical');
#6356 = PRODUCT_DEFINITION_CONTEXT('part definition',#2,'design');
#6357 = ADVANCED_BREP_SHAPE_REPRESENTATION('',(#11,#6358),#6370);
#6358 = MANIFOLD_SOLID_BREP('',#6359);
#6359 = CLOSED_SHELL('',(#6360));
#6360 = ADVANCED_FACE('',(#6361),#6365,.T.);
#6361 = FACE_BOUND('',#6362,.T.);
#6362 = VERTEX_LOOP('',#6363);
#6363 = VERTEX_POINT('',#6364);
#6364 = CARTESIAN_POINT('',(1.224646799147E-15,-2.999519565324E-31,
    2.395E+03));
#6365 = SPHERICAL_SURFACE('',#6366,20.);
#6366 = AXIS2_PLACEMENT_3D('',#6367,#6368,#6369);
#6367 = CARTESIAN_POINT('',(0.,0.,2.415E+03));
#6368 = DIRECTION('',(0.,0.,1.));
#6369 = DIRECTION('',(1.,0.,0.));
#6370 = ( GEOMETRIC_REPRESENTATION_CONTEXT(3) 
GLOBAL_UNCERTAINTY_ASSIGNED_CONTEXT((#6374)) 
GLOBAL_UNIT_ASSIGNED_CONTEXT((#6371,#6372,#6373)) REPRESENTATION_CONTEXT
('Context #1','3D Context with UNIT and UNCERTAINTY') );
#6371 = ( LENGTH_UNIT() NAMED_UNIT(*) SI_UNIT(.MILLI.,.METRE.) );
#6372 = ( NAMED_UNIT(*) PLANE_ANGLE_UNIT() SI_UNIT($,.RADIAN.) );
#6373 = ( NAMED_UNIT(*) SI_UNIT($,.STERADIAN.) SOLID_ANGLE_UNIT() );
#6374 = UNCERTAINTY_MEASURE_WITH_UNIT(LENGTH_MEASURE(1.E-07),#6371,
  'distance_accuracy_value','confusion accuracy');
#6375 = CONTEXT_DEPENDENT_SHAPE_REPRESENTATION(#6376,#6378);
#6376 = ( REPRESENTATION_RELATIONSHIP('','',#6357,#10) 
REPRESENTATION_RELATIONSHIP_WITH_TRANSFORMATION(#6377) 
SHAPE_REPRESENTATION_RELATIONSHIP() );
#6377 = ITEM_DEFINED_TRANSFORMATION('','',#11,#135);
#6378 = PRODUCT_DEFINITION_SHAPE('Placement','Placement of an item',
  #6379);
#6379 = NEXT_ASSEMBLY_USAGE_OCCURRENCE('31','PingPong_Ball_10','',#5,
  #6352,$);
#6380 = PRODUCT_RELATED_PRODUCT_CATEGORY('part',$,(#6354));
#6381 = SHAPE_DEFINITION_REPRESENTATION(#6382,#6388);
#6382 = PRODUCT_DEFINITION_SHAPE('','',#6383);
#6383 = PRODUCT_DEFINITION('design','',#6384,#6387);
#6384 = PRODUCT_DEFINITION_FORMATION('','',#6385);
#6385 = PRODUCT('PingPong_Ball_11','PingPong_Ball_11','',(#6386));
#6386 = PRODUCT_CONTEXT('',#2,'mechanical');
#6387 = PRODUCT_DEFINITION_CONTEXT('part definition',#2,'design');
#6388 = ADVANCED_BREP_SHAPE_REPRESENTATION('',(#11,#6389),#6401);
#6389 = MANIFOLD_SOLID_BREP('',#6390);
#6390 = CLOSED_SHELL('',(#6391));
#6391 = ADVANCED_FACE('',(#6392),#6396,.T.);
#6392 = FACE_BOUND('',#6393,.T.);
#6393 = VERTEX_LOOP('',#6394);
#6394 = VERTEX_POINT('',#6395);
#6395 = CARTESIAN_POINT('',(38.,-2.999519565324E-31,2.395E+03));
#6396 = SPHERICAL_SURFACE('',#6397,20.);
#6397 = AXIS2_PLACEMENT_3D('',#6398,#6399,#6400);
#6398 = CARTESIAN_POINT('',(38.,0.,2.415E+03));
#6399 = DIRECTION('',(0.,0.,1.));
#6400 = DIRECTION('',(1.,0.,0.));
#6401 = ( GEOMETRIC_REPRESENTATION_CONTEXT(3) 
GLOBAL_UNCERTAINTY_ASSIGNED_CONTEXT((#6405)) 
GLOBAL_UNIT_ASSIGNED_CONTEXT((#6402,#6403,#6404)) REPRESENTATION_CONTEXT
('Context #1','3D Context with UNIT and UNCERTAINTY') );
#6402 = ( LENGTH_UNIT() NAMED_UNIT(*) SI_UNIT(.MILLI.,.METRE.) );
#6403 = ( NAMED_UNIT(*) PLANE_ANGLE_UNIT() SI_UNIT($,.RADIAN.) );
#6404 = ( NAMED_UNIT(*) SI_UNIT($,.STERADIAN.) SOLID_ANGLE_UNIT() );
#6405 = UNCERTAINTY_MEASURE_WITH_UNIT(LENGTH_MEASURE(1.E-07),#6402,
  'distance_accuracy_value','confusion accuracy');
#6406 = CONTEXT_DEPENDENT_SHAPE_REPRESENTATION(#6407,#6409);
#6407 = ( REPRESENTATION_RELATIONSHIP('','',#6388,#10) 
REPRESENTATION_RELATIONSHIP_WITH_TRANSFORMATION(#6408) 
SHAPE_REPRESENTATION_RELATIONSHIP() );
#6408 = ITEM_DEFINED_TRANSFORMATION('','',#11,#139);
#6409 = PRODUCT_DEFINITION_SHAPE('Placement','Placement of an item',
  #6410);
#6410 = NEXT_ASSEMBLY_USAGE_OCCURRENCE('32','PingPong_Ball_11','',#5,
  #6383,$);
#6411 = PRODUCT_RELATED_PRODUCT_CATEGORY('part',$,(#6385));
#6412 = SHAPE_DEFINITION_REPRESENTATION(#6413,#6419);
#6413 = PRODUCT_DEFINITION_SHAPE('','',#6414);
#6414 = PRODUCT_DEFINITION('design','',#6415,#6418);
#6415 = PRODUCT_DEFINITION_FORMATION('','',#6416);
#6416 = PRODUCT('PingPong_Ball_12','PingPong_Ball_12','',(#6417));
#6417 = PRODUCT_CONTEXT('',#2,'mechanical');
#6418 = PRODUCT_DEFINITION_CONTEXT('part definition',#2,'design');
#6419 = ADVANCED_BREP_SHAPE_REPRESENTATION('',(#11,#6420),#6432);
#6420 = MANIFOLD_SOLID_BREP('',#6421);
#6421 = CLOSED_SHELL('',(#6422));
#6422 = ADVANCED_FACE('',(#6423),#6427,.T.);
#6423 = FACE_BOUND('',#6424,.T.);
#6424 = VERTEX_LOOP('',#6425);
#6425 = VERTEX_POINT('',#6426);
#6426 = CARTESIAN_POINT('',(76.,-2.999519565324E-31,2.395E+03));
#6427 = SPHERICAL_SURFACE('',#6428,20.);
#6428 = AXIS2_PLACEMENT_3D('',#6429,#6430,#6431);
#6429 = CARTESIAN_POINT('',(76.,0.,2.415E+03));
#6430 = DIRECTION('',(0.,0.,1.));
#6431 = DIRECTION('',(1.,0.,0.));
#6432 = ( GEOMETRIC_REPRESENTATION_CONTEXT(3) 
GLOBAL_UNCERTAINTY_ASSIGNED_CONTEXT((#6436)) 
GLOBAL_UNIT_ASSIGNED_CONTEXT((#6433,#6434,#6435)) REPRESENTATION_CONTEXT
('Context #1','3D Context with UNIT and UNCERTAINTY') );
#6433 = ( LENGTH_UNIT() NAMED_UNIT(*) SI_UNIT(.MILLI.,.METRE.) );
#6434 = ( NAMED_UNIT(*) PLANE_ANGLE_UNIT() SI_UNIT($,.RADIAN.) );
#6435 = ( NAMED_UNIT(*) SI_UNIT($,.STERADIAN.) SOLID_ANGLE_UNIT() );
#6436 = UNCERTAINTY_MEASURE_WITH_UNIT(LENGTH_MEASURE(1.E-07),#6433,
  'distance_accuracy_value','confusion accuracy');
#6437 = CONTEXT_DEPENDENT_SHAPE_REPRESENTATION(#6438,#6440);
#6438 = ( REPRESENTATION_RELATIONSHIP('','',#6419,#10) 
REPRESENTATION_RELATIONSHIP_WITH_TRANSFORMATION(#6439) 
SHAPE_REPRESENTATION_RELATIONSHIP() );
#6439 = ITEM_DEFINED_TRANSFORMATION('','',#11,#143);
#6440 = PRODUCT_DEFINITION_SHAPE('Placement','Placement of an item',
  #6441);
#6441 = NEXT_ASSEMBLY_USAGE_OCCURRENCE('33','PingPong_Ball_12','',#5,
  #6414,$);
#6442 = PRODUCT_RELATED_PRODUCT_CATEGORY('part',$,(#6416));
#6443 = SHAPE_DEFINITION_REPRESENTATION(#6444,#6450);
#6444 = PRODUCT_DEFINITION_SHAPE('','',#6445);
#6445 = PRODUCT_DEFINITION('design','',#6446,#6449);
#6446 = PRODUCT_DEFINITION_FORMATION('','',#6447);
#6447 = PRODUCT('PingPong_Ball_13','PingPong_Ball_13','',(#6448));
#6448 = PRODUCT_CONTEXT('',#2,'mechanical');
#6449 = PRODUCT_DEFINITION_CONTEXT('part definition',#2,'design');
#6450 = ADVANCED_BREP_SHAPE_REPRESENTATION('',(#11,#6451),#6463);
#6451 = MANIFOLD_SOLID_BREP('',#6452);
#6452 = CLOSED_SHELL('',(#6453));
#6453 = ADVANCED_FACE('',(#6454),#6458,.T.);
#6454 = FACE_BOUND('',#6455,.T.);
#6455 = VERTEX_LOOP('',#6456);
#6456 = VERTEX_POINT('',#6457);
#6457 = CARTESIAN_POINT('',(-57.,38.,2.395E+03));
#6458 = SPHERICAL_SURFACE('',#6459,20.);
#6459 = AXIS2_PLACEMENT_3D('',#6460,#6461,#6462);
#6460 = CARTESIAN_POINT('',(-57.,38.,2.415E+03));
#6461 = DIRECTION('',(0.,0.,1.));
#6462 = DIRECTION('',(1.,0.,0.));
#6463 = ( GEOMETRIC_REPRESENTATION_CONTEXT(3) 
GLOBAL_UNCERTAINTY_ASSIGNED_CONTEXT((#6467)) 
GLOBAL_UNIT_ASSIGNED_CONTEXT((#6464,#6465,#6466)) REPRESENTATION_CONTEXT
('Context #1','3D Context with UNIT and UNCERTAINTY') );
#6464 = ( LENGTH_UNIT() NAMED_UNIT(*) SI_UNIT(.MILLI.,.METRE.) );
#6465 = ( NAMED_UNIT(*) PLANE_ANGLE_UNIT() SI_UNIT($,.RADIAN.) );
#6466 = ( NAMED_UNIT(*) SI_UNIT($,.STERADIAN.) SOLID_ANGLE_UNIT() );
#6467 = UNCERTAINTY_MEASURE_WITH_UNIT(LENGTH_MEASURE(1.E-07),#6464,
  'distance_accuracy_value','confusion accuracy');
#6468 = CONTEXT_DEPENDENT_SHAPE_REPRESENTATION(#6469,#6471);
#6469 = ( REPRESENTATION_RELATIONSHIP('','',#6450,#10) 
REPRESENTATION_RELATIONSHIP_WITH_TRANSFORMATION(#6470) 
SHAPE_REPRESENTATION_RELATIONSHIP() );
#6470 = ITEM_DEFINED_TRANSFORMATION('','',#11,#147);
#6471 = PRODUCT_DEFINITION_SHAPE('Placement','Placement of an item',
  #6472);
#6472 = NEXT_ASSEMBLY_USAGE_OCCURRENCE('34','PingPong_Ball_13','',#5,
  #6445,$);
#6473 = PRODUCT_RELATED_PRODUCT_CATEGORY('part',$,(#6447));
#6474 = SHAPE_DEFINITION_REPRESENTATION(#6475,#6481);
#6475 = PRODUCT_DEFINITION_SHAPE('','',#6476);
#6476 = PRODUCT_DEFINITION('design','',#6477,#6480);
#6477 = PRODUCT_DEFINITION_FORMATION('','',#6478);
#6478 = PRODUCT('PingPong_Ball_14','PingPong_Ball_14','',(#6479));
#6479 = PRODUCT_CONTEXT('',#2,'mechanical');
#6480 = PRODUCT_DEFINITION_CONTEXT('part definition',#2,'design');
#6481 = ADVANCED_BREP_SHAPE_REPRESENTATION('',(#11,#6482),#6494);
#6482 = MANIFOLD_SOLID_BREP('',#6483);
#6483 = CLOSED_SHELL('',(#6484));
#6484 = ADVANCED_FACE('',(#6485),#6489,.T.);
#6485 = FACE_BOUND('',#6486,.T.);
#6486 = VERTEX_LOOP('',#6487);
#6487 = VERTEX_POINT('',#6488);
#6488 = CARTESIAN_POINT('',(-19.,38.,2.395E+03));
#6489 = SPHERICAL_SURFACE('',#6490,20.);
#6490 = AXIS2_PLACEMENT_3D('',#6491,#6492,#6493);
#6491 = CARTESIAN_POINT('',(-19.,38.,2.415E+03));
#6492 = DIRECTION('',(0.,0.,1.));
#6493 = DIRECTION('',(1.,0.,0.));
#6494 = ( GEOMETRIC_REPRESENTATION_CONTEXT(3) 
GLOBAL_UNCERTAINTY_ASSIGNED_CONTEXT((#6498)) 
GLOBAL_UNIT_ASSIGNED_CONTEXT((#6495,#6496,#6497)) REPRESENTATION_CONTEXT
('Context #1','3D Context with UNIT and UNCERTAINTY') );
#6495 = ( LENGTH_UNIT() NAMED_UNIT(*) SI_UNIT(.MILLI.,.METRE.) );
#6496 = ( NAMED_UNIT(*) PLANE_ANGLE_UNIT() SI_UNIT($,.RADIAN.) );
#6497 = ( NAMED_UNIT(*) SI_UNIT($,.STERADIAN.) SOLID_ANGLE_UNIT() );
#6498 = UNCERTAINTY_MEASURE_WITH_UNIT(LENGTH_MEASURE(1.E-07),#6495,
  'distance_accuracy_value','confusion accuracy');
#6499 = CONTEXT_DEPENDENT_SHAPE_REPRESENTATION(#6500,#6502);
#6500 = ( REPRESENTATION_RELATIONSHIP('','',#6481,#10) 
REPRESENTATION_RELATIONSHIP_WITH_TRANSFORMATION(#6501) 
SHAPE_REPRESENTATION_RELATIONSHIP() );
#6501 = ITEM_DEFINED_TRANSFORMATION('','',#11,#151);
#6502 = PRODUCT_DEFINITION_SHAPE('Placement','Placement of an item',
  #6503);
#6503 = NEXT_ASSEMBLY_USAGE_OCCURRENCE('35','PingPong_Ball_14','',#5,
  #6476,$);
#6504 = PRODUCT_RELATED_PRODUCT_CATEGORY('part',$,(#6478));
#6505 = SHAPE_DEFINITION_REPRESENTATION(#6506,#6512);
#6506 = PRODUCT_DEFINITION_SHAPE('','',#6507);
#6507 = PRODUCT_DEFINITION('design','',#6508,#6511);
#6508 = PRODUCT_DEFINITION_FORMATION('','',#6509);
#6509 = PRODUCT('PingPong_Ball_15','PingPong_Ball_15','',(#6510));
#6510 = PRODUCT_CONTEXT('',#2,'mechanical');
#6511 = PRODUCT_DEFINITION_CONTEXT('part definition',#2,'design');
#6512 = ADVANCED_BREP_SHAPE_REPRESENTATION('',(#11,#6513),#6525);
#6513 = MANIFOLD_SOLID_BREP('',#6514);
#6514 = CLOSED_SHELL('',(#6515));
#6515 = ADVANCED_FACE('',(#6516),#6520,.T.);
#6516 = FACE_BOUND('',#6517,.T.);
#6517 = VERTEX_LOOP('',#6518);
#6518 = VERTEX_POINT('',#6519);
#6519 = CARTESIAN_POINT('',(19.,38.,2.395E+03));
#6520 = SPHERICAL_SURFACE('',#6521,20.);
#6521 = AXIS2_PLACEMENT_3D('',#6522,#6523,#6524);
#6522 = CARTESIAN_POINT('',(19.,38.,2.415E+03));
#6523 = DIRECTION('',(0.,0.,1.));
#6524 = DIRECTION('',(1.,0.,0.));
#6525 = ( GEOMETRIC_REPRESENTATION_CONTEXT(3) 
GLOBAL_UNCERTAINTY_ASSIGNED_CONTEXT((#6529)) 
GLOBAL_UNIT_ASSIGNED_CONTEXT((#6526,#6527,#6528)) REPRESENTATION_CONTEXT
('Context #1','3D Context with UNIT and UNCERTAINTY') );
#6526 = ( LENGTH_UNIT() NAMED_UNIT(*) SI_UNIT(.MILLI.,.METRE.) );
#6527 = ( NAMED_UNIT(*) PLANE_ANGLE_UNIT() SI_UNIT($,.RADIAN.) );
#6528 = ( NAMED_UNIT(*) SI_UNIT($,.STERADIAN.) SOLID_ANGLE_UNIT() );
#6529 = UNCERTAINTY_MEASURE_WITH_UNIT(LENGTH_MEASURE(1.E-07),#6526,
  'distance_accuracy_value','confusion accuracy');
#6530 = CONTEXT_DEPENDENT_SHAPE_REPRESENTATION(#6531,#6533);
#6531 = ( REPRESENTATION_RELATIONSHIP('','',#6512,#10) 
REPRESENTATION_RELATIONSHIP_WITH_TRANSFORMATION(#6532) 
SHAPE_REPRESENTATION_RELATIONSHIP() );
#6532 = ITEM_DEFINED_TRANSFORMATION('','',#11,#155);
#6533 = PRODUCT_DEFINITION_SHAPE('Placement','Placement of an item',
  #6534);
#6534 = NEXT_ASSEMBLY_USAGE_OCCURRENCE('36','PingPong_Ball_15','',#5,
  #6507,$);
#6535 = PRODUCT_RELATED_PRODUCT_CATEGORY('part',$,(#6509));
#6536 = SHAPE_DEFINITION_REPRESENTATION(#6537,#6543);
#6537 = PRODUCT_DEFINITION_SHAPE('','',#6538);
#6538 = PRODUCT_DEFINITION('design','',#6539,#6542);
#6539 = PRODUCT_DEFINITION_FORMATION('','',#6540);
#6540 = PRODUCT('PingPong_Ball_16','PingPong_Ball_16','',(#6541));
#6541 = PRODUCT_CONTEXT('',#2,'mechanical');
#6542 = PRODUCT_DEFINITION_CONTEXT('part definition',#2,'design');
#6543 = ADVANCED_BREP_SHAPE_REPRESENTATION('',(#11,#6544),#6556);
#6544 = MANIFOLD_SOLID_BREP('',#6545);
#6545 = CLOSED_SHELL('',(#6546));
#6546 = ADVANCED_FACE('',(#6547),#6551,.T.);
#6547 = FACE_BOUND('',#6548,.T.);
#6548 = VERTEX_LOOP('',#6549);
#6549 = VERTEX_POINT('',#6550);
#6550 = CARTESIAN_POINT('',(57.,38.,2.395E+03));
#6551 = SPHERICAL_SURFACE('',#6552,20.);
#6552 = AXIS2_PLACEMENT_3D('',#6553,#6554,#6555);
#6553 = CARTESIAN_POINT('',(57.,38.,2.415E+03));
#6554 = DIRECTION('',(0.,0.,1.));
#6555 = DIRECTION('',(1.,0.,0.));
#6556 = ( GEOMETRIC_REPRESENTATION_CONTEXT(3) 
GLOBAL_UNCERTAINTY_ASSIGNED_CONTEXT((#6560)) 
GLOBAL_UNIT_ASSIGNED_CONTEXT((#6557,#6558,#6559)) REPRESENTATION_CONTEXT
('Context #1','3D Context with UNIT and UNCERTAINTY') );
#6557 = ( LENGTH_UNIT() NAMED_UNIT(*) SI_UNIT(.MILLI.,.METRE.) );
#6558 = ( NAMED_UNIT(*) PLANE_ANGLE_UNIT() SI_UNIT($,.RADIAN.) );
#6559 = ( NAMED_UNIT(*) SI_UNIT($,.STERADIAN.) SOLID_ANGLE_UNIT() );
#6560 = UNCERTAINTY_MEASURE_WITH_UNIT(LENGTH_MEASURE(1.E-07),#6557,
  'distance_accuracy_value','confusion accuracy');
#6561 = CONTEXT_DEPENDENT_SHAPE_REPRESENTATION(#6562,#6564);
#6562 = ( REPRESENTATION_RELATIONSHIP('','',#6543,#10) 
REPRESENTATION_RELATIONSHIP_WITH_TRANSFORMATION(#6563) 
SHAPE_REPRESENTATION_RELATIONSHIP() );
#6563 = ITEM_DEFINED_TRANSFORMATION('','',#11,#159);
#6564 = PRODUCT_DEFINITION_SHAPE('Placement','Placement of an item',
  #6565);
#6565 = NEXT_ASSEMBLY_USAGE_OCCURRENCE('37','PingPong_Ball_16','',#5,
  #6538,$);
#6566 = PRODUCT_RELATED_PRODUCT_CATEGORY('part',$,(#6540));
#6567 = SHAPE_DEFINITION_REPRESENTATION(#6568,#6574);
#6568 = PRODUCT_DEFINITION_SHAPE('','',#6569);
#6569 = PRODUCT_DEFINITION('design','',#6570,#6573);
#6570 = PRODUCT_DEFINITION_FORMATION('','',#6571);
#6571 = PRODUCT('PingPong_Ball_17','PingPong_Ball_17','',(#6572));
#6572 = PRODUCT_CONTEXT('',#2,'mechanical');
#6573 = PRODUCT_DEFINITION_CONTEXT('part definition',#2,'design');
#6574 = ADVANCED_BREP_SHAPE_REPRESENTATION('',(#11,#6575),#6587);
#6575 = MANIFOLD_SOLID_BREP('',#6576);
#6576 = CLOSED_SHELL('',(#6577));
#6577 = ADVANCED_FACE('',(#6578),#6582,.T.);
#6578 = FACE_BOUND('',#6579,.T.);
#6579 = VERTEX_LOOP('',#6580);
#6580 = VERTEX_POINT('',#6581);
#6581 = CARTESIAN_POINT('',(-38.,76.,2.395E+03));
#6582 = SPHERICAL_SURFACE('',#6583,20.);
#6583 = AXIS2_PLACEMENT_3D('',#6584,#6585,#6586);
#6584 = CARTESIAN_POINT('',(-38.,76.,2.415E+03));
#6585 = DIRECTION('',(0.,0.,1.));
#6586 = DIRECTION('',(1.,0.,0.));
#6587 = ( GEOMETRIC_REPRESENTATION_CONTEXT(3) 
GLOBAL_UNCERTAINTY_ASSIGNED_CONTEXT((#6591)) 
GLOBAL_UNIT_ASSIGNED_CONTEXT((#6588,#6589,#6590)) REPRESENTATION_CONTEXT
('Context #1','3D Context with UNIT and UNCERTAINTY') );
#6588 = ( LENGTH_UNIT() NAMED_UNIT(*) SI_UNIT(.MILLI.,.METRE.) );
#6589 = ( NAMED_UNIT(*) PLANE_ANGLE_UNIT() SI_UNIT($,.RADIAN.) );
#6590 = ( NAMED_UNIT(*) SI_UNIT($,.STERADIAN.) SOLID_ANGLE_UNIT() );
#6591 = UNCERTAINTY_MEASURE_WITH_UNIT(LENGTH_MEASURE(1.E-07),#6588,
  'distance_accuracy_value','confusion accuracy');
#6592 = CONTEXT_DEPENDENT_SHAPE_REPRESENTATION(#6593,#6595);
#6593 = ( REPRESENTATION_RELATIONSHIP('','',#6574,#10) 
REPRESENTATION_RELATIONSHIP_WITH_TRANSFORMATION(#6594) 
SHAPE_REPRESENTATION_RELATIONSHIP() );
#6594 = ITEM_DEFINED_TRANSFORMATION('','',#11,#163);
#6595 = PRODUCT_DEFINITION_SHAPE('Placement','Placement of an item',
  #6596);
#6596 = NEXT_ASSEMBLY_USAGE_OCCURRENCE('38','PingPong_Ball_17','',#5,
  #6569,$);
#6597 = PRODUCT_RELATED_PRODUCT_CATEGORY('part',$,(#6571));
#6598 = SHAPE_DEFINITION_REPRESENTATION(#6599,#6605);
#6599 = PRODUCT_DEFINITION_SHAPE('','',#6600);
#6600 = PRODUCT_DEFINITION('design','',#6601,#6604);
#6601 = PRODUCT_DEFINITION_FORMATION('','',#6602);
#6602 = PRODUCT('PingPong_Ball_18','PingPong_Ball_18','',(#6603));
#6603 = PRODUCT_CONTEXT('',#2,'mechanical');
#6604 = PRODUCT_DEFINITION_CONTEXT('part definition',#2,'design');
#6605 = ADVANCED_BREP_SHAPE_REPRESENTATION('',(#11,#6606),#6618);
#6606 = MANIFOLD_SOLID_BREP('',#6607);
#6607 = CLOSED_SHELL('',(#6608));
#6608 = ADVANCED_FACE('',(#6609),#6613,.T.);
#6609 = FACE_BOUND('',#6610,.T.);
#6610 = VERTEX_LOOP('',#6611);
#6611 = VERTEX_POINT('',#6612);
#6612 = CARTESIAN_POINT('',(1.224646799147E-15,76.,2.395E+03));
#6613 = SPHERICAL_SURFACE('',#6614,20.);
#6614 = AXIS2_PLACEMENT_3D('',#6615,#6616,#6617);
#6615 = CARTESIAN_POINT('',(0.,76.,2.415E+03));
#6616 = DIRECTION('',(0.,0.,1.));
#6617 = DIRECTION('',(1.,0.,0.));
#6618 = ( GEOMETRIC_REPRESENTATION_CONTEXT(3) 
GLOBAL_UNCERTAINTY_ASSIGNED_CONTEXT((#6622)) 
GLOBAL_UNIT_ASSIGNED_CONTEXT((#6619,#6620,#6621)) REPRESENTATION_CONTEXT
('Context #1','3D Context with UNIT and UNCERTAINTY') );
#6619 = ( LENGTH_UNIT() NAMED_UNIT(*) SI_UNIT(.MILLI.,.METRE.) );
#6620 = ( NAMED_UNIT(*) PLANE_ANGLE_UNIT() SI_UNIT($,.RADIAN.) );
#6621 = ( NAMED_UNIT(*) SI_UNIT($,.STERADIAN.) SOLID_ANGLE_UNIT() );
#6622 = UNCERTAINTY_MEASURE_WITH_UNIT(LENGTH_MEASURE(1.E-07),#6619,
  'distance_accuracy_value','confusion accuracy');
#6623 = CONTEXT_DEPENDENT_SHAPE_REPRESENTATION(#6624,#6626);
#6624 = ( REPRESENTATION_RELATIONSHIP('','',#6605,#10) 
REPRESENTATION_RELATIONSHIP_WITH_TRANSFORMATION(#6625) 
SHAPE_REPRESENTATION_RELATIONSHIP() );
#6625 = ITEM_DEFINED_TRANSFORMATION('','',#11,#167);
#6626 = PRODUCT_DEFINITION_SHAPE('Placement','Placement of an item',
  #6627);
#6627 = NEXT_ASSEMBLY_USAGE_OCCURRENCE('39','PingPong_Ball_18','',#5,
  #6600,$);
#6628 = PRODUCT_RELATED_PRODUCT_CATEGORY('part',$,(#6602));
#6629 = SHAPE_DEFINITION_REPRESENTATION(#6630,#6636);
#6630 = PRODUCT_DEFINITION_SHAPE('','',#6631);
#6631 = PRODUCT_DEFINITION('design','',#6632,#6635);
#6632 = PRODUCT_DEFINITION_FORMATION('','',#6633);
#6633 = PRODUCT('PingPong_Ball_19','PingPong_Ball_19','',(#6634));
#6634 = PRODUCT_CONTEXT('',#2,'mechanical');
#6635 = PRODUCT_DEFINITION_CONTEXT('part definition',#2,'design');
#6636 = ADVANCED_BREP_SHAPE_REPRESENTATION('',(#11,#6637),#6649);
#6637 = MANIFOLD_SOLID_BREP('',#6638);
#6638 = CLOSED_SHELL('',(#6639));
#6639 = ADVANCED_FACE('',(#6640),#6644,.T.);
#6640 = FACE_BOUND('',#6641,.T.);
#6641 = VERTEX_LOOP('',#6642);
#6642 = VERTEX_POINT('',#6643);
#6643 = CARTESIAN_POINT('',(38.,76.,2.395E+03));
#6644 = SPHERICAL_SURFACE('',#6645,20.);
#6645 = AXIS2_PLACEMENT_3D('',#6646,#6647,#6648);
#6646 = CARTESIAN_POINT('',(38.,76.,2.415E+03));
#6647 = DIRECTION('',(0.,0.,1.));
#6648 = DIRECTION('',(1.,0.,0.));
#6649 = ( GEOMETRIC_REPRESENTATION_CONTEXT(3) 
GLOBAL_UNCERTAINTY_ASSIGNED_CONTEXT((#6653)) 
GLOBAL_UNIT_ASSIGNED_CONTEXT((#6650,#6651,#6652)) REPRESENTATION_CONTEXT
('Context #1','3D Context with UNIT and UNCERTAINTY') );
#6650 = ( LENGTH_UNIT() NAMED_UNIT(*) SI_UNIT(.MILLI.,.METRE.) );
#6651 = ( NAMED_UNIT(*) PLANE_ANGLE_UNIT() SI_UNIT($,.RADIAN.) );
#6652 = ( NAMED_UNIT(*) SI_UNIT($,.STERADIAN.) SOLID_ANGLE_UNIT() );
#6653 = UNCERTAINTY_MEASURE_WITH_UNIT(LENGTH_MEASURE(1.E-07),#6650,
  'distance_accuracy_value','confusion accuracy');
#6654 = CONTEXT_DEPENDENT_SHAPE_REPRESENTATION(#6655,#6657);
#6655 = ( REPRESENTATION_RELATIONSHIP('','',#6636,#10) 
REPRESENTATION_RELATIONSHIP_WITH_TRANSFORMATION(#6656) 
SHAPE_REPRESENTATION_RELATIONSHIP() );
#6656 = ITEM_DEFINED_TRANSFORMATION('','',#11,#171);
#6657 = PRODUCT_DEFINITION_SHAPE('Placement','Placement of an item',
  #6658);
#6658 = NEXT_ASSEMBLY_USAGE_OCCURRENCE('40','PingPong_Ball_19','',#5,
  #6631,$);
#6659 = PRODUCT_RELATED_PRODUCT_CATEGORY('part',$,(#6633));
#6660 = SHAPE_DEFINITION_REPRESENTATION(#6661,#6667);
#6661 = PRODUCT_DEFINITION_SHAPE('','',#6662);
#6662 = PRODUCT_DEFINITION('design','',#6663,#6666);
#6663 = PRODUCT_DEFINITION_FORMATION('','',#6664);
#6664 = PRODUCT('PingPong_Ball_20','PingPong_Ball_20','',(#6665));
#6665 = PRODUCT_CONTEXT('',#2,'mechanical');
#6666 = PRODUCT_DEFINITION_CONTEXT('part definition',#2,'design');
#6667 = ADVANCED_BREP_SHAPE_REPRESENTATION('',(#11,#6668),#6680);
#6668 = MANIFOLD_SOLID_BREP('',#6669);
#6669 = CLOSED_SHELL('',(#6670));
#6670 = ADVANCED_FACE('',(#6671),#6675,.T.);
#6671 = FACE_BOUND('',#6672,.T.);
#6672 = VERTEX_LOOP('',#6673);
#6673 = VERTEX_POINT('',#6674);
#6674 = CARTESIAN_POINT('',(-38.,-57.,2.434E+03));
#6675 = SPHERICAL_SURFACE('',#6676,20.);
#6676 = AXIS2_PLACEMENT_3D('',#6677,#6678,#6679);
#6677 = CARTESIAN_POINT('',(-38.,-57.,2.454E+03));
#6678 = DIRECTION('',(0.,0.,1.));
#6679 = DIRECTION('',(1.,0.,0.));
#6680 = ( GEOMETRIC_REPRESENTATION_CONTEXT(3) 
GLOBAL_UNCERTAINTY_ASSIGNED_CONTEXT((#6684)) 
GLOBAL_UNIT_ASSIGNED_CONTEXT((#6681,#6682,#6683)) REPRESENTATION_CONTEXT
('Context #1','3D Context with UNIT and UNCERTAINTY') );
#6681 = ( LENGTH_UNIT() NAMED_UNIT(*) SI_UNIT(.MILLI.,.METRE.) );
#6682 = ( NAMED_UNIT(*) PLANE_ANGLE_UNIT() SI_UNIT($,.RADIAN.) );
#6683 = ( NAMED_UNIT(*) SI_UNIT($,.STERADIAN.) SOLID_ANGLE_UNIT() );
#6684 = UNCERTAINTY_MEASURE_WITH_UNIT(LENGTH_MEASURE(1.E-07),#6681,
  'distance_accuracy_value','confusion accuracy');
#6685 = CONTEXT_DEPENDENT_SHAPE_REPRESENTATION(#6686,#6688);
#6686 = ( REPRESENTATION_RELATIONSHIP('','',#6667,#10) 
REPRESENTATION_RELATIONSHIP_WITH_TRANSFORMATION(#6687) 
SHAPE_REPRESENTATION_RELATIONSHIP() );
#6687 = ITEM_DEFINED_TRANSFORMATION('','',#11,#175);
#6688 = PRODUCT_DEFINITION_SHAPE('Placement','Placement of an item',
  #6689);
#6689 = NEXT_ASSEMBLY_USAGE_OCCURRENCE('41','PingPong_Ball_20','',#5,
  #6662,$);
#6690 = PRODUCT_RELATED_PRODUCT_CATEGORY('part',$,(#6664));
#6691 = SHAPE_DEFINITION_REPRESENTATION(#6692,#6698);
#6692 = PRODUCT_DEFINITION_SHAPE('','',#6693);
#6693 = PRODUCT_DEFINITION('design','',#6694,#6697);
#6694 = PRODUCT_DEFINITION_FORMATION('','',#6695);
#6695 = PRODUCT('PingPong_Ball_21','PingPong_Ball_21','',(#6696));
#6696 = PRODUCT_CONTEXT('',#2,'mechanical');
#6697 = PRODUCT_DEFINITION_CONTEXT('part definition',#2,'design');
#6698 = ADVANCED_BREP_SHAPE_REPRESENTATION('',(#11,#6699),#6711);
#6699 = MANIFOLD_SOLID_BREP('',#6700);
#6700 = CLOSED_SHELL('',(#6701));
#6701 = ADVANCED_FACE('',(#6702),#6706,.T.);
#6702 = FACE_BOUND('',#6703,.T.);
#6703 = VERTEX_LOOP('',#6704);
#6704 = VERTEX_POINT('',#6705);
#6705 = CARTESIAN_POINT('',(1.224646799147E-15,-57.,2.434E+03));
#6706 = SPHERICAL_SURFACE('',#6707,20.);
#6707 = AXIS2_PLACEMENT_3D('',#6708,#6709,#6710);
#6708 = CARTESIAN_POINT('',(0.,-57.,2.454E+03));
#6709 = DIRECTION('',(0.,0.,1.));
#6710 = DIRECTION('',(1.,0.,0.));
#6711 = ( GEOMETRIC_REPRESENTATION_CONTEXT(3) 
GLOBAL_UNCERTAINTY_ASSIGNED_CONTEXT((#6715)) 
GLOBAL_UNIT_ASSIGNED_CONTEXT((#6712,#6713,#6714)) REPRESENTATION_CONTEXT
('Context #1','3D Context with UNIT and UNCERTAINTY') );
#6712 = ( LENGTH_UNIT() NAMED_UNIT(*) SI_UNIT(.MILLI.,.METRE.) );
#6713 = ( NAMED_UNIT(*) PLANE_ANGLE_UNIT() SI_UNIT($,.RADIAN.) );
#6714 = ( NAMED_UNIT(*) SI_UNIT($,.STERADIAN.) SOLID_ANGLE_UNIT() );
#6715 = UNCERTAINTY_MEASURE_WITH_UNIT(LENGTH_MEASURE(1.E-07),#6712,
  'distance_accuracy_value','confusion accuracy');
#6716 = CONTEXT_DEPENDENT_SHAPE_REPRESENTATION(#6717,#6719);
#6717 = ( REPRESENTATION_RELATIONSHIP('','',#6698,#10) 
REPRESENTATION_RELATIONSHIP_WITH_TRANSFORMATION(#6718) 
SHAPE_REPRESENTATION_RELATIONSHIP() );
#6718 = ITEM_DEFINED_TRANSFORMATION('','',#11,#179);
#6719 = PRODUCT_DEFINITION_SHAPE('Placement','Placement of an item',
  #6720);
#6720 = NEXT_ASSEMBLY_USAGE_OCCURRENCE('42','PingPong_Ball_21','',#5,
  #6693,$);
#6721 = PRODUCT_RELATED_PRODUCT_CATEGORY('part',$,(#6695));
#6722 = SHAPE_DEFINITION_REPRESENTATION(#6723,#6729);
#6723 = PRODUCT_DEFINITION_SHAPE('','',#6724);
#6724 = PRODUCT_DEFINITION('design','',#6725,#6728);
#6725 = PRODUCT_DEFINITION_FORMATION('','',#6726);
#6726 = PRODUCT('PingPong_Ball_22','PingPong_Ball_22','',(#6727));
#6727 = PRODUCT_CONTEXT('',#2,'mechanical');
#6728 = PRODUCT_DEFINITION_CONTEXT('part definition',#2,'design');
#6729 = ADVANCED_BREP_SHAPE_REPRESENTATION('',(#11,#6730),#6742);
#6730 = MANIFOLD_SOLID_BREP('',#6731);
#6731 = CLOSED_SHELL('',(#6732));
#6732 = ADVANCED_FACE('',(#6733),#6737,.T.);
#6733 = FACE_BOUND('',#6734,.T.);
#6734 = VERTEX_LOOP('',#6735);
#6735 = VERTEX_POINT('',#6736);
#6736 = CARTESIAN_POINT('',(38.,-57.,2.434E+03));
#6737 = SPHERICAL_SURFACE('',#6738,20.);
#6738 = AXIS2_PLACEMENT_3D('',#6739,#6740,#6741);
#6739 = CARTESIAN_POINT('',(38.,-57.,2.454E+03));
#6740 = DIRECTION('',(0.,0.,1.));
#6741 = DIRECTION('',(1.,0.,0.));
#6742 = ( GEOMETRIC_REPRESENTATION_CONTEXT(3) 
GLOBAL_UNCERTAINTY_ASSIGNED_CONTEXT((#6746)) 
GLOBAL_UNIT_ASSIGNED_CONTEXT((#6743,#6744,#6745)) REPRESENTATION_CONTEXT
('Context #1','3D Context with UNIT and UNCERTAINTY') );
#6743 = ( LENGTH_UNIT() NAMED_UNIT(*) SI_UNIT(.MILLI.,.METRE.) );
#6744 = ( NAMED_UNIT(*) PLANE_ANGLE_UNIT() SI_UNIT($,.RADIAN.) );
#6745 = ( NAMED_UNIT(*) SI_UNIT($,.STERADIAN.) SOLID_ANGLE_UNIT() );
#6746 = UNCERTAINTY_MEASURE_WITH_UNIT(LENGTH_MEASURE(1.E-07),#6743,
  'distance_accuracy_value','confusion accuracy');
#6747 = CONTEXT_DEPENDENT_SHAPE_REPRESENTATION(#6748,#6750);
#6748 = ( REPRESENTATION_RELATIONSHIP('','',#6729,#10) 
REPRESENTATION_RELATIONSHIP_WITH_TRANSFORMATION(#6749) 
SHAPE_REPRESENTATION_RELATIONSHIP() );
#6749 = ITEM_DEFINED_TRANSFORMATION('','',#11,#183);
#6750 = PRODUCT_DEFINITION_SHAPE('Placement','Placement of an item',
  #6751);
#6751 = NEXT_ASSEMBLY_USAGE_OCCURRENCE('43','PingPong_Ball_22','',#5,
  #6724,$);
#6752 = PRODUCT_RELATED_PRODUCT_CATEGORY('part',$,(#6726));
#6753 = SHAPE_DEFINITION_REPRESENTATION(#6754,#6760);
#6754 = PRODUCT_DEFINITION_SHAPE('','',#6755);
#6755 = PRODUCT_DEFINITION('design','',#6756,#6759);
#6756 = PRODUCT_DEFINITION_FORMATION('','',#6757);
#6757 = PRODUCT('PingPong_Ball_23','PingPong_Ball_23','',(#6758));
#6758 = PRODUCT_CONTEXT('',#2,'mechanical');
#6759 = PRODUCT_DEFINITION_CONTEXT('part definition',#2,'design');
#6760 = ADVANCED_BREP_SHAPE_REPRESENTATION('',(#11,#6761),#6773);
#6761 = MANIFOLD_SOLID_BREP('',#6762);
#6762 = CLOSED_SHELL('',(#6763));
#6763 = ADVANCED_FACE('',(#6764),#6768,.T.);
#6764 = FACE_BOUND('',#6765,.T.);
#6765 = VERTEX_LOOP('',#6766);
#6766 = VERTEX_POINT('',#6767);
#6767 = CARTESIAN_POINT('',(-57.,-19.,2.434E+03));
#6768 = SPHERICAL_SURFACE('',#6769,20.);
#6769 = AXIS2_PLACEMENT_3D('',#6770,#6771,#6772);
#6770 = CARTESIAN_POINT('',(-57.,-19.,2.454E+03));
#6771 = DIRECTION('',(0.,0.,1.));
#6772 = DIRECTION('',(1.,0.,0.));
#6773 = ( GEOMETRIC_REPRESENTATION_CONTEXT(3) 
GLOBAL_UNCERTAINTY_ASSIGNED_CONTEXT((#6777)) 
GLOBAL_UNIT_ASSIGNED_CONTEXT((#6774,#6775,#6776)) REPRESENTATION_CONTEXT
('Context #1','3D Context with UNIT and UNCERTAINTY') );
#6774 = ( LENGTH_UNIT() NAMED_UNIT(*) SI_UNIT(.MILLI.,.METRE.) );
#6775 = ( NAMED_UNIT(*) PLANE_ANGLE_UNIT() SI_UNIT($,.RADIAN.) );
#6776 = ( NAMED_UNIT(*) SI_UNIT($,.STERADIAN.) SOLID_ANGLE_UNIT() );
#6777 = UNCERTAINTY_MEASURE_WITH_UNIT(LENGTH_MEASURE(1.E-07),#6774,
  'distance_accuracy_value','confusion accuracy');
#6778 = CONTEXT_DEPENDENT_SHAPE_REPRESENTATION(#6779,#6781);
#6779 = ( REPRESENTATION_RELATIONSHIP('','',#6760,#10) 
REPRESENTATION_RELATIONSHIP_WITH_TRANSFORMATION(#6780) 
SHAPE_REPRESENTATION_RELATIONSHIP() );
#6780 = ITEM_DEFINED_TRANSFORMATION('','',#11,#187);
#6781 = PRODUCT_DEFINITION_SHAPE('Placement','Placement of an item',
  #6782);
#6782 = NEXT_ASSEMBLY_USAGE_OCCURRENCE('44','PingPong_Ball_23','',#5,
  #6755,$);
#6783 = PRODUCT_RELATED_PRODUCT_CATEGORY('part',$,(#6757));
#6784 = SHAPE_DEFINITION_REPRESENTATION(#6785,#6791);
#6785 = PRODUCT_DEFINITION_SHAPE('','',#6786);
#6786 = PRODUCT_DEFINITION('design','',#6787,#6790);
#6787 = PRODUCT_DEFINITION_FORMATION('','',#6788);
#6788 = PRODUCT('PingPong_Ball_24','PingPong_Ball_24','',(#6789));
#6789 = PRODUCT_CONTEXT('',#2,'mechanical');
#6790 = PRODUCT_DEFINITION_CONTEXT('part definition',#2,'design');
#6791 = ADVANCED_BREP_SHAPE_REPRESENTATION('',(#11,#6792),#6804);
#6792 = MANIFOLD_SOLID_BREP('',#6793);
#6793 = CLOSED_SHELL('',(#6794));
#6794 = ADVANCED_FACE('',(#6795),#6799,.T.);
#6795 = FACE_BOUND('',#6796,.T.);
#6796 = VERTEX_LOOP('',#6797);
#6797 = VERTEX_POINT('',#6798);
#6798 = CARTESIAN_POINT('',(-19.,-19.,2.434E+03));
#6799 = SPHERICAL_SURFACE('',#6800,20.);
#6800 = AXIS2_PLACEMENT_3D('',#6801,#6802,#6803);
#6801 = CARTESIAN_POINT('',(-19.,-19.,2.454E+03));
#6802 = DIRECTION('',(0.,0.,1.));
#6803 = DIRECTION('',(1.,0.,0.));
#6804 = ( GEOMETRIC_REPRESENTATION_CONTEXT(3) 
GLOBAL_UNCERTAINTY_ASSIGNED_CONTEXT((#6808)) 
GLOBAL_UNIT_ASSIGNED_CONTEXT((#6805,#6806,#6807)) REPRESENTATION_CONTEXT
('Context #1','3D Context with UNIT and UNCERTAINTY') );
#6805 = ( LENGTH_UNIT() NAMED_UNIT(*) SI_UNIT(.MILLI.,.METRE.) );
#6806 = ( NAMED_UNIT(*) PLANE_ANGLE_UNIT() SI_UNIT($,.RADIAN.) );
#6807 = ( NAMED_UNIT(*) SI_UNIT($,.STERADIAN.) SOLID_ANGLE_UNIT() );
#6808 = UNCERTAINTY_MEASURE_WITH_UNIT(LENGTH_MEASURE(1.E-07),#6805,
  'distance_accuracy_value','confusion accuracy');
#6809 = CONTEXT_DEPENDENT_SHAPE_REPRESENTATION(#6810,#6812);
#6810 = ( REPRESENTATION_RELATIONSHIP('','',#6791,#10) 
REPRESENTATION_RELATIONSHIP_WITH_TRANSFORMATION(#6811) 
SHAPE_REPRESENTATION_RELATIONSHIP() );
#6811 = ITEM_DEFINED_TRANSFORMATION('','',#11,#191);
#6812 = PRODUCT_DEFINITION_SHAPE('Placement','Placement of an item',
  #6813);
#6813 = NEXT_ASSEMBLY_USAGE_OCCURRENCE('45','PingPong_Ball_24','',#5,
  #6786,$);
#6814 = PRODUCT_RELATED_PRODUCT_CATEGORY('part',$,(#6788));
#6815 = SHAPE_DEFINITION_REPRESENTATION(#6816,#6822);
#6816 = PRODUCT_DEFINITION_SHAPE('','',#6817);
#6817 = PRODUCT_DEFINITION('design','',#6818,#6821);
#6818 = PRODUCT_DEFINITION_FORMATION('','',#6819);
#6819 = PRODUCT('PingPong_Ball_25','PingPong_Ball_25','',(#6820));
#6820 = PRODUCT_CONTEXT('',#2,'mechanical');
#6821 = PRODUCT_DEFINITION_CONTEXT('part definition',#2,'design');
#6822 = ADVANCED_BREP_SHAPE_REPRESENTATION('',(#11,#6823),#6835);
#6823 = MANIFOLD_SOLID_BREP('',#6824);
#6824 = CLOSED_SHELL('',(#6825));
#6825 = ADVANCED_FACE('',(#6826),#6830,.T.);
#6826 = FACE_BOUND('',#6827,.T.);
#6827 = VERTEX_LOOP('',#6828);
#6828 = VERTEX_POINT('',#6829);
#6829 = CARTESIAN_POINT('',(19.,-19.,2.434E+03));
#6830 = SPHERICAL_SURFACE('',#6831,20.);
#6831 = AXIS2_PLACEMENT_3D('',#6832,#6833,#6834);
#6832 = CARTESIAN_POINT('',(19.,-19.,2.454E+03));
#6833 = DIRECTION('',(0.,0.,1.));
#6834 = DIRECTION('',(1.,0.,0.));
#6835 = ( GEOMETRIC_REPRESENTATION_CONTEXT(3) 
GLOBAL_UNCERTAINTY_ASSIGNED_CONTEXT((#6839)) 
GLOBAL_UNIT_ASSIGNED_CONTEXT((#6836,#6837,#6838)) REPRESENTATION_CONTEXT
('Context #1','3D Context with UNIT and UNCERTAINTY') );
#6836 = ( LENGTH_UNIT() NAMED_UNIT(*) SI_UNIT(.MILLI.,.METRE.) );
#6837 = ( NAMED_UNIT(*) PLANE_ANGLE_UNIT() SI_UNIT($,.RADIAN.) );
#6838 = ( NAMED_UNIT(*) SI_UNIT($,.STERADIAN.) SOLID_ANGLE_UNIT() );
#6839 = UNCERTAINTY_MEASURE_WITH_UNIT(LENGTH_MEASURE(1.E-07),#6836,
  'distance_accuracy_value','confusion accuracy');
#6840 = CONTEXT_DEPENDENT_SHAPE_REPRESENTATION(#6841,#6843);
#6841 = ( REPRESENTATION_RELATIONSHIP('','',#6822,#10) 
REPRESENTATION_RELATIONSHIP_WITH_TRANSFORMATION(#6842) 
SHAPE_REPRESENTATION_RELATIONSHIP() );
#6842 = ITEM_DEFINED_TRANSFORMATION('','',#11,#195);
#6843 = PRODUCT_DEFINITION_SHAPE('Placement','Placement of an item',
  #6844);
#6844 = NEXT_ASSEMBLY_USAGE_OCCURRENCE('46','PingPong_Ball_25','',#5,
  #6817,$);
#6845 = PRODUCT_RELATED_PRODUCT_CATEGORY('part',$,(#6819));
#6846 = SHAPE_DEFINITION_REPRESENTATION(#6847,#6853);
#6847 = PRODUCT_DEFINITION_SHAPE('','',#6848);
#6848 = PRODUCT_DEFINITION('design','',#6849,#6852);
#6849 = PRODUCT_DEFINITION_FORMATION('','',#6850);
#6850 = PRODUCT('PingPong_Ball_26','PingPong_Ball_26','',(#6851));
#6851 = PRODUCT_CONTEXT('',#2,'mechanical');
#6852 = PRODUCT_DEFINITION_CONTEXT('part definition',#2,'design');
#6853 = ADVANCED_BREP_SHAPE_REPRESENTATION('',(#11,#6854),#6866);
#6854 = MANIFOLD_SOLID_BREP('',#6855);
#6855 = CLOSED_SHELL('',(#6856));
#6856 = ADVANCED_FACE('',(#6857),#6861,.T.);
#6857 = FACE_BOUND('',#6858,.T.);
#6858 = VERTEX_LOOP('',#6859);
#6859 = VERTEX_POINT('',#6860);
#6860 = CARTESIAN_POINT('',(57.,-19.,2.434E+03));
#6861 = SPHERICAL_SURFACE('',#6862,20.);
#6862 = AXIS2_PLACEMENT_3D('',#6863,#6864,#6865);
#6863 = CARTESIAN_POINT('',(57.,-19.,2.454E+03));
#6864 = DIRECTION('',(0.,0.,1.));
#6865 = DIRECTION('',(1.,0.,0.));
#6866 = ( GEOMETRIC_REPRESENTATION_CONTEXT(3) 
GLOBAL_UNCERTAINTY_ASSIGNED_CONTEXT((#6870)) 
GLOBAL_UNIT_ASSIGNED_CONTEXT((#6867,#6868,#6869)) REPRESENTATION_CONTEXT
('Context #1','3D Context with UNIT and UNCERTAINTY') );
#6867 = ( LENGTH_UNIT() NAMED_UNIT(*) SI_UNIT(.MILLI.,.METRE.) );
#6868 = ( NAMED_UNIT(*) PLANE_ANGLE_UNIT() SI_UNIT($,.RADIAN.) );
#6869 = ( NAMED_UNIT(*) SI_UNIT($,.STERADIAN.) SOLID_ANGLE_UNIT() );
#6870 = UNCERTAINTY_MEASURE_WITH_UNIT(LENGTH_MEASURE(1.E-07),#6867,
  'distance_accuracy_value','confusion accuracy');
#6871 = CONTEXT_DEPENDENT_SHAPE_REPRESENTATION(#6872,#6874);
#6872 = ( REPRESENTATION_RELATIONSHIP('','',#6853,#10) 
REPRESENTATION_RELATIONSHIP_WITH_TRANSFORMATION(#6873) 
SHAPE_REPRESENTATION_RELATIONSHIP() );
#6873 = ITEM_DEFINED_TRANSFORMATION('','',#11,#199);
#6874 = PRODUCT_DEFINITION_SHAPE('Placement','Placement of an item',
  #6875);
#6875 = NEXT_ASSEMBLY_USAGE_OCCURRENCE('47','PingPong_Ball_26','',#5,
  #6848,$);
#6876 = PRODUCT_RELATED_PRODUCT_CATEGORY('part',$,(#6850));
#6877 = SHAPE_DEFINITION_REPRESENTATION(#6878,#6884);
#6878 = PRODUCT_DEFINITION_SHAPE('','',#6879);
#6879 = PRODUCT_DEFINITION('design','',#6880,#6883);
#6880 = PRODUCT_DEFINITION_FORMATION('','',#6881);
#6881 = PRODUCT('PingPong_Ball_27','PingPong_Ball_27','',(#6882));
#6882 = PRODUCT_CONTEXT('',#2,'mechanical');
#6883 = PRODUCT_DEFINITION_CONTEXT('part definition',#2,'design');
#6884 = ADVANCED_BREP_SHAPE_REPRESENTATION('',(#11,#6885),#6897);
#6885 = MANIFOLD_SOLID_BREP('',#6886);
#6886 = CLOSED_SHELL('',(#6887));
#6887 = ADVANCED_FACE('',(#6888),#6892,.T.);
#6888 = FACE_BOUND('',#6889,.T.);
#6889 = VERTEX_LOOP('',#6890);
#6890 = VERTEX_POINT('',#6891);
#6891 = CARTESIAN_POINT('',(-76.,19.,2.434E+03));
#6892 = SPHERICAL_SURFACE('',#6893,20.);
#6893 = AXIS2_PLACEMENT_3D('',#6894,#6895,#6896);
#6894 = CARTESIAN_POINT('',(-76.,19.,2.454E+03));
#6895 = DIRECTION('',(0.,0.,1.));
#6896 = DIRECTION('',(1.,0.,0.));
#6897 = ( GEOMETRIC_REPRESENTATION_CONTEXT(3) 
GLOBAL_UNCERTAINTY_ASSIGNED_CONTEXT((#6901)) 
GLOBAL_UNIT_ASSIGNED_CONTEXT((#6898,#6899,#6900)) REPRESENTATION_CONTEXT
('Context #1','3D Context with UNIT and UNCERTAINTY') );
#6898 = ( LENGTH_UNIT() NAMED_UNIT(*) SI_UNIT(.MILLI.,.METRE.) );
#6899 = ( NAMED_UNIT(*) PLANE_ANGLE_UNIT() SI_UNIT($,.RADIAN.) );
#6900 = ( NAMED_UNIT(*) SI_UNIT($,.STERADIAN.) SOLID_ANGLE_UNIT() );
#6901 = UNCERTAINTY_MEASURE_WITH_UNIT(LENGTH_MEASURE(1.E-07),#6898,
  'distance_accuracy_value','confusion accuracy');
#6902 = CONTEXT_DEPENDENT_SHAPE_REPRESENTATION(#6903,#6905);
#6903 = ( REPRESENTATION_RELATIONSHIP('','',#6884,#10) 
REPRESENTATION_RELATIONSHIP_WITH_TRANSFORMATION(#6904) 
SHAPE_REPRESENTATION_RELATIONSHIP() );
#6904 = ITEM_DEFINED_TRANSFORMATION('','',#11,#203);
#6905 = PRODUCT_DEFINITION_SHAPE('Placement','Placement of an item',
  #6906);
#6906 = NEXT_ASSEMBLY_USAGE_OCCURRENCE('48','PingPong_Ball_27','',#5,
  #6879,$);
#6907 = PRODUCT_RELATED_PRODUCT_CATEGORY('part',$,(#6881));
#6908 = SHAPE_DEFINITION_REPRESENTATION(#6909,#6915);
#6909 = PRODUCT_DEFINITION_SHAPE('','',#6910);
#6910 = PRODUCT_DEFINITION('design','',#6911,#6914);
#6911 = PRODUCT_DEFINITION_FORMATION('','',#6912);
#6912 = PRODUCT('PingPong_Ball_28','PingPong_Ball_28','',(#6913));
#6913 = PRODUCT_CONTEXT('',#2,'mechanical');
#6914 = PRODUCT_DEFINITION_CONTEXT('part definition',#2,'design');
#6915 = ADVANCED_BREP_SHAPE_REPRESENTATION('',(#11,#6916),#6928);
#6916 = MANIFOLD_SOLID_BREP('',#6917);
#6917 = CLOSED_SHELL('',(#6918));
#6918 = ADVANCED_FACE('',(#6919),#6923,.T.);
#6919 = FACE_BOUND('',#6920,.T.);
#6920 = VERTEX_LOOP('',#6921);
#6921 = VERTEX_POINT('',#6922);
#6922 = CARTESIAN_POINT('',(-38.,19.,2.434E+03));
#6923 = SPHERICAL_SURFACE('',#6924,20.);
#6924 = AXIS2_PLACEMENT_3D('',#6925,#6926,#6927);
#6925 = CARTESIAN_POINT('',(-38.,19.,2.454E+03));
#6926 = DIRECTION('',(0.,0.,1.));
#6927 = DIRECTION('',(1.,0.,0.));
#6928 = ( GEOMETRIC_REPRESENTATION_CONTEXT(3) 
GLOBAL_UNCERTAINTY_ASSIGNED_CONTEXT((#6932)) 
GLOBAL_UNIT_ASSIGNED_CONTEXT((#6929,#6930,#6931)) REPRESENTATION_CONTEXT
('Context #1','3D Context with UNIT and UNCERTAINTY') );
#6929 = ( LENGTH_UNIT() NAMED_UNIT(*) SI_UNIT(.MILLI.,.METRE.) );
#6930 = ( NAMED_UNIT(*) PLANE_ANGLE_UNIT() SI_UNIT($,.RADIAN.) );
#6931 = ( NAMED_UNIT(*) SI_UNIT($,.STERADIAN.) SOLID_ANGLE_UNIT() );
#6932 = UNCERTAINTY_MEASURE_WITH_UNIT(LENGTH_MEASURE(1.E-07),#6929,
  'distance_accuracy_value','confusion accuracy');
#6933 = CONTEXT_DEPENDENT_SHAPE_REPRESENTATION(#6934,#6936);
#6934 = ( REPRESENTATION_RELATIONSHIP('','',#6915,#10) 
REPRESENTATION_RELATIONSHIP_WITH_TRANSFORMATION(#6935) 
SHAPE_REPRESENTATION_RELATIONSHIP() );
#6935 = ITEM_DEFINED_TRANSFORMATION('','',#11,#207);
#6936 = PRODUCT_DEFINITION_SHAPE('Placement','Placement of an item',
  #6937);
#6937 = NEXT_ASSEMBLY_USAGE_OCCURRENCE('49','PingPong_Ball_28','',#5,
  #6910,$);
#6938 = PRODUCT_RELATED_PRODUCT_CATEGORY('part',$,(#6912));
#6939 = SHAPE_DEFINITION_REPRESENTATION(#6940,#6946);
#6940 = PRODUCT_DEFINITION_SHAPE('','',#6941);
#6941 = PRODUCT_DEFINITION('design','',#6942,#6945);
#6942 = PRODUCT_DEFINITION_FORMATION('','',#6943);
#6943 = PRODUCT('PingPong_Ball_29','PingPong_Ball_29','',(#6944));
#6944 = PRODUCT_CONTEXT('',#2,'mechanical');
#6945 = PRODUCT_DEFINITION_CONTEXT('part definition',#2,'design');
#6946 = ADVANCED_BREP_SHAPE_REPRESENTATION('',(#11,#6947),#6959);
#6947 = MANIFOLD_SOLID_BREP('',#6948);
#6948 = CLOSED_SHELL('',(#6949));
#6949 = ADVANCED_FACE('',(#6950),#6954,.T.);
#6950 = FACE_BOUND('',#6951,.T.);
#6951 = VERTEX_LOOP('',#6952);
#6952 = VERTEX_POINT('',#6953);
#6953 = CARTESIAN_POINT('',(1.224646799147E-15,19.,2.434E+03));
#6954 = SPHERICAL_SURFACE('',#6955,20.);
#6955 = AXIS2_PLACEMENT_3D('',#6956,#6957,#6958);
#6956 = CARTESIAN_POINT('',(0.,19.,2.454E+03));
#6957 = DIRECTION('',(0.,0.,1.));
#6958 = DIRECTION('',(1.,0.,0.));
#6959 = ( GEOMETRIC_REPRESENTATION_CONTEXT(3) 
GLOBAL_UNCERTAINTY_ASSIGNED_CONTEXT((#6963)) 
GLOBAL_UNIT_ASSIGNED_CONTEXT((#6960,#6961,#6962)) REPRESENTATION_CONTEXT
('Context #1','3D Context with UNIT and UNCERTAINTY') );
#6960 = ( LENGTH_UNIT() NAMED_UNIT(*) SI_UNIT(.MILLI.,.METRE.) );
#6961 = ( NAMED_UNIT(*) PLANE_ANGLE_UNIT() SI_UNIT($,.RADIAN.) );
#6962 = ( NAMED_UNIT(*) SI_UNIT($,.STERADIAN.) SOLID_ANGLE_UNIT() );
#6963 = UNCERTAINTY_MEASURE_WITH_UNIT(LENGTH_MEASURE(1.E-07),#6960,
  'distance_accuracy_value','confusion accuracy');
#6964 = CONTEXT_DEPENDENT_SHAPE_REPRESENTATION(#6965,#6967);
#6965 = ( REPRESENTATION_RELATIONSHIP('','',#6946,#10) 
REPRESENTATION_RELATIONSHIP_WITH_TRANSFORMATION(#6966) 
SHAPE_REPRESENTATION_RELATIONSHIP() );
#6966 = ITEM_DEFINED_TRANSFORMATION('','',#11,#211);
#6967 = PRODUCT_DEFINITION_SHAPE('Placement','Placement of an item',
  #6968);
#6968 = NEXT_ASSEMBLY_USAGE_OCCURRENCE('50','PingPong_Ball_29','',#5,
  #6941,$);
#6969 = PRODUCT_RELATED_PRODUCT_CATEGORY('part',$,(#6943));
#6970 = SHAPE_DEFINITION_REPRESENTATION(#6971,#6977);
#6971 = PRODUCT_DEFINITION_SHAPE('','',#6972);
#6972 = PRODUCT_DEFINITION('design','',#6973,#6976);
#6973 = PRODUCT_DEFINITION_FORMATION('','',#6974);
#6974 = PRODUCT('PingPong_Ball_30','PingPong_Ball_30','',(#6975));
#6975 = PRODUCT_CONTEXT('',#2,'mechanical');
#6976 = PRODUCT_DEFINITION_CONTEXT('part definition',#2,'design');
#6977 = ADVANCED_BREP_SHAPE_REPRESENTATION('',(#11,#6978),#6990);
#6978 = MANIFOLD_SOLID_BREP('',#6979);
#6979 = CLOSED_SHELL('',(#6980));
#6980 = ADVANCED_FACE('',(#6981),#6985,.T.);
#6981 = FACE_BOUND('',#6982,.T.);
#6982 = VERTEX_LOOP('',#6983);
#6983 = VERTEX_POINT('',#6984);
#6984 = CARTESIAN_POINT('',(38.,19.,2.434E+03));
#6985 = SPHERICAL_SURFACE('',#6986,20.);
#6986 = AXIS2_PLACEMENT_3D('',#6987,#6988,#6989);
#6987 = CARTESIAN_POINT('',(38.,19.,2.454E+03));
#6988 = DIRECTION('',(0.,0.,1.));
#6989 = DIRECTION('',(1.,0.,0.));
#6990 = ( GEOMETRIC_REPRESENTATION_CONTEXT(3) 
GLOBAL_UNCERTAINTY_ASSIGNED_CONTEXT((#6994)) 
GLOBAL_UNIT_ASSIGNED_CONTEXT((#6991,#6992,#6993)) REPRESENTATION_CONTEXT
('Context #1','3D Context with UNIT and UNCERTAINTY') );
#6991 = ( LENGTH_UNIT() NAMED_UNIT(*) SI_UNIT(.MILLI.,.METRE.) );
#6992 = ( NAMED_UNIT(*) PLANE_ANGLE_UNIT() SI_UNIT($,.RADIAN.) );
#6993 = ( NAMED_UNIT(*) SI_UNIT($,.STERADIAN.) SOLID_ANGLE_UNIT() );
#6994 = UNCERTAINTY_MEASURE_WITH_UNIT(LENGTH_MEASURE(1.E-07),#6991,
  'distance_accuracy_value','confusion accuracy');
#6995 = CONTEXT_DEPENDENT_SHAPE_REPRESENTATION(#6996,#6998);
#6996 = ( REPRESENTATION_RELATIONSHIP('','',#6977,#10) 
REPRESENTATION_RELATIONSHIP_WITH_TRANSFORMATION(#6997) 
SHAPE_REPRESENTATION_RELATIONSHIP() );
#6997 = ITEM_DEFINED_TRANSFORMATION('','',#11,#215);
#6998 = PRODUCT_DEFINITION_SHAPE('Placement','Placement of an item',
  #6999);
#6999 = NEXT_ASSEMBLY_USAGE_OCCURRENCE('51','PingPong_Ball_30','',#5,
  #6972,$);
#7000 = PRODUCT_RELATED_PRODUCT_CATEGORY('part',$,(#6974));
#7001 = SHAPE_DEFINITION_REPRESENTATION(#7002,#7008);
#7002 = PRODUCT_DEFINITION_SHAPE('','',#7003);
#7003 = PRODUCT_DEFINITION('design','',#7004,#7007);
#7004 = PRODUCT_DEFINITION_FORMATION('','',#7005);
#7005 = PRODUCT('PingPong_Ball_31','PingPong_Ball_31','',(#7006));
#7006 = PRODUCT_CONTEXT('',#2,'mechanical');
#7007 = PRODUCT_DEFINITION_CONTEXT('part definition',#2,'design');
#7008 = ADVANCED_BREP_SHAPE_REPRESENTATION('',(#11,#7009),#7021);
#7009 = MANIFOLD_SOLID_BREP('',#7010);
#7010 = CLOSED_SHELL('',(#7011));
#7011 = ADVANCED_FACE('',(#7012),#7016,.T.);
#7012 = FACE_BOUND('',#7013,.T.);
#7013 = VERTEX_LOOP('',#7014);
#7014 = VERTEX_POINT('',#7015);
#7015 = CARTESIAN_POINT('',(76.,19.,2.434E+03));
#7016 = SPHERICAL_SURFACE('',#7017,20.);
#7017 = AXIS2_PLACEMENT_3D('',#7018,#7019,#7020);
#7018 = CARTESIAN_POINT('',(76.,19.,2.454E+03));
#7019 = DIRECTION('',(0.,0.,1.));
#7020 = DIRECTION('',(1.,0.,0.));
#7021 = ( GEOMETRIC_REPRESENTATION_CONTEXT(3) 
GLOBAL_UNCERTAINTY_ASSIGNED_CONTEXT((#7025)) 
GLOBAL_UNIT_ASSIGNED_CONTEXT((#7022,#7023,#7024)) REPRESENTATION_CONTEXT
('Context #1','3D Context with UNIT and UNCERTAINTY') );
#7022 = ( LENGTH_UNIT() NAMED_UNIT(*) SI_UNIT(.MILLI.,.METRE.) );
#7023 = ( NAMED_UNIT(*) PLANE_ANGLE_UNIT() SI_UNIT($,.RADIAN.) );
#7024 = ( NAMED_UNIT(*) SI_UNIT($,.STERADIAN.) SOLID_ANGLE_UNIT() );
#7025 = UNCERTAINTY_MEASURE_WITH_UNIT(LENGTH_MEASURE(1.E-07),#7022,
  'distance_accuracy_value','confusion accuracy');
#7026 = CONTEXT_DEPENDENT_SHAPE_REPRESENTATION(#7027,#7029);
#7027 = ( REPRESENTATION_RELATIONSHIP('','',#7008,#10) 
REPRESENTATION_RELATIONSHIP_WITH_TRANSFORMATION(#7028) 
SHAPE_REPRESENTATION_RELATIONSHIP() );
#7028 = ITEM_DEFINED_TRANSFORMATION('','',#11,#219);
#7029 = PRODUCT_DEFINITION_SHAPE('Placement','Placement of an item',
  #7030);
#7030 = NEXT_ASSEMBLY_USAGE_OCCURRENCE('52','PingPong_Ball_31','',#5,
  #7003,$);
#7031 = PRODUCT_RELATED_PRODUCT_CATEGORY('part',$,(#7005));
#7032 = SHAPE_DEFINITION_REPRESENTATION(#7033,#7039);
#7033 = PRODUCT_DEFINITION_SHAPE('','',#7034);
#7034 = PRODUCT_DEFINITION('design','',#7035,#7038);
#7035 = PRODUCT_DEFINITION_FORMATION('','',#7036);
#7036 = PRODUCT('PingPong_Ball_32','PingPong_Ball_32','',(#7037));
#7037 = PRODUCT_CONTEXT('',#2,'mechanical');
#7038 = PRODUCT_DEFINITION_CONTEXT('part definition',#2,'design');
#7039 = ADVANCED_BREP_SHAPE_REPRESENTATION('',(#11,#7040),#7052);
#7040 = MANIFOLD_SOLID_BREP('',#7041);
#7041 = CLOSED_SHELL('',(#7042));
#7042 = ADVANCED_FACE('',(#7043),#7047,.T.);
#7043 = FACE_BOUND('',#7044,.T.);
#7044 = VERTEX_LOOP('',#7045);
#7045 = VERTEX_POINT('',#7046);
#7046 = CARTESIAN_POINT('',(-57.,57.,2.434E+03));
#7047 = SPHERICAL_SURFACE('',#7048,20.);
#7048 = AXIS2_PLACEMENT_3D('',#7049,#7050,#7051);
#7049 = CARTESIAN_POINT('',(-57.,57.,2.454E+03));
#7050 = DIRECTION('',(0.,0.,1.));
#7051 = DIRECTION('',(1.,0.,0.));
#7052 = ( GEOMETRIC_REPRESENTATION_CONTEXT(3) 
GLOBAL_UNCERTAINTY_ASSIGNED_CONTEXT((#7056)) 
GLOBAL_UNIT_ASSIGNED_CONTEXT((#7053,#7054,#7055)) REPRESENTATION_CONTEXT
('Context #1','3D Context with UNIT and UNCERTAINTY') );
#7053 = ( LENGTH_UNIT() NAMED_UNIT(*) SI_UNIT(.MILLI.,.METRE.) );
#7054 = ( NAMED_UNIT(*) PLANE_ANGLE_UNIT() SI_UNIT($,.RADIAN.) );
#7055 = ( NAMED_UNIT(*) SI_UNIT($,.STERADIAN.) SOLID_ANGLE_UNIT() );
#7056 = UNCERTAINTY_MEASURE_WITH_UNIT(LENGTH_MEASURE(1.E-07),#7053,
  'distance_accuracy_value','confusion accuracy');
#7057 = CONTEXT_DEPENDENT_SHAPE_REPRESENTATION(#7058,#7060);
#7058 = ( REPRESENTATION_RELATIONSHIP('','',#7039,#10) 
REPRESENTATION_RELATIONSHIP_WITH_TRANSFORMATION(#7059) 
SHAPE_REPRESENTATION_RELATIONSHIP() );
#7059 = ITEM_DEFINED_TRANSFORMATION('','',#11,#223);
#7060 = PRODUCT_DEFINITION_SHAPE('Placement','Placement of an item',
  #7061);
#7061 = NEXT_ASSEMBLY_USAGE_OCCURRENCE('53','PingPong_Ball_32','',#5,
  #7034,$);
#7062 = PRODUCT_RELATED_PRODUCT_CATEGORY('part',$,(#7036));
#7063 = SHAPE_DEFINITION_REPRESENTATION(#7064,#7070);
#7064 = PRODUCT_DEFINITION_SHAPE('','',#7065);
#7065 = PRODUCT_DEFINITION('design','',#7066,#7069);
#7066 = PRODUCT_DEFINITION_FORMATION('','',#7067);
#7067 = PRODUCT('PingPong_Ball_33','PingPong_Ball_33','',(#7068));
#7068 = PRODUCT_CONTEXT('',#2,'mechanical');
#7069 = PRODUCT_DEFINITION_CONTEXT('part definition',#2,'design');
#7070 = ADVANCED_BREP_SHAPE_REPRESENTATION('',(#11,#7071),#7083);
#7071 = MANIFOLD_SOLID_BREP('',#7072);
#7072 = CLOSED_SHELL('',(#7073));
#7073 = ADVANCED_FACE('',(#7074),#7078,.T.);
#7074 = FACE_BOUND('',#7075,.T.);
#7075 = VERTEX_LOOP('',#7076);
#7076 = VERTEX_POINT('',#7077);
#7077 = CARTESIAN_POINT('',(-19.,57.,2.434E+03));
#7078 = SPHERICAL_SURFACE('',#7079,20.);
#7079 = AXIS2_PLACEMENT_3D('',#7080,#7081,#7082);
#7080 = CARTESIAN_POINT('',(-19.,57.,2.454E+03));
#7081 = DIRECTION('',(0.,0.,1.));
#7082 = DIRECTION('',(1.,0.,0.));
#7083 = ( GEOMETRIC_REPRESENTATION_CONTEXT(3) 
GLOBAL_UNCERTAINTY_ASSIGNED_CONTEXT((#7087)) 
GLOBAL_UNIT_ASSIGNED_CONTEXT((#7084,#7085,#7086)) REPRESENTATION_CONTEXT
('Context #1','3D Context with UNIT and UNCERTAINTY') );
#7084 = ( LENGTH_UNIT() NAMED_UNIT(*) SI_UNIT(.MILLI.,.METRE.) );
#7085 = ( NAMED_UNIT(*) PLANE_ANGLE_UNIT() SI_UNIT($,.RADIAN.) );
#7086 = ( NAMED_UNIT(*) SI_UNIT($,.STERADIAN.) SOLID_ANGLE_UNIT() );
#7087 = UNCERTAINTY_MEASURE_WITH_UNIT(LENGTH_MEASURE(1.E-07),#7084,
  'distance_accuracy_value','confusion accuracy');
#7088 = CONTEXT_DEPENDENT_SHAPE_REPRESENTATION(#7089,#7091);
#7089 = ( REPRESENTATION_RELATIONSHIP('','',#7070,#10) 
REPRESENTATION_RELATIONSHIP_WITH_TRANSFORMATION(#7090) 
SHAPE_REPRESENTATION_RELATIONSHIP() );
#7090 = ITEM_DEFINED_TRANSFORMATION('','',#11,#227);
#7091 = PRODUCT_DEFINITION_SHAPE('Placement','Placement of an item',
  #7092);
#7092 = NEXT_ASSEMBLY_USAGE_OCCURRENCE('54','PingPong_Ball_33','',#5,
  #7065,$);
#7093 = PRODUCT_RELATED_PRODUCT_CATEGORY('part',$,(#7067));
#7094 = SHAPE_DEFINITION_REPRESENTATION(#7095,#7101);
#7095 = PRODUCT_DEFINITION_SHAPE('','',#7096);
#7096 = PRODUCT_DEFINITION('design','',#7097,#7100);
#7097 = PRODUCT_DEFINITION_FORMATION('','',#7098);
#7098 = PRODUCT('PingPong_Ball_34','PingPong_Ball_34','',(#7099));
#7099 = PRODUCT_CONTEXT('',#2,'mechanical');
#7100 = PRODUCT_DEFINITION_CONTEXT('part definition',#2,'design');
#7101 = ADVANCED_BREP_SHAPE_REPRESENTATION('',(#11,#7102),#7114);
#7102 = MANIFOLD_SOLID_BREP('',#7103);
#7103 = CLOSED_SHELL('',(#7104));
#7104 = ADVANCED_FACE('',(#7105),#7109,.T.);
#7105 = FACE_BOUND('',#7106,.T.);
#7106 = VERTEX_LOOP('',#7107);
#7107 = VERTEX_POINT('',#7108);
#7108 = CARTESIAN_POINT('',(19.,57.,2.434E+03));
#7109 = SPHERICAL_SURFACE('',#7110,20.);
#7110 = AXIS2_PLACEMENT_3D('',#7111,#7112,#7113);
#7111 = CARTESIAN_POINT('',(19.,57.,2.454E+03));
#7112 = DIRECTION('',(0.,0.,1.));
#7113 = DIRECTION('',(1.,0.,0.));
#7114 = ( GEOMETRIC_REPRESENTATION_CONTEXT(3) 
GLOBAL_UNCERTAINTY_ASSIGNED_CONTEXT((#7118)) 
GLOBAL_UNIT_ASSIGNED_CONTEXT((#7115,#7116,#7117)) REPRESENTATION_CONTEXT
('Context #1','3D Context with UNIT and UNCERTAINTY') );
#7115 = ( LENGTH_UNIT() NAMED_UNIT(*) SI_UNIT(.MILLI.,.METRE.) );
#7116 = ( NAMED_UNIT(*) PLANE_ANGLE_UNIT() SI_UNIT($,.RADIAN.) );
#7117 = ( NAMED_UNIT(*) SI_UNIT($,.STERADIAN.) SOLID_ANGLE_UNIT() );
#7118 = UNCERTAINTY_MEASURE_WITH_UNIT(LENGTH_MEASURE(1.E-07),#7115,
  'distance_accuracy_value','confusion accuracy');
#7119 = CONTEXT_DEPENDENT_SHAPE_REPRESENTATION(#7120,#7122);
#7120 = ( REPRESENTATION_RELATIONSHIP('','',#7101,#10) 
REPRESENTATION_RELATIONSHIP_WITH_TRANSFORMATION(#7121) 
SHAPE_REPRESENTATION_RELATIONSHIP() );
#7121 = ITEM_DEFINED_TRANSFORMATION('','',#11,#231);
#7122 = PRODUCT_DEFINITION_SHAPE('Placement','Placement of an item',
  #7123);
#7123 = NEXT_ASSEMBLY_USAGE_OCCURRENCE('55','PingPong_Ball_34','',#5,
  #7096,$);
#7124 = PRODUCT_RELATED_PRODUCT_CATEGORY('part',$,(#7098));
#7125 = SHAPE_DEFINITION_REPRESENTATION(#7126,#7132);
#7126 = PRODUCT_DEFINITION_SHAPE('','',#7127);
#7127 = PRODUCT_DEFINITION('design','',#7128,#7131);
#7128 = PRODUCT_DEFINITION_FORMATION('','',#7129);
#7129 = PRODUCT('PingPong_Ball_35','PingPong_Ball_35','',(#7130));
#7130 = PRODUCT_CONTEXT('',#2,'mechanical');
#7131 = PRODUCT_DEFINITION_CONTEXT('part definition',#2,'design');
#7132 = ADVANCED_BREP_SHAPE_REPRESENTATION('',(#11,#7133),#7145);
#7133 = MANIFOLD_SOLID_BREP('',#7134);
#7134 = CLOSED_SHELL('',(#7135));
#7135 = ADVANCED_FACE('',(#7136),#7140,.T.);
#7136 = FACE_BOUND('',#7137,.T.);
#7137 = VERTEX_LOOP('',#7138);
#7138 = VERTEX_POINT('',#7139);
#7139 = CARTESIAN_POINT('',(57.,57.,2.434E+03));
#7140 = SPHERICAL_SURFACE('',#7141,20.);
#7141 = AXIS2_PLACEMENT_3D('',#7142,#7143,#7144);
#7142 = CARTESIAN_POINT('',(57.,57.,2.454E+03));
#7143 = DIRECTION('',(0.,0.,1.));
#7144 = DIRECTION('',(1.,0.,0.));
#7145 = ( GEOMETRIC_REPRESENTATION_CONTEXT(3) 
GLOBAL_UNCERTAINTY_ASSIGNED_CONTEXT((#7149)) 
GLOBAL_UNIT_ASSIGNED_CONTEXT((#7146,#7147,#7148)) REPRESENTATION_CONTEXT
('Context #1','3D Context with UNIT and UNCERTAINTY') );
#7146 = ( LENGTH_UNIT() NAMED_UNIT(*) SI_UNIT(.MILLI.,.METRE.) );
#7147 = ( NAMED_UNIT(*) PLANE_ANGLE_UNIT() SI_UNIT($,.RADIAN.) );
#7148 = ( NAMED_UNIT(*) SI_UNIT($,.STERADIAN.) SOLID_ANGLE_UNIT() );
#7149 = UNCERTAINTY_MEASURE_WITH_UNIT(LENGTH_MEASURE(1.E-07),#7146,
  'distance_accuracy_value','confusion accuracy');
#7150 = CONTEXT_DEPENDENT_SHAPE_REPRESENTATION(#7151,#7153);
#7151 = ( REPRESENTATION_RELATIONSHIP('','',#7132,#10) 
REPRESENTATION_RELATIONSHIP_WITH_TRANSFORMATION(#7152) 
SHAPE_REPRESENTATION_RELATIONSHIP() );
#7152 = ITEM_DEFINED_TRANSFORMATION('','',#11,#235);
#7153 = PRODUCT_DEFINITION_SHAPE('Placement','Placement of an item',
  #7154);
#7154 = NEXT_ASSEMBLY_USAGE_OCCURRENCE('56','PingPong_Ball_35','',#5,
  #7127,$);
#7155 = PRODUCT_RELATED_PRODUCT_CATEGORY('part',$,(#7129));
#7156 = SHAPE_DEFINITION_REPRESENTATION(#7157,#7163);
#7157 = PRODUCT_DEFINITION_SHAPE('','',#7158);
#7158 = PRODUCT_DEFINITION('design','',#7159,#7162);
#7159 = PRODUCT_DEFINITION_FORMATION('','',#7160);
#7160 = PRODUCT('PingPong_Ball_36','PingPong_Ball_36','',(#7161));
#7161 = PRODUCT_CONTEXT('',#2,'mechanical');
#7162 = PRODUCT_DEFINITION_CONTEXT('part definition',#2,'design');
#7163 = ADVANCED_BREP_SHAPE_REPRESENTATION('',(#11,#7164),#7176);
#7164 = MANIFOLD_SOLID_BREP('',#7165);
#7165 = CLOSED_SHELL('',(#7166));
#7166 = ADVANCED_FACE('',(#7167),#7171,.T.);
#7167 = FACE_BOUND('',#7168,.T.);
#7168 = VERTEX_LOOP('',#7169);
#7169 = VERTEX_POINT('',#7170);
#7170 = CARTESIAN_POINT('',(-38.,-76.,2.473E+03));
#7171 = SPHERICAL_SURFACE('',#7172,20.);
#7172 = AXIS2_PLACEMENT_3D('',#7173,#7174,#7175);
#7173 = CARTESIAN_POINT('',(-38.,-76.,2.493E+03));
#7174 = DIRECTION('',(0.,0.,1.));
#7175 = DIRECTION('',(1.,0.,0.));
#7176 = ( GEOMETRIC_REPRESENTATION_CONTEXT(3) 
GLOBAL_UNCERTAINTY_ASSIGNED_CONTEXT((#7180)) 
GLOBAL_UNIT_ASSIGNED_CONTEXT((#7177,#7178,#7179)) REPRESENTATION_CONTEXT
('Context #1','3D Context with UNIT and UNCERTAINTY') );
#7177 = ( LENGTH_UNIT() NAMED_UNIT(*) SI_UNIT(.MILLI.,.METRE.) );
#7178 = ( NAMED_UNIT(*) PLANE_ANGLE_UNIT() SI_UNIT($,.RADIAN.) );
#7179 = ( NAMED_UNIT(*) SI_UNIT($,.STERADIAN.) SOLID_ANGLE_UNIT() );
#7180 = UNCERTAINTY_MEASURE_WITH_UNIT(LENGTH_MEASURE(1.E-07),#7177,
  'distance_accuracy_value','confusion accuracy');
#7181 = CONTEXT_DEPENDENT_SHAPE_REPRESENTATION(#7182,#7184);
#7182 = ( REPRESENTATION_RELATIONSHIP('','',#7163,#10) 
REPRESENTATION_RELATIONSHIP_WITH_TRANSFORMATION(#7183) 
SHAPE_REPRESENTATION_RELATIONSHIP() );
#7183 = ITEM_DEFINED_TRANSFORMATION('','',#11,#239);
#7184 = PRODUCT_DEFINITION_SHAPE('Placement','Placement of an item',
  #7185);
#7185 = NEXT_ASSEMBLY_USAGE_OCCURRENCE('57','PingPong_Ball_36','',#5,
  #7158,$);
#7186 = PRODUCT_RELATED_PRODUCT_CATEGORY('part',$,(#7160));
#7187 = SHAPE_DEFINITION_REPRESENTATION(#7188,#7194);
#7188 = PRODUCT_DEFINITION_SHAPE('','',#7189);
#7189 = PRODUCT_DEFINITION('design','',#7190,#7193);
#7190 = PRODUCT_DEFINITION_FORMATION('','',#7191);
#7191 = PRODUCT('PingPong_Ball_37','PingPong_Ball_37','',(#7192));
#7192 = PRODUCT_CONTEXT('',#2,'mechanical');
#7193 = PRODUCT_DEFINITION_CONTEXT('part definition',#2,'design');
#7194 = ADVANCED_BREP_SHAPE_REPRESENTATION('',(#11,#7195),#7207);
#7195 = MANIFOLD_SOLID_BREP('',#7196);
#7196 = CLOSED_SHELL('',(#7197));
#7197 = ADVANCED_FACE('',(#7198),#7202,.T.);
#7198 = FACE_BOUND('',#7199,.T.);
#7199 = VERTEX_LOOP('',#7200);
#7200 = VERTEX_POINT('',#7201);
#7201 = CARTESIAN_POINT('',(1.224646799147E-15,-76.,2.473E+03));
#7202 = SPHERICAL_SURFACE('',#7203,20.);
#7203 = AXIS2_PLACEMENT_3D('',#7204,#7205,#7206);
#7204 = CARTESIAN_POINT('',(0.,-76.,2.493E+03));
#7205 = DIRECTION('',(0.,0.,1.));
#7206 = DIRECTION('',(1.,0.,0.));
#7207 = ( GEOMETRIC_REPRESENTATION_CONTEXT(3) 
GLOBAL_UNCERTAINTY_ASSIGNED_CONTEXT((#7211)) 
GLOBAL_UNIT_ASSIGNED_CONTEXT((#7208,#7209,#7210)) REPRESENTATION_CONTEXT
('Context #1','3D Context with UNIT and UNCERTAINTY') );
#7208 = ( LENGTH_UNIT() NAMED_UNIT(*) SI_UNIT(.MILLI.,.METRE.) );
#7209 = ( NAMED_UNIT(*) PLANE_ANGLE_UNIT() SI_UNIT($,.RADIAN.) );
#7210 = ( NAMED_UNIT(*) SI_UNIT($,.STERADIAN.) SOLID_ANGLE_UNIT() );
#7211 = UNCERTAINTY_MEASURE_WITH_UNIT(LENGTH_MEASURE(1.E-07),#7208,
  'distance_accuracy_value','confusion accuracy');
#7212 = CONTEXT_DEPENDENT_SHAPE_REPRESENTATION(#7213,#7215);
#7213 = ( REPRESENTATION_RELATIONSHIP('','',#7194,#10) 
REPRESENTATION_RELATIONSHIP_WITH_TRANSFORMATION(#7214) 
SHAPE_REPRESENTATION_RELATIONSHIP() );
#7214 = ITEM_DEFINED_TRANSFORMATION('','',#11,#243);
#7215 = PRODUCT_DEFINITION_SHAPE('Placement','Placement of an item',
  #7216);
#7216 = NEXT_ASSEMBLY_USAGE_OCCURRENCE('58','PingPong_Ball_37','',#5,
  #7189,$);
#7217 = PRODUCT_RELATED_PRODUCT_CATEGORY('part',$,(#7191));
#7218 = SHAPE_DEFINITION_REPRESENTATION(#7219,#7225);
#7219 = PRODUCT_DEFINITION_SHAPE('','',#7220);
#7220 = PRODUCT_DEFINITION('design','',#7221,#7224);
#7221 = PRODUCT_DEFINITION_FORMATION('','',#7222);
#7222 = PRODUCT('PingPong_Ball_38','PingPong_Ball_38','',(#7223));
#7223 = PRODUCT_CONTEXT('',#2,'mechanical');
#7224 = PRODUCT_DEFINITION_CONTEXT('part definition',#2,'design');
#7225 = ADVANCED_BREP_SHAPE_REPRESENTATION('',(#11,#7226),#7238);
#7226 = MANIFOLD_SOLID_BREP('',#7227);
#7227 = CLOSED_SHELL('',(#7228));
#7228 = ADVANCED_FACE('',(#7229),#7233,.T.);
#7229 = FACE_BOUND('',#7230,.T.);
#7230 = VERTEX_LOOP('',#7231);
#7231 = VERTEX_POINT('',#7232);
#7232 = CARTESIAN_POINT('',(38.,-76.,2.473E+03));
#7233 = SPHERICAL_SURFACE('',#7234,20.);
#7234 = AXIS2_PLACEMENT_3D('',#7235,#7236,#7237);
#7235 = CARTESIAN_POINT('',(38.,-76.,2.493E+03));
#7236 = DIRECTION('',(0.,0.,1.));
#7237 = DIRECTION('',(1.,0.,0.));
#7238 = ( GEOMETRIC_REPRESENTATION_CONTEXT(3) 
GLOBAL_UNCERTAINTY_ASSIGNED_CONTEXT((#7242)) 
GLOBAL_UNIT_ASSIGNED_CONTEXT((#7239,#7240,#7241)) REPRESENTATION_CONTEXT
('Context #1','3D Context with UNIT and UNCERTAINTY') );
#7239 = ( LENGTH_UNIT() NAMED_UNIT(*) SI_UNIT(.MILLI.,.METRE.) );
#7240 = ( NAMED_UNIT(*) PLANE_ANGLE_UNIT() SI_UNIT($,.RADIAN.) );
#7241 = ( NAMED_UNIT(*) SI_UNIT($,.STERADIAN.) SOLID_ANGLE_UNIT() );
#7242 = UNCERTAINTY_MEASURE_WITH_UNIT(LENGTH_MEASURE(1.E-07),#7239,
  'distance_accuracy_value','confusion accuracy');
#7243 = CONTEXT_DEPENDENT_SHAPE_REPRESENTATION(#7244,#7246);
#7244 = ( REPRESENTATION_RELATIONSHIP('','',#7225,#10) 
REPRESENTATION_RELATIONSHIP_WITH_TRANSFORMATION(#7245) 
SHAPE_REPRESENTATION_RELATIONSHIP() );
#7245 = ITEM_DEFINED_TRANSFORMATION('','',#11,#247);
#7246 = PRODUCT_DEFINITION_SHAPE('Placement','Placement of an item',
  #7247);
#7247 = NEXT_ASSEMBLY_USAGE_OCCURRENCE('59','PingPong_Ball_38','',#5,
  #7220,$);
#7248 = PRODUCT_RELATED_PRODUCT_CATEGORY('part',$,(#7222));
#7249 = SHAPE_DEFINITION_REPRESENTATION(#7250,#7256);
#7250 = PRODUCT_DEFINITION_SHAPE('','',#7251);
#7251 = PRODUCT_DEFINITION('design','',#7252,#7255);
#7252 = PRODUCT_DEFINITION_FORMATION('','',#7253);
#7253 = PRODUCT('PingPong_Ball_39','PingPong_Ball_39','',(#7254));
#7254 = PRODUCT_CONTEXT('',#2,'mechanical');
#7255 = PRODUCT_DEFINITION_CONTEXT('part definition',#2,'design');
#7256 = ADVANCED_BREP_SHAPE_REPRESENTATION('',(#11,#7257),#7269);
#7257 = MANIFOLD_SOLID_BREP('',#7258);
#7258 = CLOSED_SHELL('',(#7259));
#7259 = ADVANCED_FACE('',(#7260),#7264,.T.);
#7260 = FACE_BOUND('',#7261,.T.);
#7261 = VERTEX_LOOP('',#7262);
#7262 = VERTEX_POINT('',#7263);
#7263 = CARTESIAN_POINT('',(-57.,-38.,2.473E+03));
#7264 = SPHERICAL_SURFACE('',#7265,20.);
#7265 = AXIS2_PLACEMENT_3D('',#7266,#7267,#7268);
#7266 = CARTESIAN_POINT('',(-57.,-38.,2.493E+03));
#7267 = DIRECTION('',(0.,0.,1.));
#7268 = DIRECTION('',(1.,0.,0.));
#7269 = ( GEOMETRIC_REPRESENTATION_CONTEXT(3) 
GLOBAL_UNCERTAINTY_ASSIGNED_CONTEXT((#7273)) 
GLOBAL_UNIT_ASSIGNED_CONTEXT((#7270,#7271,#7272)) REPRESENTATION_CONTEXT
('Context #1','3D Context with UNIT and UNCERTAINTY') );
#7270 = ( LENGTH_UNIT() NAMED_UNIT(*) SI_UNIT(.MILLI.,.METRE.) );
#7271 = ( NAMED_UNIT(*) PLANE_ANGLE_UNIT() SI_UNIT($,.RADIAN.) );
#7272 = ( NAMED_UNIT(*) SI_UNIT($,.STERADIAN.) SOLID_ANGLE_UNIT() );
#7273 = UNCERTAINTY_MEASURE_WITH_UNIT(LENGTH_MEASURE(1.E-07),#7270,
  'distance_accuracy_value','confusion accuracy');
#7274 = CONTEXT_DEPENDENT_SHAPE_REPRESENTATION(#7275,#7277);
#7275 = ( REPRESENTATION_RELATIONSHIP('','',#7256,#10) 
REPRESENTATION_RELATIONSHIP_WITH_TRANSFORMATION(#7276) 
SHAPE_REPRESENTATION_RELATIONSHIP() );
#7276 = ITEM_DEFINED_TRANSFORMATION('','',#11,#251);
#7277 = PRODUCT_DEFINITION_SHAPE('Placement','Placement of an item',
  #7278);
#7278 = NEXT_ASSEMBLY_USAGE_OCCURRENCE('60','PingPong_Ball_39','',#5,
  #7251,$);
#7279 = PRODUCT_RELATED_PRODUCT_CATEGORY('part',$,(#7253));
#7280 = SHAPE_DEFINITION_REPRESENTATION(#7281,#7287);
#7281 = PRODUCT_DEFINITION_SHAPE('','',#7282);
#7282 = PRODUCT_DEFINITION('design','',#7283,#7286);
#7283 = PRODUCT_DEFINITION_FORMATION('','',#7284);
#7284 = PRODUCT('PingPong_Ball_40','PingPong_Ball_40','',(#7285));
#7285 = PRODUCT_CONTEXT('',#2,'mechanical');
#7286 = PRODUCT_DEFINITION_CONTEXT('part definition',#2,'design');
#7287 = ADVANCED_BREP_SHAPE_REPRESENTATION('',(#11,#7288),#7300);
#7288 = MANIFOLD_SOLID_BREP('',#7289);
#7289 = CLOSED_SHELL('',(#7290));
#7290 = ADVANCED_FACE('',(#7291),#7295,.T.);
#7291 = FACE_BOUND('',#7292,.T.);
#7292 = VERTEX_LOOP('',#7293);
#7293 = VERTEX_POINT('',#7294);
#7294 = CARTESIAN_POINT('',(-19.,-38.,2.473E+03));
#7295 = SPHERICAL_SURFACE('',#7296,20.);
#7296 = AXIS2_PLACEMENT_3D('',#7297,#7298,#7299);
#7297 = CARTESIAN_POINT('',(-19.,-38.,2.493E+03));
#7298 = DIRECTION('',(0.,0.,1.));
#7299 = DIRECTION('',(1.,0.,0.));
#7300 = ( GEOMETRIC_REPRESENTATION_CONTEXT(3) 
GLOBAL_UNCERTAINTY_ASSIGNED_CONTEXT((#7304)) 
GLOBAL_UNIT_ASSIGNED_CONTEXT((#7301,#7302,#7303)) REPRESENTATION_CONTEXT
('Context #1','3D Context with UNIT and UNCERTAINTY') );
#7301 = ( LENGTH_UNIT() NAMED_UNIT(*) SI_UNIT(.MILLI.,.METRE.) );
#7302 = ( NAMED_UNIT(*) PLANE_ANGLE_UNIT() SI_UNIT($,.RADIAN.) );
#7303 = ( NAMED_UNIT(*) SI_UNIT($,.STERADIAN.) SOLID_ANGLE_UNIT() );
#7304 = UNCERTAINTY_MEASURE_WITH_UNIT(LENGTH_MEASURE(1.E-07),#7301,
  'distance_accuracy_value','confusion accuracy');
#7305 = CONTEXT_DEPENDENT_SHAPE_REPRESENTATION(#7306,#7308);
#7306 = ( REPRESENTATION_RELATIONSHIP('','',#7287,#10) 
REPRESENTATION_RELATIONSHIP_WITH_TRANSFORMATION(#7307) 
SHAPE_REPRESENTATION_RELATIONSHIP() );
#7307 = ITEM_DEFINED_TRANSFORMATION('','',#11,#255);
#7308 = PRODUCT_DEFINITION_SHAPE('Placement','Placement of an item',
  #7309);
#7309 = NEXT_ASSEMBLY_USAGE_OCCURRENCE('61','PingPong_Ball_40','',#5,
  #7282,$);
#7310 = PRODUCT_RELATED_PRODUCT_CATEGORY('part',$,(#7284));
#7311 = SHAPE_DEFINITION_REPRESENTATION(#7312,#7318);
#7312 = PRODUCT_DEFINITION_SHAPE('','',#7313);
#7313 = PRODUCT_DEFINITION('design','',#7314,#7317);
#7314 = PRODUCT_DEFINITION_FORMATION('','',#7315);
#7315 = PRODUCT('PingPong_Ball_41','PingPong_Ball_41','',(#7316));
#7316 = PRODUCT_CONTEXT('',#2,'mechanical');
#7317 = PRODUCT_DEFINITION_CONTEXT('part definition',#2,'design');
#7318 = ADVANCED_BREP_SHAPE_REPRESENTATION('',(#11,#7319),#7331);
#7319 = MANIFOLD_SOLID_BREP('',#7320);
#7320 = CLOSED_SHELL('',(#7321));
#7321 = ADVANCED_FACE('',(#7322),#7326,.T.);
#7322 = FACE_BOUND('',#7323,.T.);
#7323 = VERTEX_LOOP('',#7324);
#7324 = VERTEX_POINT('',#7325);
#7325 = CARTESIAN_POINT('',(19.,-38.,2.473E+03));
#7326 = SPHERICAL_SURFACE('',#7327,20.);
#7327 = AXIS2_PLACEMENT_3D('',#7328,#7329,#7330);
#7328 = CARTESIAN_POINT('',(19.,-38.,2.493E+03));
#7329 = DIRECTION('',(0.,0.,1.));
#7330 = DIRECTION('',(1.,0.,0.));
#7331 = ( GEOMETRIC_REPRESENTATION_CONTEXT(3) 
GLOBAL_UNCERTAINTY_ASSIGNED_CONTEXT((#7335)) 
GLOBAL_UNIT_ASSIGNED_CONTEXT((#7332,#7333,#7334)) REPRESENTATION_CONTEXT
('Context #1','3D Context with UNIT and UNCERTAINTY') );
#7332 = ( LENGTH_UNIT() NAMED_UNIT(*) SI_UNIT(.MILLI.,.METRE.) );
#7333 = ( NAMED_UNIT(*) PLANE_ANGLE_UNIT() SI_UNIT($,.RADIAN.) );
#7334 = ( NAMED_UNIT(*) SI_UNIT($,.STERADIAN.) SOLID_ANGLE_UNIT() );
#7335 = UNCERTAINTY_MEASURE_WITH_UNIT(LENGTH_MEASURE(1.E-07),#7332,
  'distance_accuracy_value','confusion accuracy');
#7336 = CONTEXT_DEPENDENT_SHAPE_REPRESENTATION(#7337,#7339);
#7337 = ( REPRESENTATION_RELATIONSHIP('','',#7318,#10) 
REPRESENTATION_RELATIONSHIP_WITH_TRANSFORMATION(#7338) 
SHAPE_REPRESENTATION_RELATIONSHIP() );
#7338 = ITEM_DEFINED_TRANSFORMATION('','',#11,#259);
#7339 = PRODUCT_DEFINITION_SHAPE('Placement','Placement of an item',
  #7340);
#7340 = NEXT_ASSEMBLY_USAGE_OCCURRENCE('62','PingPong_Ball_41','',#5,
  #7313,$);
#7341 = PRODUCT_RELATED_PRODUCT_CATEGORY('part',$,(#7315));
#7342 = SHAPE_DEFINITION_REPRESENTATION(#7343,#7349);
#7343 = PRODUCT_DEFINITION_SHAPE('','',#7344);
#7344 = PRODUCT_DEFINITION('design','',#7345,#7348);
#7345 = PRODUCT_DEFINITION_FORMATION('','',#7346);
#7346 = PRODUCT('PingPong_Ball_42','PingPong_Ball_42','',(#7347));
#7347 = PRODUCT_CONTEXT('',#2,'mechanical');
#7348 = PRODUCT_DEFINITION_CONTEXT('part definition',#2,'design');
#7349 = ADVANCED_BREP_SHAPE_REPRESENTATION('',(#11,#7350),#7362);
#7350 = MANIFOLD_SOLID_BREP('',#7351);
#7351 = CLOSED_SHELL('',(#7352));
#7352 = ADVANCED_FACE('',(#7353),#7357,.T.);
#7353 = FACE_BOUND('',#7354,.T.);
#7354 = VERTEX_LOOP('',#7355);
#7355 = VERTEX_POINT('',#7356);
#7356 = CARTESIAN_POINT('',(57.,-38.,2.473E+03));
#7357 = SPHERICAL_SURFACE('',#7358,20.);
#7358 = AXIS2_PLACEMENT_3D('',#7359,#7360,#7361);
#7359 = CARTESIAN_POINT('',(57.,-38.,2.493E+03));
#7360 = DIRECTION('',(0.,0.,1.));
#7361 = DIRECTION('',(1.,0.,0.));
#7362 = ( GEOMETRIC_REPRESENTATION_CONTEXT(3) 
GLOBAL_UNCERTAINTY_ASSIGNED_CONTEXT((#7366)) 
GLOBAL_UNIT_ASSIGNED_CONTEXT((#7363,#7364,#7365)) REPRESENTATION_CONTEXT
('Context #1','3D Context with UNIT and UNCERTAINTY') );
#7363 = ( LENGTH_UNIT() NAMED_UNIT(*) SI_UNIT(.MILLI.,.METRE.) );
#7364 = ( NAMED_UNIT(*) PLANE_ANGLE_UNIT() SI_UNIT($,.RADIAN.) );
#7365 = ( NAMED_UNIT(*) SI_UNIT($,.STERADIAN.) SOLID_ANGLE_UNIT() );
#7366 = UNCERTAINTY_MEASURE_WITH_UNIT(LENGTH_MEASURE(1.E-07),#7363,
  'distance_accuracy_value','confusion accuracy');
#7367 = CONTEXT_DEPENDENT_SHAPE_REPRESENTATION(#7368,#7370);
#7368 = ( REPRESENTATION_RELATIONSHIP('','',#7349,#10) 
REPRESENTATION_RELATIONSHIP_WITH_TRANSFORMATION(#7369) 
SHAPE_REPRESENTATION_RELATIONSHIP() );
#7369 = ITEM_DEFINED_TRANSFORMATION('','',#11,#263);
#7370 = PRODUCT_DEFINITION_SHAPE('Placement','Placement of an item',
  #7371);
#7371 = NEXT_ASSEMBLY_USAGE_OCCURRENCE('63','PingPong_Ball_42','',#5,
  #7344,$);
#7372 = PRODUCT_RELATED_PRODUCT_CATEGORY('part',$,(#7346));
#7373 = SHAPE_DEFINITION_REPRESENTATION(#7374,#7380);
#7374 = PRODUCT_DEFINITION_SHAPE('','',#7375);
#7375 = PRODUCT_DEFINITION('design','',#7376,#7379);
#7376 = PRODUCT_DEFINITION_FORMATION('','',#7377);
#7377 = PRODUCT('PingPong_Ball_43','PingPong_Ball_43','',(#7378));
#7378 = PRODUCT_CONTEXT('',#2,'mechanical');
#7379 = PRODUCT_DEFINITION_CONTEXT('part definition',#2,'design');
#7380 = ADVANCED_BREP_SHAPE_REPRESENTATION('',(#11,#7381),#7393);
#7381 = MANIFOLD_SOLID_BREP('',#7382);
#7382 = CLOSED_SHELL('',(#7383));
#7383 = ADVANCED_FACE('',(#7384),#7388,.T.);
#7384 = FACE_BOUND('',#7385,.T.);
#7385 = VERTEX_LOOP('',#7386);
#7386 = VERTEX_POINT('',#7387);
#7387 = CARTESIAN_POINT('',(-76.,-2.999519565324E-31,2.473E+03));
#7388 = SPHERICAL_SURFACE('',#7389,20.);
#7389 = AXIS2_PLACEMENT_3D('',#7390,#7391,#7392);
#7390 = CARTESIAN_POINT('',(-76.,0.,2.493E+03));
#7391 = DIRECTION('',(0.,0.,1.));
#7392 = DIRECTION('',(1.,0.,0.));
#7393 = ( GEOMETRIC_REPRESENTATION_CONTEXT(3) 
GLOBAL_UNCERTAINTY_ASSIGNED_CONTEXT((#7397)) 
GLOBAL_UNIT_ASSIGNED_CONTEXT((#7394,#7395,#7396)) REPRESENTATION_CONTEXT
('Context #1','3D Context with UNIT and UNCERTAINTY') );
#7394 = ( LENGTH_UNIT() NAMED_UNIT(*) SI_UNIT(.MILLI.,.METRE.) );
#7395 = ( NAMED_UNIT(*) PLANE_ANGLE_UNIT() SI_UNIT($,.RADIAN.) );
#7396 = ( NAMED_UNIT(*) SI_UNIT($,.STERADIAN.) SOLID_ANGLE_UNIT() );
#7397 = UNCERTAINTY_MEASURE_WITH_UNIT(LENGTH_MEASURE(1.E-07),#7394,
  'distance_accuracy_value','confusion accuracy');
#7398 = CONTEXT_DEPENDENT_SHAPE_REPRESENTATION(#7399,#7401);
#7399 = ( REPRESENTATION_RELATIONSHIP('','',#7380,#10) 
REPRESENTATION_RELATIONSHIP_WITH_TRANSFORMATION(#7400) 
SHAPE_REPRESENTATION_RELATIONSHIP() );
#7400 = ITEM_DEFINED_TRANSFORMATION('','',#11,#267);
#7401 = PRODUCT_DEFINITION_SHAPE('Placement','Placement of an item',
  #7402);
#7402 = NEXT_ASSEMBLY_USAGE_OCCURRENCE('64','PingPong_Ball_43','',#5,
  #7375,$);
#7403 = PRODUCT_RELATED_PRODUCT_CATEGORY('part',$,(#7377));
#7404 = SHAPE_DEFINITION_REPRESENTATION(#7405,#7411);
#7405 = PRODUCT_DEFINITION_SHAPE('','',#7406);
#7406 = PRODUCT_DEFINITION('design','',#7407,#7410);
#7407 = PRODUCT_DEFINITION_FORMATION('','',#7408);
#7408 = PRODUCT('PingPong_Ball_44','PingPong_Ball_44','',(#7409));
#7409 = PRODUCT_CONTEXT('',#2,'mechanical');
#7410 = PRODUCT_DEFINITION_CONTEXT('part definition',#2,'design');
#7411 = ADVANCED_BREP_SHAPE_REPRESENTATION('',(#11,#7412),#7424);
#7412 = MANIFOLD_SOLID_BREP('',#7413);
#7413 = CLOSED_SHELL('',(#7414));
#7414 = ADVANCED_FACE('',(#7415),#7419,.T.);
#7415 = FACE_BOUND('',#7416,.T.);
#7416 = VERTEX_LOOP('',#7417);
#7417 = VERTEX_POINT('',#7418);
#7418 = CARTESIAN_POINT('',(-38.,-2.999519565324E-31,2.473E+03));
#7419 = SPHERICAL_SURFACE('',#7420,20.);
#7420 = AXIS2_PLACEMENT_3D('',#7421,#7422,#7423);
#7421 = CARTESIAN_POINT('',(-38.,0.,2.493E+03));
#7422 = DIRECTION('',(0.,0.,1.));
#7423 = DIRECTION('',(1.,0.,0.));
#7424 = ( GEOMETRIC_REPRESENTATION_CONTEXT(3) 
GLOBAL_UNCERTAINTY_ASSIGNED_CONTEXT((#7428)) 
GLOBAL_UNIT_ASSIGNED_CONTEXT((#7425,#7426,#7427)) REPRESENTATION_CONTEXT
('Context #1','3D Context with UNIT and UNCERTAINTY') );
#7425 = ( LENGTH_UNIT() NAMED_UNIT(*) SI_UNIT(.MILLI.,.METRE.) );
#7426 = ( NAMED_UNIT(*) PLANE_ANGLE_UNIT() SI_UNIT($,.RADIAN.) );
#7427 = ( NAMED_UNIT(*) SI_UNIT($,.STERADIAN.) SOLID_ANGLE_UNIT() );
#7428 = UNCERTAINTY_MEASURE_WITH_UNIT(LENGTH_MEASURE(1.E-07),#7425,
  'distance_accuracy_value','confusion accuracy');
#7429 = CONTEXT_DEPENDENT_SHAPE_REPRESENTATION(#7430,#7432);
#7430 = ( REPRESENTATION_RELATIONSHIP('','',#7411,#10) 
REPRESENTATION_RELATIONSHIP_WITH_TRANSFORMATION(#7431) 
SHAPE_REPRESENTATION_RELATIONSHIP() );
#7431 = ITEM_DEFINED_TRANSFORMATION('','',#11,#271);
#7432 = PRODUCT_DEFINITION_SHAPE('Placement','Placement of an item',
  #7433);
#7433 = NEXT_ASSEMBLY_USAGE_OCCURRENCE('65','PingPong_Ball_44','',#5,
  #7406,$);
#7434 = PRODUCT_RELATED_PRODUCT_CATEGORY('part',$,(#7408));
#7435 = SHAPE_DEFINITION_REPRESENTATION(#7436,#7442);
#7436 = PRODUCT_DEFINITION_SHAPE('','',#7437);
#7437 = PRODUCT_DEFINITION('design','',#7438,#7441);
#7438 = PRODUCT_DEFINITION_FORMATION('','',#7439);
#7439 = PRODUCT('PingPong_Ball_45','PingPong_Ball_45','',(#7440));
#7440 = PRODUCT_CONTEXT('',#2,'mechanical');
#7441 = PRODUCT_DEFINITION_CONTEXT('part definition',#2,'design');
#7442 = ADVANCED_BREP_SHAPE_REPRESENTATION('',(#11,#7443),#7455);
#7443 = MANIFOLD_SOLID_BREP('',#7444);
#7444 = CLOSED_SHELL('',(#7445));
#7445 = ADVANCED_FACE('',(#7446),#7450,.T.);
#7446 = FACE_BOUND('',#7447,.T.);
#7447 = VERTEX_LOOP('',#7448);
#7448 = VERTEX_POINT('',#7449);
#7449 = CARTESIAN_POINT('',(1.224646799147E-15,-2.999519565324E-31,
    2.473E+03));
#7450 = SPHERICAL_SURFACE('',#7451,20.);
#7451 = AXIS2_PLACEMENT_3D('',#7452,#7453,#7454);
#7452 = CARTESIAN_POINT('',(0.,0.,2.493E+03));
#7453 = DIRECTION('',(0.,0.,1.));
#7454 = DIRECTION('',(1.,0.,0.));
#7455 = ( GEOMETRIC_REPRESENTATION_CONTEXT(3) 
GLOBAL_UNCERTAINTY_ASSIGNED_CONTEXT((#7459)) 
GLOBAL_UNIT_ASSIGNED_CONTEXT((#7456,#7457,#7458)) REPRESENTATION_CONTEXT
('Context #1','3D Context with UNIT and UNCERTAINTY') );
#7456 = ( LENGTH_UNIT() NAMED_UNIT(*) SI_UNIT(.MILLI.,.METRE.) );
#7457 = ( NAMED_UNIT(*) PLANE_ANGLE_UNIT() SI_UNIT($,.RADIAN.) );
#7458 = ( NAMED_UNIT(*) SI_UNIT($,.STERADIAN.) SOLID_ANGLE_UNIT() );
#7459 = UNCERTAINTY_MEASURE_WITH_UNIT(LENGTH_MEASURE(1.E-07),#7456,
  'distance_accuracy_value','confusion accuracy');
#7460 = CONTEXT_DEPENDENT_SHAPE_REPRESENTATION(#7461,#7463);
#7461 = ( REPRESENTATION_RELATIONSHIP('','',#7442,#10) 
REPRESENTATION_RELATIONSHIP_WITH_TRANSFORMATION(#7462) 
SHAPE_REPRESENTATION_RELATIONSHIP() );
#7462 = ITEM_DEFINED_TRANSFORMATION('','',#11,#275);
#7463 = PRODUCT_DEFINITION_SHAPE('Placement','Placement of an item',
  #7464);
#7464 = NEXT_ASSEMBLY_USAGE_OCCURRENCE('66','PingPong_Ball_45','',#5,
  #7437,$);
#7465 = PRODUCT_RELATED_PRODUCT_CATEGORY('part',$,(#7439));
#7466 = SHAPE_DEFINITION_REPRESENTATION(#7467,#7473);
#7467 = PRODUCT_DEFINITION_SHAPE('','',#7468);
#7468 = PRODUCT_DEFINITION('design','',#7469,#7472);
#7469 = PRODUCT_DEFINITION_FORMATION('','',#7470);
#7470 = PRODUCT('PingPong_Ball_46','PingPong_Ball_46','',(#7471));
#7471 = PRODUCT_CONTEXT('',#2,'mechanical');
#7472 = PRODUCT_DEFINITION_CONTEXT('part definition',#2,'design');
#7473 = ADVANCED_BREP_SHAPE_REPRESENTATION('',(#11,#7474),#7486);
#7474 = MANIFOLD_SOLID_BREP('',#7475);
#7475 = CLOSED_SHELL('',(#7476));
#7476 = ADVANCED_FACE('',(#7477),#7481,.T.);
#7477 = FACE_BOUND('',#7478,.T.);
#7478 = VERTEX_LOOP('',#7479);
#7479 = VERTEX_POINT('',#7480);
#7480 = CARTESIAN_POINT('',(38.,-2.999519565324E-31,2.473E+03));
#7481 = SPHERICAL_SURFACE('',#7482,20.);
#7482 = AXIS2_PLACEMENT_3D('',#7483,#7484,#7485);
#7483 = CARTESIAN_POINT('',(38.,0.,2.493E+03));
#7484 = DIRECTION('',(0.,0.,1.));
#7485 = DIRECTION('',(1.,0.,0.));
#7486 = ( GEOMETRIC_REPRESENTATION_CONTEXT(3) 
GLOBAL_UNCERTAINTY_ASSIGNED_CONTEXT((#7490)) 
GLOBAL_UNIT_ASSIGNED_CONTEXT((#7487,#7488,#7489)) REPRESENTATION_CONTEXT
('Context #1','3D Context with UNIT and UNCERTAINTY') );
#7487 = ( LENGTH_UNIT() NAMED_UNIT(*) SI_UNIT(.MILLI.,.METRE.) );
#7488 = ( NAMED_UNIT(*) PLANE_ANGLE_UNIT() SI_UNIT($,.RADIAN.) );
#7489 = ( NAMED_UNIT(*) SI_UNIT($,.STERADIAN.) SOLID_ANGLE_UNIT() );
#7490 = UNCERTAINTY_MEASURE_WITH_UNIT(LENGTH_MEASURE(1.E-07),#7487,
  'distance_accuracy_value','confusion accuracy');
#7491 = CONTEXT_DEPENDENT_SHAPE_REPRESENTATION(#7492,#7494);
#7492 = ( REPRESENTATION_RELATIONSHIP('','',#7473,#10) 
REPRESENTATION_RELATIONSHIP_WITH_TRANSFORMATION(#7493) 
SHAPE_REPRESENTATION_RELATIONSHIP() );
#7493 = ITEM_DEFINED_TRANSFORMATION('','',#11,#279);
#7494 = PRODUCT_DEFINITION_SHAPE('Placement','Placement of an item',
  #7495);
#7495 = NEXT_ASSEMBLY_USAGE_OCCURRENCE('67','PingPong_Ball_46','',#5,
  #7468,$);
#7496 = PRODUCT_RELATED_PRODUCT_CATEGORY('part',$,(#7470));
#7497 = SHAPE_DEFINITION_REPRESENTATION(#7498,#7504);
#7498 = PRODUCT_DEFINITION_SHAPE('','',#7499);
#7499 = PRODUCT_DEFINITION('design','',#7500,#7503);
#7500 = PRODUCT_DEFINITION_FORMATION('','',#7501);
#7501 = PRODUCT('PingPong_Ball_47','PingPong_Ball_47','',(#7502));
#7502 = PRODUCT_CONTEXT('',#2,'mechanical');
#7503 = PRODUCT_DEFINITION_CONTEXT('part definition',#2,'design');
#7504 = ADVANCED_BREP_SHAPE_REPRESENTATION('',(#11,#7505),#7517);
#7505 = MANIFOLD_SOLID_BREP('',#7506);
#7506 = CLOSED_SHELL('',(#7507));
#7507 = ADVANCED_FACE('',(#7508),#7512,.T.);
#7508 = FACE_BOUND('',#7509,.T.);
#7509 = VERTEX_LOOP('',#7510);
#7510 = VERTEX_POINT('',#7511);
#7511 = CARTESIAN_POINT('',(76.,-2.999519565324E-31,2.473E+03));
#7512 = SPHERICAL_SURFACE('',#7513,20.);
#7513 = AXIS2_PLACEMENT_3D('',#7514,#7515,#7516);
#7514 = CARTESIAN_POINT('',(76.,0.,2.493E+03));
#7515 = DIRECTION('',(0.,0.,1.));
#7516 = DIRECTION('',(1.,0.,0.));
#7517 = ( GEOMETRIC_REPRESENTATION_CONTEXT(3) 
GLOBAL_UNCERTAINTY_ASSIGNED_CONTEXT((#7521)) 
GLOBAL_UNIT_ASSIGNED_CONTEXT((#7518,#7519,#7520)) REPRESENTATION_CONTEXT
('Context #1','3D Context with UNIT and UNCERTAINTY') );
#7518 = ( LENGTH_UNIT() NAMED_UNIT(*) SI_UNIT(.MILLI.,.METRE.) );
#7519 = ( NAMED_UNIT(*) PLANE_ANGLE_UNIT() SI_UNIT($,.RADIAN.) );
#7520 = ( NAMED_UNIT(*) SI_UNIT($,.STERADIAN.) SOLID_ANGLE_UNIT() );
#7521 = UNCERTAINTY_MEASURE_WITH_UNIT(LENGTH_MEASURE(1.E-07),#7518,
  'distance_accuracy_value','confusion accuracy');
#7522 = CONTEXT_DEPENDENT_SHAPE_REPRESENTATION(#7523,#7525);
#7523 = ( REPRESENTATION_RELATIONSHIP('','',#7504,#10) 
REPRESENTATION_RELATIONSHIP_WITH_TRANSFORMATION(#7524) 
SHAPE_REPRESENTATION_RELATIONSHIP() );
#7524 = ITEM_DEFINED_TRANSFORMATION('','',#11,#283);
#7525 = PRODUCT_DEFINITION_SHAPE('Placement','Placement of an item',
  #7526);
#7526 = NEXT_ASSEMBLY_USAGE_OCCURRENCE('68','PingPong_Ball_47','',#5,
  #7499,$);
#7527 = PRODUCT_RELATED_PRODUCT_CATEGORY('part',$,(#7501));
#7528 = SHAPE_DEFINITION_REPRESENTATION(#7529,#7535);
#7529 = PRODUCT_DEFINITION_SHAPE('','',#7530);
#7530 = PRODUCT_DEFINITION('design','',#7531,#7534);
#7531 = PRODUCT_DEFINITION_FORMATION('','',#7532);
#7532 = PRODUCT('PingPong_Ball_48','PingPong_Ball_48','',(#7533));
#7533 = PRODUCT_CONTEXT('',#2,'mechanical');
#7534 = PRODUCT_DEFINITION_CONTEXT('part definition',#2,'design');
#7535 = ADVANCED_BREP_SHAPE_REPRESENTATION('',(#11,#7536),#7548);
#7536 = MANIFOLD_SOLID_BREP('',#7537);
#7537 = CLOSED_SHELL('',(#7538));
#7538 = ADVANCED_FACE('',(#7539),#7543,.T.);
#7539 = FACE_BOUND('',#7540,.T.);
#7540 = VERTEX_LOOP('',#7541);
#7541 = VERTEX_POINT('',#7542);
#7542 = CARTESIAN_POINT('',(-57.,38.,2.473E+03));
#7543 = SPHERICAL_SURFACE('',#7544,20.);
#7544 = AXIS2_PLACEMENT_3D('',#7545,#7546,#7547);
#7545 = CARTESIAN_POINT('',(-57.,38.,2.493E+03));
#7546 = DIRECTION('',(0.,0.,1.));
#7547 = DIRECTION('',(1.,0.,0.));
#7548 = ( GEOMETRIC_REPRESENTATION_CONTEXT(3) 
GLOBAL_UNCERTAINTY_ASSIGNED_CONTEXT((#7552)) 
GLOBAL_UNIT_ASSIGNED_CONTEXT((#7549,#7550,#7551)) REPRESENTATION_CONTEXT
('Context #1','3D Context with UNIT and UNCERTAINTY') );
#7549 = ( LENGTH_UNIT() NAMED_UNIT(*) SI_UNIT(.MILLI.,.METRE.) );
#7550 = ( NAMED_UNIT(*) PLANE_ANGLE_UNIT() SI_UNIT($,.RADIAN.) );
#7551 = ( NAMED_UNIT(*) SI_UNIT($,.STERADIAN.) SOLID_ANGLE_UNIT() );
#7552 = UNCERTAINTY_MEASURE_WITH_UNIT(LENGTH_MEASURE(1.E-07),#7549,
  'distance_accuracy_value','confusion accuracy');
#7553 = CONTEXT_DEPENDENT_SHAPE_REPRESENTATION(#7554,#7556);
#7554 = ( REPRESENTATION_RELATIONSHIP('','',#7535,#10) 
REPRESENTATION_RELATIONSHIP_WITH_TRANSFORMATION(#7555) 
SHAPE_REPRESENTATION_RELATIONSHIP() );
#7555 = ITEM_DEFINED_TRANSFORMATION('','',#11,#287);
#7556 = PRODUCT_DEFINITION_SHAPE('Placement','Placement of an item',
  #7557);
#7557 = NEXT_ASSEMBLY_USAGE_OCCURRENCE('69','PingPong_Ball_48','',#5,
  #7530,$);
#7558 = PRODUCT_RELATED_PRODUCT_CATEGORY('part',$,(#7532));
#7559 = SHAPE_DEFINITION_REPRESENTATION(#7560,#7566);
#7560 = PRODUCT_DEFINITION_SHAPE('','',#7561);
#7561 = PRODUCT_DEFINITION('design','',#7562,#7565);
#7562 = PRODUCT_DEFINITION_FORMATION('','',#7563);
#7563 = PRODUCT('PingPong_Ball_49','PingPong_Ball_49','',(#7564));
#7564 = PRODUCT_CONTEXT('',#2,'mechanical');
#7565 = PRODUCT_DEFINITION_CONTEXT('part definition',#2,'design');
#7566 = ADVANCED_BREP_SHAPE_REPRESENTATION('',(#11,#7567),#7579);
#7567 = MANIFOLD_SOLID_BREP('',#7568);
#7568 = CLOSED_SHELL('',(#7569));
#7569 = ADVANCED_FACE('',(#7570),#7574,.T.);
#7570 = FACE_BOUND('',#7571,.T.);
#7571 = VERTEX_LOOP('',#7572);
#7572 = VERTEX_POINT('',#7573);
#7573 = CARTESIAN_POINT('',(-19.,38.,2.473E+03));
#7574 = SPHERICAL_SURFACE('',#7575,20.);
#7575 = AXIS2_PLACEMENT_3D('',#7576,#7577,#7578);
#7576 = CARTESIAN_POINT('',(-19.,38.,2.493E+03));
#7577 = DIRECTION('',(0.,0.,1.));
#7578 = DIRECTION('',(1.,0.,0.));
#7579 = ( GEOMETRIC_REPRESENTATION_CONTEXT(3) 
GLOBAL_UNCERTAINTY_ASSIGNED_CONTEXT((#7583)) 
GLOBAL_UNIT_ASSIGNED_CONTEXT((#7580,#7581,#7582)) REPRESENTATION_CONTEXT
('Context #1','3D Context with UNIT and UNCERTAINTY') );
#7580 = ( LENGTH_UNIT() NAMED_UNIT(*) SI_UNIT(.MILLI.,.METRE.) );
#7581 = ( NAMED_UNIT(*) PLANE_ANGLE_UNIT() SI_UNIT($,.RADIAN.) );
#7582 = ( NAMED_UNIT(*) SI_UNIT($,.STERADIAN.) SOLID_ANGLE_UNIT() );
#7583 = UNCERTAINTY_MEASURE_WITH_UNIT(LENGTH_MEASURE(1.E-07),#7580,
  'distance_accuracy_value','confusion accuracy');
#7584 = CONTEXT_DEPENDENT_SHAPE_REPRESENTATION(#7585,#7587);
#7585 = ( REPRESENTATION_RELATIONSHIP('','',#7566,#10) 
REPRESENTATION_RELATIONSHIP_WITH_TRANSFORMATION(#7586) 
SHAPE_REPRESENTATION_RELATIONSHIP() );
#7586 = ITEM_DEFINED_TRANSFORMATION('','',#11,#291);
#7587 = PRODUCT_DEFINITION_SHAPE('Placement','Placement of an item',
  #7588);
#7588 = NEXT_ASSEMBLY_USAGE_OCCURRENCE('70','PingPong_Ball_49','',#5,
  #7561,$);
#7589 = PRODUCT_RELATED_PRODUCT_CATEGORY('part',$,(#7563));
#7590 = SHAPE_DEFINITION_REPRESENTATION(#7591,#7597);
#7591 = PRODUCT_DEFINITION_SHAPE('','',#7592);
#7592 = PRODUCT_DEFINITION('design','',#7593,#7596);
#7593 = PRODUCT_DEFINITION_FORMATION('','',#7594);
#7594 = PRODUCT('PingPong_Ball_50','PingPong_Ball_50','',(#7595));
#7595 = PRODUCT_CONTEXT('',#2,'mechanical');
#7596 = PRODUCT_DEFINITION_CONTEXT('part definition',#2,'design');
#7597 = ADVANCED_BREP_SHAPE_REPRESENTATION('',(#11,#7598),#7610);
#7598 = MANIFOLD_SOLID_BREP('',#7599);
#7599 = CLOSED_SHELL('',(#7600));
#7600 = ADVANCED_FACE('',(#7601),#7605,.T.);
#7601 = FACE_BOUND('',#7602,.T.);
#7602 = VERTEX_LOOP('',#7603);
#7603 = VERTEX_POINT('',#7604);
#7604 = CARTESIAN_POINT('',(19.,38.,2.473E+03));
#7605 = SPHERICAL_SURFACE('',#7606,20.);
#7606 = AXIS2_PLACEMENT_3D('',#7607,#7608,#7609);
#7607 = CARTESIAN_POINT('',(19.,38.,2.493E+03));
#7608 = DIRECTION('',(0.,0.,1.));
#7609 = DIRECTION('',(1.,0.,0.));
#7610 = ( GEOMETRIC_REPRESENTATION_CONTEXT(3) 
GLOBAL_UNCERTAINTY_ASSIGNED_CONTEXT((#7614)) 
GLOBAL_UNIT_ASSIGNED_CONTEXT((#7611,#7612,#7613)) REPRESENTATION_CONTEXT
('Context #1','3D Context with UNIT and UNCERTAINTY') );
#7611 = ( LENGTH_UNIT() NAMED_UNIT(*) SI_UNIT(.MILLI.,.METRE.) );
#7612 = ( NAMED_UNIT(*) PLANE_ANGLE_UNIT() SI_UNIT($,.RADIAN.) );
#7613 = ( NAMED_UNIT(*) SI_UNIT($,.STERADIAN.) SOLID_ANGLE_UNIT() );
#7614 = UNCERTAINTY_MEASURE_WITH_UNIT(LENGTH_MEASURE(1.E-07),#7611,
  'distance_accuracy_value','confusion accuracy');
#7615 = CONTEXT_DEPENDENT_SHAPE_REPRESENTATION(#7616,#7618);
#7616 = ( REPRESENTATION_RELATIONSHIP('','',#7597,#10) 
REPRESENTATION_RELATIONSHIP_WITH_TRANSFORMATION(#7617) 
SHAPE_REPRESENTATION_RELATIONSHIP() );
#7617 = ITEM_DEFINED_TRANSFORMATION('','',#11,#295);
#7618 = PRODUCT_DEFINITION_SHAPE('Placement','Placement of an item',
  #7619);
#7619 = NEXT_ASSEMBLY_USAGE_OCCURRENCE('71','PingPong_Ball_50','',#5,
  #7592,$);
#7620 = PRODUCT_RELATED_PRODUCT_CATEGORY('part',$,(#7594));
#7621 = SHAPE_DEFINITION_REPRESENTATION(#7622,#7628);
#7622 = PRODUCT_DEFINITION_SHAPE('','',#7623);
#7623 = PRODUCT_DEFINITION('design','',#7624,#7627);
#7624 = PRODUCT_DEFINITION_FORMATION('','',#7625);
#7625 = PRODUCT('Feeder_Neck','Feeder_Neck','',(#7626));
#7626 = PRODUCT_CONTEXT('',#2,'mechanical');
#7627 = PRODUCT_DEFINITION_CONTEXT('part definition',#2,'design');
#7628 = ADVANCED_BREP_SHAPE_REPRESENTATION('',(#11,#7629),#7727);
#7629 = MANIFOLD_SOLID_BREP('',#7630);
#7630 = CLOSED_SHELL('',(#7631,#7719,#7723));
#7631 = ADVANCED_FACE('',(#7632),#7645,.T.);
#7632 = FACE_BOUND('',#7633,.T.);
#7633 = EDGE_LOOP('',(#7634,#7668,#7691,#7718));
#7634 = ORIENTED_EDGE('',*,*,#7635,.F.);
#7635 = EDGE_CURVE('',#7636,#7636,#7638,.T.);
#7636 = VERTEX_POINT('',#7637);
#7637 = CARTESIAN_POINT('',(43.,-1.053196247267E-14,2.36E+03));
#7638 = SURFACE_CURVE('',#7639,(#7644,#7656),.PCURVE_S1.);
#7639 = CIRCLE('',#7640,43.);
#7640 = AXIS2_PLACEMENT_3D('',#7641,#7642,#7643);
#7641 = CARTESIAN_POINT('',(0.,0.,2.36E+03));
#7642 = DIRECTION('',(0.,0.,1.));
#7643 = DIRECTION('',(1.,0.,0.));
#7644 = PCURVE('',#7645,#7650);
#7645 = CYLINDRICAL_SURFACE('',#7646,43.);
#7646 = AXIS2_PLACEMENT_3D('',#7647,#7648,#7649);
#7647 = CARTESIAN_POINT('',(0.,0.,2.285E+03));
#7648 = DIRECTION('',(0.,0.,1.));
#7649 = DIRECTION('',(1.,0.,0.));
#7650 = DEFINITIONAL_REPRESENTATION('',(#7651),#7655);
#7651 = LINE('',#7652,#7653);
#7652 = CARTESIAN_POINT('',(0.,75.));
#7653 = VECTOR('',#7654,1.);
#7654 = DIRECTION('',(1.,0.));
#7655 = ( GEOMETRIC_REPRESENTATION_CONTEXT(2) 
PARAMETRIC_REPRESENTATION_CONTEXT() REPRESENTATION_CONTEXT('2D SPACE',''
  ) );
#7656 = PCURVE('',#7657,#7662);
#7657 = PLANE('',#7658);
#7658 = AXIS2_PLACEMENT_3D('',#7659,#7660,#7661);
#7659 = CARTESIAN_POINT('',(0.,0.,2.36E+03));
#7660 = DIRECTION('',(0.,0.,1.));
#7661 = DIRECTION('',(1.,0.,0.));
#7662 = DEFINITIONAL_REPRESENTATION('',(#7663),#7667);
#7663 = CIRCLE('',#7664,43.);
#7664 = AXIS2_PLACEMENT_2D('',#7665,#7666);
#7665 = CARTESIAN_POINT('',(0.,0.));
#7666 = DIRECTION('',(1.,0.));
#7667 = ( GEOMETRIC_REPRESENTATION_CONTEXT(2) 
PARAMETRIC_REPRESENTATION_CONTEXT() REPRESENTATION_CONTEXT('2D SPACE',''
  ) );
#7668 = ORIENTED_EDGE('',*,*,#7669,.F.);
#7669 = EDGE_CURVE('',#7670,#7636,#7672,.T.);
#7670 = VERTEX_POINT('',#7671);
#7671 = CARTESIAN_POINT('',(43.,-1.053196247267E-14,2.285E+03));
#7672 = SEAM_CURVE('',#7673,(#7677,#7684),.PCURVE_S1.);
#7673 = LINE('',#7674,#7675);
#7674 = CARTESIAN_POINT('',(43.,-1.053196247267E-14,2.285E+03));
#7675 = VECTOR('',#7676,1.);
#7676 = DIRECTION('',(0.,0.,1.));
#7677 = PCURVE('',#7645,#7678);
#7678 = DEFINITIONAL_REPRESENTATION('',(#7679),#7683);
#7679 = LINE('',#7680,#7681);
#7680 = CARTESIAN_POINT('',(6.28318530718,-0.));
#7681 = VECTOR('',#7682,1.);
#7682 = DIRECTION('',(0.,1.));
#7683 = ( GEOMETRIC_REPRESENTATION_CONTEXT(2) 
PARAMETRIC_REPRESENTATION_CONTEXT() REPRESENTATION_CONTEXT('2D SPACE',''
  ) );
#7684 = PCURVE('',#7645,#7685);
#7685 = DEFINITIONAL_REPRESENTATION('',(#7686),#7690);
#7686 = LINE('',#7687,#7688);
#7687 = CARTESIAN_POINT('',(0.,-0.));
#7688 = VECTOR('',#7689,1.);
#7689 = DIRECTION('',(0.,1.));
#7690 = ( GEOMETRIC_REPRESENTATION_CONTEXT(2) 
PARAMETRIC_REPRESENTATION_CONTEXT() REPRESENTATION_CONTEXT('2D SPACE',''
  ) );
#7691 = ORIENTED_EDGE('',*,*,#7692,.T.);
#7692 = EDGE_CURVE('',#7670,#7670,#7693,.T.);
#7693 = SURFACE_CURVE('',#7694,(#7699,#7706),.PCURVE_S1.);
#7694 = CIRCLE('',#7695,43.);
#7695 = AXIS2_PLACEMENT_3D('',#7696,#7697,#7698);
#7696 = CARTESIAN_POINT('',(0.,0.,2.285E+03));
#7697 = DIRECTION('',(0.,0.,1.));
#7698 = DIRECTION('',(1.,0.,0.));
#7699 = PCURVE('',#7645,#7700);
#7700 = DEFINITIONAL_REPRESENTATION('',(#7701),#7705);
#7701 = LINE('',#7702,#7703);
#7702 = CARTESIAN_POINT('',(0.,0.));
#7703 = VECTOR('',#7704,1.);
#7704 = DIRECTION('',(1.,0.));
#7705 = ( GEOMETRIC_REPRESENTATION_CONTEXT(2) 
PARAMETRIC_REPRESENTATION_CONTEXT() REPRESENTATION_CONTEXT('2D SPACE',''
  ) );
#7706 = PCURVE('',#7707,#7712);
#7707 = PLANE('',#7708);
#7708 = AXIS2_PLACEMENT_3D('',#7709,#7710,#7711);
#7709 = CARTESIAN_POINT('',(0.,0.,2.285E+03));
#7710 = DIRECTION('',(0.,0.,1.));
#7711 = DIRECTION('',(1.,0.,0.));
#7712 = DEFINITIONAL_REPRESENTATION('',(#7713),#7717);
#7713 = CIRCLE('',#7714,43.);
#7714 = AXIS2_PLACEMENT_2D('',#7715,#7716);
#7715 = CARTESIAN_POINT('',(0.,0.));
#7716 = DIRECTION('',(1.,0.));
#7717 = ( GEOMETRIC_REPRESENTATION_CONTEXT(2) 
PARAMETRIC_REPRESENTATION_CONTEXT() REPRESENTATION_CONTEXT('2D SPACE',''
  ) );
#7718 = ORIENTED_EDGE('',*,*,#7669,.T.);
#7719 = ADVANCED_FACE('',(#7720),#7657,.T.);
#7720 = FACE_BOUND('',#7721,.T.);
#7721 = EDGE_LOOP('',(#7722));
#7722 = ORIENTED_EDGE('',*,*,#7635,.T.);
#7723 = ADVANCED_FACE('',(#7724),#7707,.F.);
#7724 = FACE_BOUND('',#7725,.T.);
#7725 = EDGE_LOOP('',(#7726));
#7726 = ORIENTED_EDGE('',*,*,#7692,.F.);
#7727 = ( GEOMETRIC_REPRESENTATION_CONTEXT(3) 
GLOBAL_UNCERTAINTY_ASSIGNED_CONTEXT((#7731)) 
GLOBAL_UNIT_ASSIGNED_CONTEXT((#7728,#7729,#7730)) REPRESENTATION_CONTEXT
('Context #1','3D Context with UNIT and UNCERTAINTY') );
#7728 = ( LENGTH_UNIT() NAMED_UNIT(*) SI_UNIT(.MILLI.,.METRE.) );
#7729 = ( NAMED_UNIT(*) PLANE_ANGLE_UNIT() SI_UNIT($,.RADIAN.) );
#7730 = ( NAMED_UNIT(*) SI_UNIT($,.STERADIAN.) SOLID_ANGLE_UNIT() );
#7731 = UNCERTAINTY_MEASURE_WITH_UNIT(LENGTH_MEASURE(1.E-07),#7728,
  'distance_accuracy_value','confusion accuracy');
#7732 = CONTEXT_DEPENDENT_SHAPE_REPRESENTATION(#7733,#7735);
#7733 = ( REPRESENTATION_RELATIONSHIP('','',#7628,#10) 
REPRESENTATION_RELATIONSHIP_WITH_TRANSFORMATION(#7734) 
SHAPE_REPRESENTATION_RELATIONSHIP() );
#7734 = ITEM_DEFINED_TRANSFORMATION('','',#11,#299);
#7735 = PRODUCT_DEFINITION_SHAPE('Placement','Placement of an item',
  #7736);
#7736 = NEXT_ASSEMBLY_USAGE_OCCURRENCE('72','Feeder_Neck','',#5,#7623,$
  );
#7737 = PRODUCT_RELATED_PRODUCT_CATEGORY('part',$,(#7625));
#7738 = SHAPE_DEFINITION_REPRESENTATION(#7739,#7745);
#7739 = PRODUCT_DEFINITION_SHAPE('','',#7740);
#7740 = PRODUCT_DEFINITION('design','',#7741,#7744);
#7741 = PRODUCT_DEFINITION_FORMATION('','',#7742);
#7742 = PRODUCT('Ball_Stopper','Ball_Stopper','',(#7743));
#7743 = PRODUCT_CONTEXT('',#2,'mechanical');
#7744 = PRODUCT_DEFINITION_CONTEXT('part definition',#2,'design');
#7745 = ADVANCED_BREP_SHAPE_REPRESENTATION('',(#11,#7746),#8076);
#7746 = MANIFOLD_SOLID_BREP('',#7747);
#7747 = CLOSED_SHELL('',(#7748,#7868,#7968,#8015,#8062,#8069));
#7748 = ADVANCED_FACE('',(#7749),#7763,.F.);
#7749 = FACE_BOUND('',#7750,.F.);
#7750 = EDGE_LOOP('',(#7751,#7786,#7814,#7842));
#7751 = ORIENTED_EDGE('',*,*,#7752,.F.);
#7752 = EDGE_CURVE('',#7753,#7755,#7757,.T.);
#7753 = VERTEX_POINT('',#7754);
#7754 = CARTESIAN_POINT('',(-55.,-9.,2.334E+03));
#7755 = VERTEX_POINT('',#7756);
#7756 = CARTESIAN_POINT('',(-55.,-9.,2.346E+03));
#7757 = SURFACE_CURVE('',#7758,(#7762,#7774),.PCURVE_S1.);
#7758 = LINE('',#7759,#7760);
#7759 = CARTESIAN_POINT('',(-55.,-9.,2.334E+03));
#7760 = VECTOR('',#7761,1.);
#7761 = DIRECTION('',(0.,0.,1.));
#7762 = PCURVE('',#7763,#7768);
#7763 = PLANE('',#7764);
#7764 = AXIS2_PLACEMENT_3D('',#7765,#7766,#7767);
#7765 = CARTESIAN_POINT('',(-55.,-9.,2.334E+03));
#7766 = DIRECTION('',(1.,0.,0.));
#7767 = DIRECTION('',(0.,0.,1.));
#7768 = DEFINITIONAL_REPRESENTATION('',(#7769),#7773);
#7769 = LINE('',#7770,#7771);
#7770 = CARTESIAN_POINT('',(0.,0.));
#7771 = VECTOR('',#7772,1.);
#7772 = DIRECTION('',(1.,0.));
#7773 = ( GEOMETRIC_REPRESENTATION_CONTEXT(2) 
PARAMETRIC_REPRESENTATION_CONTEXT() REPRESENTATION_CONTEXT('2D SPACE',''
  ) );
#7774 = PCURVE('',#7775,#7780);
#7775 = PLANE('',#7776);
#7776 = AXIS2_PLACEMENT_3D('',#7777,#7778,#7779);
#7777 = CARTESIAN_POINT('',(-55.,-9.,2.334E+03));
#7778 = DIRECTION('',(0.,1.,0.));
#7779 = DIRECTION('',(0.,0.,1.));
#7780 = DEFINITIONAL_REPRESENTATION('',(#7781),#7785);
#7781 = LINE('',#7782,#7783);
#7782 = CARTESIAN_POINT('',(0.,0.));
#7783 = VECTOR('',#7784,1.);
#7784 = DIRECTION('',(1.,0.));
#7785 = ( GEOMETRIC_REPRESENTATION_CONTEXT(2) 
PARAMETRIC_REPRESENTATION_CONTEXT() REPRESENTATION_CONTEXT('2D SPACE',''
  ) );
#7786 = ORIENTED_EDGE('',*,*,#7787,.T.);
#7787 = EDGE_CURVE('',#7753,#7788,#7790,.T.);
#7788 = VERTEX_POINT('',#7789);
#7789 = CARTESIAN_POINT('',(-55.,9.,2.334E+03));
#7790 = SURFACE_CURVE('',#7791,(#7795,#7802),.PCURVE_S1.);
#7791 = LINE('',#7792,#7793);
#7792 = CARTESIAN_POINT('',(-55.,-9.,2.334E+03));
#7793 = VECTOR('',#7794,1.);
#7794 = DIRECTION('',(0.,1.,0.));
#7795 = PCURVE('',#7763,#7796);
#7796 = DEFINITIONAL_REPRESENTATION('',(#7797),#7801);
#7797 = LINE('',#7798,#7799);
#7798 = CARTESIAN_POINT('',(0.,0.));
#7799 = VECTOR('',#7800,1.);
#7800 = DIRECTION('',(0.,-1.));
#7801 = ( GEOMETRIC_REPRESENTATION_CONTEXT(2) 
PARAMETRIC_REPRESENTATION_CONTEXT() REPRESENTATION_CONTEXT('2D SPACE',''
  ) );
#7802 = PCURVE('',#7803,#7808);
#7803 = PLANE('',#7804);
#7804 = AXIS2_PLACEMENT_3D('',#7805,#7806,#7807);
#7805 = CARTESIAN_POINT('',(-55.,-9.,2.334E+03));
#7806 = DIRECTION('',(0.,0.,1.));
#7807 = DIRECTION('',(1.,0.,0.));
#7808 = DEFINITIONAL_REPRESENTATION('',(#7809),#7813);
#7809 = LINE('',#7810,#7811);
#7810 = CARTESIAN_POINT('',(0.,0.));
#7811 = VECTOR('',#7812,1.);
#7812 = DIRECTION('',(0.,1.));
#7813 = ( GEOMETRIC_REPRESENTATION_CONTEXT(2) 
PARAMETRIC_REPRESENTATION_CONTEXT() REPRESENTATION_CONTEXT('2D SPACE',''
  ) );
#7814 = ORIENTED_EDGE('',*,*,#7815,.T.);
#7815 = EDGE_CURVE('',#7788,#7816,#7818,.T.);
#7816 = VERTEX_POINT('',#7817);
#7817 = CARTESIAN_POINT('',(-55.,9.,2.346E+03));
#7818 = SURFACE_CURVE('',#7819,(#7823,#7830),.PCURVE_S1.);
#7819 = LINE('',#7820,#7821);
#7820 = CARTESIAN_POINT('',(-55.,9.,2.334E+03));
#7821 = VECTOR('',#7822,1.);
#7822 = DIRECTION('',(0.,0.,1.));
#7823 = PCURVE('',#7763,#7824);
#7824 = DEFINITIONAL_REPRESENTATION('',(#7825),#7829);
#7825 = LINE('',#7826,#7827);
#7826 = CARTESIAN_POINT('',(0.,-18.));
#7827 = VECTOR('',#7828,1.);
#7828 = DIRECTION('',(1.,0.));
#7829 = ( GEOMETRIC_REPRESENTATION_CONTEXT(2) 
PARAMETRIC_REPRESENTATION_CONTEXT() REPRESENTATION_CONTEXT('2D SPACE',''
  ) );
#7830 = PCURVE('',#7831,#7836);
#7831 = PLANE('',#7832);
#7832 = AXIS2_PLACEMENT_3D('',#7833,#7834,#7835);
#7833 = CARTESIAN_POINT('',(-55.,9.,2.334E+03));
#7834 = DIRECTION('',(0.,1.,0.));
#7835 = DIRECTION('',(0.,0.,1.));
#7836 = DEFINITIONAL_REPRESENTATION('',(#7837),#7841);
#7837 = LINE('',#7838,#7839);
#7838 = CARTESIAN_POINT('',(0.,0.));
#7839 = VECTOR('',#7840,1.);
#7840 = DIRECTION('',(1.,0.));
#7841 = ( GEOMETRIC_REPRESENTATION_CONTEXT(2) 
PARAMETRIC_REPRESENTATION_CONTEXT() REPRESENTATION_CONTEXT('2D SPACE',''
  ) );
#7842 = ORIENTED_EDGE('',*,*,#7843,.F.);
#7843 = EDGE_CURVE('',#7755,#7816,#7844,.T.);
#7844 = SURFACE_CURVE('',#7845,(#7849,#7856),.PCURVE_S1.);
#7845 = LINE('',#7846,#7847);
#7846 = CARTESIAN_POINT('',(-55.,-9.,2.346E+03));
#7847 = VECTOR('',#7848,1.);
#7848 = DIRECTION('',(0.,1.,0.));
#7849 = PCURVE('',#7763,#7850);
#7850 = DEFINITIONAL_REPRESENTATION('',(#7851),#7855);
#7851 = LINE('',#7852,#7853);
#7852 = CARTESIAN_POINT('',(12.,0.));
#7853 = VECTOR('',#7854,1.);
#7854 = DIRECTION('',(0.,-1.));
#7855 = ( GEOMETRIC_REPRESENTATION_CONTEXT(2) 
PARAMETRIC_REPRESENTATION_CONTEXT() REPRESENTATION_CONTEXT('2D SPACE',''
  ) );
#7856 = PCURVE('',#7857,#7862);
#7857 = PLANE('',#7858);
#7858 = AXIS2_PLACEMENT_3D('',#7859,#7860,#7861);
#7859 = CARTESIAN_POINT('',(-55.,-9.,2.346E+03));
#7860 = DIRECTION('',(0.,0.,1.));
#7861 = DIRECTION('',(1.,0.,0.));
#7862 = DEFINITIONAL_REPRESENTATION('',(#7863),#7867);
#7863 = LINE('',#7864,#7865);
#7864 = CARTESIAN_POINT('',(0.,0.));
#7865 = VECTOR('',#7866,1.);
#7866 = DIRECTION('',(0.,1.));
#7867 = ( GEOMETRIC_REPRESENTATION_CONTEXT(2) 
PARAMETRIC_REPRESENTATION_CONTEXT() REPRESENTATION_CONTEXT('2D SPACE',''
  ) );
#7868 = ADVANCED_FACE('',(#7869),#7883,.T.);
#7869 = FACE_BOUND('',#7870,.T.);
#7870 = EDGE_LOOP('',(#7871,#7901,#7924,#7947));
#7871 = ORIENTED_EDGE('',*,*,#7872,.F.);
#7872 = EDGE_CURVE('',#7873,#7875,#7877,.T.);
#7873 = VERTEX_POINT('',#7874);
#7874 = CARTESIAN_POINT('',(55.,-9.,2.334E+03));
#7875 = VERTEX_POINT('',#7876);
#7876 = CARTESIAN_POINT('',(55.,-9.,2.346E+03));
#7877 = SURFACE_CURVE('',#7878,(#7882,#7894),.PCURVE_S1.);
#7878 = LINE('',#7879,#7880);
#7879 = CARTESIAN_POINT('',(55.,-9.,2.334E+03));
#7880 = VECTOR('',#7881,1.);
#7881 = DIRECTION('',(0.,0.,1.));
#7882 = PCURVE('',#7883,#7888);
#7883 = PLANE('',#7884);
#7884 = AXIS2_PLACEMENT_3D('',#7885,#7886,#7887);
#7885 = CARTESIAN_POINT('',(55.,-9.,2.334E+03));
#7886 = DIRECTION('',(1.,0.,0.));
#7887 = DIRECTION('',(0.,0.,1.));
#7888 = DEFINITIONAL_REPRESENTATION('',(#7889),#7893);
#7889 = LINE('',#7890,#7891);
#7890 = CARTESIAN_POINT('',(0.,0.));
#7891 = VECTOR('',#7892,1.);
#7892 = DIRECTION('',(1.,0.));
#7893 = ( GEOMETRIC_REPRESENTATION_CONTEXT(2) 
PARAMETRIC_REPRESENTATION_CONTEXT() REPRESENTATION_CONTEXT('2D SPACE',''
  ) );
#7894 = PCURVE('',#7775,#7895);
#7895 = DEFINITIONAL_REPRESENTATION('',(#7896),#7900);
#7896 = LINE('',#7897,#7898);
#7897 = CARTESIAN_POINT('',(0.,110.));
#7898 = VECTOR('',#7899,1.);
#7899 = DIRECTION('',(1.,0.));
#7900 = ( GEOMETRIC_REPRESENTATION_CONTEXT(2) 
PARAMETRIC_REPRESENTATION_CONTEXT() REPRESENTATION_CONTEXT('2D SPACE',''
  ) );
#7901 = ORIENTED_EDGE('',*,*,#7902,.T.);
#7902 = EDGE_CURVE('',#7873,#7903,#7905,.T.);
#7903 = VERTEX_POINT('',#7904);
#7904 = CARTESIAN_POINT('',(55.,9.,2.334E+03));
#7905 = SURFACE_CURVE('',#7906,(#7910,#7917),.PCURVE_S1.);
#7906 = LINE('',#7907,#7908);
#7907 = CARTESIAN_POINT('',(55.,-9.,2.334E+03));
#7908 = VECTOR('',#7909,1.);
#7909 = DIRECTION('',(0.,1.,0.));
#7910 = PCURVE('',#7883,#7911);
#7911 = DEFINITIONAL_REPRESENTATION('',(#7912),#7916);
#7912 = LINE('',#7913,#7914);
#7913 = CARTESIAN_POINT('',(0.,0.));
#7914 = VECTOR('',#7915,1.);
#7915 = DIRECTION('',(0.,-1.));
#7916 = ( GEOMETRIC_REPRESENTATION_CONTEXT(2) 
PARAMETRIC_REPRESENTATION_CONTEXT() REPRESENTATION_CONTEXT('2D SPACE',''
  ) );
#7917 = PCURVE('',#7803,#7918);
#7918 = DEFINITIONAL_REPRESENTATION('',(#7919),#7923);
#7919 = LINE('',#7920,#7921);
#7920 = CARTESIAN_POINT('',(110.,0.));
#7921 = VECTOR('',#7922,1.);
#7922 = DIRECTION('',(0.,1.));
#7923 = ( GEOMETRIC_REPRESENTATION_CONTEXT(2) 
PARAMETRIC_REPRESENTATION_CONTEXT() REPRESENTATION_CONTEXT('2D SPACE',''
  ) );
#7924 = ORIENTED_EDGE('',*,*,#7925,.T.);
#7925 = EDGE_CURVE('',#7903,#7926,#7928,.T.);
#7926 = VERTEX_POINT('',#7927);
#7927 = CARTESIAN_POINT('',(55.,9.,2.346E+03));
#7928 = SURFACE_CURVE('',#7929,(#7933,#7940),.PCURVE_S1.);
#7929 = LINE('',#7930,#7931);
#7930 = CARTESIAN_POINT('',(55.,9.,2.334E+03));
#7931 = VECTOR('',#7932,1.);
#7932 = DIRECTION('',(0.,0.,1.));
#7933 = PCURVE('',#7883,#7934);
#7934 = DEFINITIONAL_REPRESENTATION('',(#7935),#7939);
#7935 = LINE('',#7936,#7937);
#7936 = CARTESIAN_POINT('',(0.,-18.));
#7937 = VECTOR('',#7938,1.);
#7938 = DIRECTION('',(1.,0.));
#7939 = ( GEOMETRIC_REPRESENTATION_CONTEXT(2) 
PARAMETRIC_REPRESENTATION_CONTEXT() REPRESENTATION_CONTEXT('2D SPACE',''
  ) );
#7940 = PCURVE('',#7831,#7941);
#7941 = DEFINITIONAL_REPRESENTATION('',(#7942),#7946);
#7942 = LINE('',#7943,#7944);
#7943 = CARTESIAN_POINT('',(0.,110.));
#7944 = VECTOR('',#7945,1.);
#7945 = DIRECTION('',(1.,0.));
#7946 = ( GEOMETRIC_REPRESENTATION_CONTEXT(2) 
PARAMETRIC_REPRESENTATION_CONTEXT() REPRESENTATION_CONTEXT('2D SPACE',''
  ) );
#7947 = ORIENTED_EDGE('',*,*,#7948,.F.);
#7948 = EDGE_CURVE('',#7875,#7926,#7949,.T.);
#7949 = SURFACE_CURVE('',#7950,(#7954,#7961),.PCURVE_S1.);
#7950 = LINE('',#7951,#7952);
#7951 = CARTESIAN_POINT('',(55.,-9.,2.346E+03));
#7952 = VECTOR('',#7953,1.);
#7953 = DIRECTION('',(0.,1.,0.));
#7954 = PCURVE('',#7883,#7955);
#7955 = DEFINITIONAL_REPRESENTATION('',(#7956),#7960);
#7956 = LINE('',#7957,#7958);
#7957 = CARTESIAN_POINT('',(12.,0.));
#7958 = VECTOR('',#7959,1.);
#7959 = DIRECTION('',(0.,-1.));
#7960 = ( GEOMETRIC_REPRESENTATION_CONTEXT(2) 
PARAMETRIC_REPRESENTATION_CONTEXT() REPRESENTATION_CONTEXT('2D SPACE',''
  ) );
#7961 = PCURVE('',#7857,#7962);
#7962 = DEFINITIONAL_REPRESENTATION('',(#7963),#7967);
#7963 = LINE('',#7964,#7965);
#7964 = CARTESIAN_POINT('',(110.,0.));
#7965 = VECTOR('',#7966,1.);
#7966 = DIRECTION('',(0.,1.));
#7967 = ( GEOMETRIC_REPRESENTATION_CONTEXT(2) 
PARAMETRIC_REPRESENTATION_CONTEXT() REPRESENTATION_CONTEXT('2D SPACE',''
  ) );
#7968 = ADVANCED_FACE('',(#7969),#7775,.F.);
#7969 = FACE_BOUND('',#7970,.F.);
#7970 = EDGE_LOOP('',(#7971,#7992,#7993,#8014));
#7971 = ORIENTED_EDGE('',*,*,#7972,.F.);
#7972 = EDGE_CURVE('',#7753,#7873,#7973,.T.);
#7973 = SURFACE_CURVE('',#7974,(#7978,#7985),.PCURVE_S1.);
#7974 = LINE('',#7975,#7976);
#7975 = CARTESIAN_POINT('',(-55.,-9.,2.334E+03));
#7976 = VECTOR('',#7977,1.);
#7977 = DIRECTION('',(1.,0.,0.));
#7978 = PCURVE('',#7775,#7979);
#7979 = DEFINITIONAL_REPRESENTATION('',(#7980),#7984);
#7980 = LINE('',#7981,#7982);
#7981 = CARTESIAN_POINT('',(0.,0.));
#7982 = VECTOR('',#7983,1.);
#7983 = DIRECTION('',(0.,1.));
#7984 = ( GEOMETRIC_REPRESENTATION_CONTEXT(2) 
PARAMETRIC_REPRESENTATION_CONTEXT() REPRESENTATION_CONTEXT('2D SPACE',''
  ) );
#7985 = PCURVE('',#7803,#7986);
#7986 = DEFINITIONAL_REPRESENTATION('',(#7987),#7991);
#7987 = LINE('',#7988,#7989);
#7988 = CARTESIAN_POINT('',(0.,0.));
#7989 = VECTOR('',#7990,1.);
#7990 = DIRECTION('',(1.,0.));
#7991 = ( GEOMETRIC_REPRESENTATION_CONTEXT(2) 
PARAMETRIC_REPRESENTATION_CONTEXT() REPRESENTATION_CONTEXT('2D SPACE',''
  ) );
#7992 = ORIENTED_EDGE('',*,*,#7752,.T.);
#7993 = ORIENTED_EDGE('',*,*,#7994,.T.);
#7994 = EDGE_CURVE('',#7755,#7875,#7995,.T.);
#7995 = SURFACE_CURVE('',#7996,(#8000,#8007),.PCURVE_S1.);
#7996 = LINE('',#7997,#7998);
#7997 = CARTESIAN_POINT('',(-55.,-9.,2.346E+03));
#7998 = VECTOR('',#7999,1.);
#7999 = DIRECTION('',(1.,0.,0.));
#8000 = PCURVE('',#7775,#8001);
#8001 = DEFINITIONAL_REPRESENTATION('',(#8002),#8006);
#8002 = LINE('',#8003,#8004);
#8003 = CARTESIAN_POINT('',(12.,0.));
#8004 = VECTOR('',#8005,1.);
#8005 = DIRECTION('',(0.,1.));
#8006 = ( GEOMETRIC_REPRESENTATION_CONTEXT(2) 
PARAMETRIC_REPRESENTATION_CONTEXT() REPRESENTATION_CONTEXT('2D SPACE',''
  ) );
#8007 = PCURVE('',#7857,#8008);
#8008 = DEFINITIONAL_REPRESENTATION('',(#8009),#8013);
#8009 = LINE('',#8010,#8011);
#8010 = CARTESIAN_POINT('',(0.,0.));
#8011 = VECTOR('',#8012,1.);
#8012 = DIRECTION('',(1.,0.));
#8013 = ( GEOMETRIC_REPRESENTATION_CONTEXT(2) 
PARAMETRIC_REPRESENTATION_CONTEXT() REPRESENTATION_CONTEXT('2D SPACE',''
  ) );
#8014 = ORIENTED_EDGE('',*,*,#7872,.F.);
#8015 = ADVANCED_FACE('',(#8016),#7831,.T.);
#8016 = FACE_BOUND('',#8017,.T.);
#8017 = EDGE_LOOP('',(#8018,#8039,#8040,#8061));
#8018 = ORIENTED_EDGE('',*,*,#8019,.F.);
#8019 = EDGE_CURVE('',#7788,#7903,#8020,.T.);
#8020 = SURFACE_CURVE('',#8021,(#8025,#8032),.PCURVE_S1.);
#8021 = LINE('',#8022,#8023);
#8022 = CARTESIAN_POINT('',(-55.,9.,2.334E+03));
#8023 = VECTOR('',#8024,1.);
#8024 = DIRECTION('',(1.,0.,0.));
#8025 = PCURVE('',#7831,#8026);
#8026 = DEFINITIONAL_REPRESENTATION('',(#8027),#8031);
#8027 = LINE('',#8028,#8029);
#8028 = CARTESIAN_POINT('',(0.,0.));
#8029 = VECTOR('',#8030,1.);
#8030 = DIRECTION('',(0.,1.));
#8031 = ( GEOMETRIC_REPRESENTATION_CONTEXT(2) 
PARAMETRIC_REPRESENTATION_CONTEXT() REPRESENTATION_CONTEXT('2D SPACE',''
  ) );
#8032 = PCURVE('',#7803,#8033);
#8033 = DEFINITIONAL_REPRESENTATION('',(#8034),#8038);
#8034 = LINE('',#8035,#8036);
#8035 = CARTESIAN_POINT('',(0.,18.));
#8036 = VECTOR('',#8037,1.);
#8037 = DIRECTION('',(1.,0.));
#8038 = ( GEOMETRIC_REPRESENTATION_CONTEXT(2) 
PARAMETRIC_REPRESENTATION_CONTEXT() REPRESENTATION_CONTEXT('2D SPACE',''
  ) );
#8039 = ORIENTED_EDGE('',*,*,#7815,.T.);
#8040 = ORIENTED_EDGE('',*,*,#8041,.T.);
#8041 = EDGE_CURVE('',#7816,#7926,#8042,.T.);
#8042 = SURFACE_CURVE('',#8043,(#8047,#8054),.PCURVE_S1.);
#8043 = LINE('',#8044,#8045);
#8044 = CARTESIAN_POINT('',(-55.,9.,2.346E+03));
#8045 = VECTOR('',#8046,1.);
#8046 = DIRECTION('',(1.,0.,0.));
#8047 = PCURVE('',#7831,#8048);
#8048 = DEFINITIONAL_REPRESENTATION('',(#8049),#8053);
#8049 = LINE('',#8050,#8051);
#8050 = CARTESIAN_POINT('',(12.,0.));
#8051 = VECTOR('',#8052,1.);
#8052 = DIRECTION('',(0.,1.));
#8053 = ( GEOMETRIC_REPRESENTATION_CONTEXT(2) 
PARAMETRIC_REPRESENTATION_CONTEXT() REPRESENTATION_CONTEXT('2D SPACE',''
  ) );
#8054 = PCURVE('',#7857,#8055);
#8055 = DEFINITIONAL_REPRESENTATION('',(#8056),#8060);
#8056 = LINE('',#8057,#8058);
#8057 = CARTESIAN_POINT('',(0.,18.));
#8058 = VECTOR('',#8059,1.);
#8059 = DIRECTION('',(1.,0.));
#8060 = ( GEOMETRIC_REPRESENTATION_CONTEXT(2) 
PARAMETRIC_REPRESENTATION_CONTEXT() REPRESENTATION_CONTEXT('2D SPACE',''
  ) );
#8061 = ORIENTED_EDGE('',*,*,#7925,.F.);
#8062 = ADVANCED_FACE('',(#8063),#7803,.F.);
#8063 = FACE_BOUND('',#8064,.F.);
#8064 = EDGE_LOOP('',(#8065,#8066,#8067,#8068));
#8065 = ORIENTED_EDGE('',*,*,#7787,.F.);
#8066 = ORIENTED_EDGE('',*,*,#7972,.T.);
#8067 = ORIENTED_EDGE('',*,*,#7902,.T.);
#8068 = ORIENTED_EDGE('',*,*,#8019,.F.);
#8069 = ADVANCED_FACE('',(#8070),#7857,.T.);
#8070 = FACE_BOUND('',#8071,.T.);
#8071 = EDGE_LOOP('',(#8072,#8073,#8074,#8075));
#8072 = ORIENTED_EDGE('',*,*,#7843,.F.);
#8073 = ORIENTED_EDGE('',*,*,#7994,.T.);
#8074 = ORIENTED_EDGE('',*,*,#7948,.T.);
#8075 = ORIENTED_EDGE('',*,*,#8041,.F.);
#8076 = ( GEOMETRIC_REPRESENTATION_CONTEXT(3) 
GLOBAL_UNCERTAINTY_ASSIGNED_CONTEXT((#8080)) 
GLOBAL_UNIT_ASSIGNED_CONTEXT((#8077,#8078,#8079)) REPRESENTATION_CONTEXT
('Context #1','3D Context with UNIT and UNCERTAINTY') );
#8077 = ( LENGTH_UNIT() NAMED_UNIT(*) SI_UNIT(.MILLI.,.METRE.) );
#8078 = ( NAMED_UNIT(*) PLANE_ANGLE_UNIT() SI_UNIT($,.RADIAN.) );
#8079 = ( NAMED_UNIT(*) SI_UNIT($,.STERADIAN.) SOLID_ANGLE_UNIT() );
#8080 = UNCERTAINTY_MEASURE_WITH_UNIT(LENGTH_MEASURE(1.E-07),#8077,
  'distance_accuracy_value','confusion accuracy');
#8081 = CONTEXT_DEPENDENT_SHAPE_REPRESENTATION(#8082,#8084);
#8082 = ( REPRESENTATION_RELATIONSHIP('','',#7745,#10) 
REPRESENTATION_RELATIONSHIP_WITH_TRANSFORMATION(#8083) 
SHAPE_REPRESENTATION_RELATIONSHIP() );
#8083 = ITEM_DEFINED_TRANSFORMATION('','',#11,#303);
#8084 = PRODUCT_DEFINITION_SHAPE('Placement','Placement of an item',
  #8085);
#8085 = NEXT_ASSEMBLY_USAGE_OCCURRENCE('73','Ball_Stopper','',#5,#7740,$
  );
#8086 = PRODUCT_RELATED_PRODUCT_CATEGORY('part',$,(#7742));
#8087 = SHAPE_DEFINITION_REPRESENTATION(#8088,#8094);
#8088 = PRODUCT_DEFINITION_SHAPE('','',#8089);
#8089 = PRODUCT_DEFINITION('design','',#8090,#8093);
#8090 = PRODUCT_DEFINITION_FORMATION('','',#8091);
#8091 = PRODUCT('Stopper_Actuator','Stopper_Actuator','',(#8092));
#8092 = PRODUCT_CONTEXT('',#2,'mechanical');
#8093 = PRODUCT_DEFINITION_CONTEXT('part definition',#2,'design');
#8094 = ADVANCED_BREP_SHAPE_REPRESENTATION('',(#11,#8095),#8193);
#8095 = MANIFOLD_SOLID_BREP('',#8096);
#8096 = CLOSED_SHELL('',(#8097,#8185,#8189));
#8097 = ADVANCED_FACE('',(#8098),#8111,.T.);
#8098 = FACE_BOUND('',#8099,.T.);
#8099 = EDGE_LOOP('',(#8100,#8134,#8157,#8184));
#8100 = ORIENTED_EDGE('',*,*,#8101,.F.);
#8101 = EDGE_CURVE('',#8102,#8102,#8104,.T.);
#8102 = VERTEX_POINT('',#8103);
#8103 = CARTESIAN_POINT('',(95.,-4.898587196589E-15,2.3625E+03));
#8104 = SURFACE_CURVE('',#8105,(#8110,#8122),.PCURVE_S1.);
#8105 = CIRCLE('',#8106,20.);
#8106 = AXIS2_PLACEMENT_3D('',#8107,#8108,#8109);
#8107 = CARTESIAN_POINT('',(75.,0.,2.3625E+03));
#8108 = DIRECTION('',(0.,0.,1.));
#8109 = DIRECTION('',(1.,0.,0.));
#8110 = PCURVE('',#8111,#8116);
#8111 = CYLINDRICAL_SURFACE('',#8112,20.);
#8112 = AXIS2_PLACEMENT_3D('',#8113,#8114,#8115);
#8113 = CARTESIAN_POINT('',(75.,0.,2.3175E+03));
#8114 = DIRECTION('',(0.,0.,1.));
#8115 = DIRECTION('',(1.,0.,0.));
#8116 = DEFINITIONAL_REPRESENTATION('',(#8117),#8121);
#8117 = LINE('',#8118,#8119);
#8118 = CARTESIAN_POINT('',(0.,45.));
#8119 = VECTOR('',#8120,1.);
#8120 = DIRECTION('',(1.,0.));
#8121 = ( GEOMETRIC_REPRESENTATION_CONTEXT(2) 
PARAMETRIC_REPRESENTATION_CONTEXT() REPRESENTATION_CONTEXT('2D SPACE',''
  ) );
#8122 = PCURVE('',#8123,#8128);
#8123 = PLANE('',#8124);
#8124 = AXIS2_PLACEMENT_3D('',#8125,#8126,#8127);
#8125 = CARTESIAN_POINT('',(75.,0.,2.3625E+03));
#8126 = DIRECTION('',(0.,0.,1.));
#8127 = DIRECTION('',(1.,0.,0.));
#8128 = DEFINITIONAL_REPRESENTATION('',(#8129),#8133);
#8129 = CIRCLE('',#8130,20.);
#8130 = AXIS2_PLACEMENT_2D('',#8131,#8132);
#8131 = CARTESIAN_POINT('',(0.,0.));
#8132 = DIRECTION('',(1.,0.));
#8133 = ( GEOMETRIC_REPRESENTATION_CONTEXT(2) 
PARAMETRIC_REPRESENTATION_CONTEXT() REPRESENTATION_CONTEXT('2D SPACE',''
  ) );
#8134 = ORIENTED_EDGE('',*,*,#8135,.F.);
#8135 = EDGE_CURVE('',#8136,#8102,#8138,.T.);
#8136 = VERTEX_POINT('',#8137);
#8137 = CARTESIAN_POINT('',(95.,-4.898587196589E-15,2.3175E+03));
#8138 = SEAM_CURVE('',#8139,(#8143,#8150),.PCURVE_S1.);
#8139 = LINE('',#8140,#8141);
#8140 = CARTESIAN_POINT('',(95.,-4.898587196589E-15,2.3175E+03));
#8141 = VECTOR('',#8142,1.);
#8142 = DIRECTION('',(0.,0.,1.));
#8143 = PCURVE('',#8111,#8144);
#8144 = DEFINITIONAL_REPRESENTATION('',(#8145),#8149);
#8145 = LINE('',#8146,#8147);
#8146 = CARTESIAN_POINT('',(6.28318530718,-0.));
#8147 = VECTOR('',#8148,1.);
#8148 = DIRECTION('',(0.,1.));
#8149 = ( GEOMETRIC_REPRESENTATION_CONTEXT(2) 
PARAMETRIC_REPRESENTATION_CONTEXT() REPRESENTATION_CONTEXT('2D SPACE',''
  ) );
#8150 = PCURVE('',#8111,#8151);
#8151 = DEFINITIONAL_REPRESENTATION('',(#8152),#8156);
#8152 = LINE('',#8153,#8154);
#8153 = CARTESIAN_POINT('',(0.,-0.));
#8154 = VECTOR('',#8155,1.);
#8155 = DIRECTION('',(0.,1.));
#8156 = ( GEOMETRIC_REPRESENTATION_CONTEXT(2) 
PARAMETRIC_REPRESENTATION_CONTEXT() REPRESENTATION_CONTEXT('2D SPACE',''
  ) );
#8157 = ORIENTED_EDGE('',*,*,#8158,.T.);
#8158 = EDGE_CURVE('',#8136,#8136,#8159,.T.);
#8159 = SURFACE_CURVE('',#8160,(#8165,#8172),.PCURVE_S1.);
#8160 = CIRCLE('',#8161,20.);
#8161 = AXIS2_PLACEMENT_3D('',#8162,#8163,#8164);
#8162 = CARTESIAN_POINT('',(75.,0.,2.3175E+03));
#8163 = DIRECTION('',(0.,0.,1.));
#8164 = DIRECTION('',(1.,0.,0.));
#8165 = PCURVE('',#8111,#8166);
#8166 = DEFINITIONAL_REPRESENTATION('',(#8167),#8171);
#8167 = LINE('',#8168,#8169);
#8168 = CARTESIAN_POINT('',(0.,0.));
#8169 = VECTOR('',#8170,1.);
#8170 = DIRECTION('',(1.,0.));
#8171 = ( GEOMETRIC_REPRESENTATION_CONTEXT(2) 
PARAMETRIC_REPRESENTATION_CONTEXT() REPRESENTATION_CONTEXT('2D SPACE',''
  ) );
#8172 = PCURVE('',#8173,#8178);
#8173 = PLANE('',#8174);
#8174 = AXIS2_PLACEMENT_3D('',#8175,#8176,#8177);
#8175 = CARTESIAN_POINT('',(75.,0.,2.3175E+03));
#8176 = DIRECTION('',(0.,0.,1.));
#8177 = DIRECTION('',(1.,0.,0.));
#8178 = DEFINITIONAL_REPRESENTATION('',(#8179),#8183);
#8179 = CIRCLE('',#8180,20.);
#8180 = AXIS2_PLACEMENT_2D('',#8181,#8182);
#8181 = CARTESIAN_POINT('',(0.,0.));
#8182 = DIRECTION('',(1.,0.));
#8183 = ( GEOMETRIC_REPRESENTATION_CONTEXT(2) 
PARAMETRIC_REPRESENTATION_CONTEXT() REPRESENTATION_CONTEXT('2D SPACE',''
  ) );
#8184 = ORIENTED_EDGE('',*,*,#8135,.T.);
#8185 = ADVANCED_FACE('',(#8186),#8123,.T.);
#8186 = FACE_BOUND('',#8187,.T.);
#8187 = EDGE_LOOP('',(#8188));
#8188 = ORIENTED_EDGE('',*,*,#8101,.T.);
#8189 = ADVANCED_FACE('',(#8190),#8173,.F.);
#8190 = FACE_BOUND('',#8191,.T.);
#8191 = EDGE_LOOP('',(#8192));
#8192 = ORIENTED_EDGE('',*,*,#8158,.F.);
#8193 = ( GEOMETRIC_REPRESENTATION_CONTEXT(3) 
GLOBAL_UNCERTAINTY_ASSIGNED_CONTEXT((#8197)) 
GLOBAL_UNIT_ASSIGNED_CONTEXT((#8194,#8195,#8196)) REPRESENTATION_CONTEXT
('Context #1','3D Context with UNIT and UNCERTAINTY') );
#8194 = ( LENGTH_UNIT() NAMED_UNIT(*) SI_UNIT(.MILLI.,.METRE.) );
#8195 = ( NAMED_UNIT(*) PLANE_ANGLE_UNIT() SI_UNIT($,.RADIAN.) );
#8196 = ( NAMED_UNIT(*) SI_UNIT($,.STERADIAN.) SOLID_ANGLE_UNIT() );
#8197 = UNCERTAINTY_MEASURE_WITH_UNIT(LENGTH_MEASURE(1.E-07),#8194,
  'distance_accuracy_value','confusion accuracy');
#8198 = CONTEXT_DEPENDENT_SHAPE_REPRESENTATION(#8199,#8201);
#8199 = ( REPRESENTATION_RELATIONSHIP('','',#8094,#10) 
REPRESENTATION_RELATIONSHIP_WITH_TRANSFORMATION(#8200) 
SHAPE_REPRESENTATION_RELATIONSHIP() );
#8200 = ITEM_DEFINED_TRANSFORMATION('','',#11,#307);
#8201 = PRODUCT_DEFINITION_SHAPE('Placement','Placement of an item',
  #8202);
#8202 = NEXT_ASSEMBLY_USAGE_OCCURRENCE('74','Stopper_Actuator','',#5,
  #8089,$);
#8203 = PRODUCT_RELATED_PRODUCT_CATEGORY('part',$,(#8091));
#8204 = SHAPE_DEFINITION_REPRESENTATION(#8205,#8211);
#8205 = PRODUCT_DEFINITION_SHAPE('','',#8206);
#8206 = PRODUCT_DEFINITION('design','',#8207,#8210);
#8207 = PRODUCT_DEFINITION_FORMATION('','',#8208);
#8208 = PRODUCT('Flexible_Pipe_1','Flexible_Pipe_1','',(#8209));
#8209 = PRODUCT_CONTEXT('',#2,'mechanical');
#8210 = PRODUCT_DEFINITION_CONTEXT('part definition',#2,'design');
#8211 = ADVANCED_BREP_SHAPE_REPRESENTATION('',(#11,#8212),#8310);
#8212 = MANIFOLD_SOLID_BREP('',#8213);
#8213 = CLOSED_SHELL('',(#8214,#8302,#8306));
#8214 = ADVANCED_FACE('',(#8215),#8228,.T.);
#8215 = FACE_BOUND('',#8216,.T.);
#8216 = EDGE_LOOP('',(#8217,#8251,#8274,#8301));
#8217 = ORIENTED_EDGE('',*,*,#8218,.F.);
#8218 = EDGE_CURVE('',#8219,#8219,#8221,.T.);
#8219 = VERTEX_POINT('',#8220);
#8220 = CARTESIAN_POINT('',(18.164125723814,-6.613092715396E-15,
    2.214119364163E+03));
#8221 = SURFACE_CURVE('',#8222,(#8227,#8239),.PCURVE_S1.);
#8222 = CIRCLE('',#8223,27.);
#8223 = AXIS2_PLACEMENT_3D('',#8224,#8225,#8226);
#8224 = CARTESIAN_POINT('',(40.,0.,2.23E+03));
#8225 = DIRECTION('',(0.588171697675,0.,-0.808736084303));
#8226 = DIRECTION('',(-0.808736084303,0.,-0.588171697675));
#8227 = PCURVE('',#8228,#8233);
#8228 = CYLINDRICAL_SURFACE('',#8229,27.);
#8229 = AXIS2_PLACEMENT_3D('',#8230,#8231,#8232);
#8230 = CARTESIAN_POINT('',(3.552713678801E-15,0.,2.285E+03));
#8231 = DIRECTION('',(0.588171697675,0.,-0.808736084303));
#8232 = DIRECTION('',(-0.808736084303,0.,-0.588171697675));
#8233 = DEFINITIONAL_REPRESENTATION('',(#8234),#8238);
#8234 = LINE('',#8235,#8236);
#8235 = CARTESIAN_POINT('',(0.,68.007352543677));
#8236 = VECTOR('',#8237,1.);
#8237 = DIRECTION('',(1.,0.));
#8238 = ( GEOMETRIC_REPRESENTATION_CONTEXT(2) 
PARAMETRIC_REPRESENTATION_CONTEXT() REPRESENTATION_CONTEXT('2D SPACE',''
  ) );
#8239 = PCURVE('',#8240,#8245);
#8240 = PLANE('',#8241);
#8241 = AXIS2_PLACEMENT_3D('',#8242,#8243,#8244);
#8242 = CARTESIAN_POINT('',(40.,0.,2.23E+03));
#8243 = DIRECTION('',(0.588171697675,0.,-0.808736084303));
#8244 = DIRECTION('',(-0.808736084303,0.,-0.588171697675));
#8245 = DEFINITIONAL_REPRESENTATION('',(#8246),#8250);
#8246 = CIRCLE('',#8247,27.);
#8247 = AXIS2_PLACEMENT_2D('',#8248,#8249);
#8248 = CARTESIAN_POINT('',(0.,0.));
#8249 = DIRECTION('',(1.,0.));
#8250 = ( GEOMETRIC_REPRESENTATION_CONTEXT(2) 
PARAMETRIC_REPRESENTATION_CONTEXT() REPRESENTATION_CONTEXT('2D SPACE',''
  ) );
#8251 = ORIENTED_EDGE('',*,*,#8252,.F.);
#8252 = EDGE_CURVE('',#8253,#8219,#8255,.T.);
#8253 = VERTEX_POINT('',#8254);
#8254 = CARTESIAN_POINT('',(-21.83587427618,-6.613092715396E-15,
    2.269119364163E+03));
#8255 = SEAM_CURVE('',#8256,(#8260,#8267),.PCURVE_S1.);
#8256 = LINE('',#8257,#8258);
#8257 = CARTESIAN_POINT('',(-21.83587427618,-6.613092715396E-15,
    2.269119364163E+03));
#8258 = VECTOR('',#8259,1.);
#8259 = DIRECTION('',(0.588171697675,0.,-0.808736084303));
#8260 = PCURVE('',#8228,#8261);
#8261 = DEFINITIONAL_REPRESENTATION('',(#8262),#8266);
#8262 = LINE('',#8263,#8264);
#8263 = CARTESIAN_POINT('',(6.28318530718,-0.));
#8264 = VECTOR('',#8265,1.);
#8265 = DIRECTION('',(0.,1.));
#8266 = ( GEOMETRIC_REPRESENTATION_CONTEXT(2) 
PARAMETRIC_REPRESENTATION_CONTEXT() REPRESENTATION_CONTEXT('2D SPACE',''
  ) );
#8267 = PCURVE('',#8228,#8268);
#8268 = DEFINITIONAL_REPRESENTATION('',(#8269),#8273);
#8269 = LINE('',#8270,#8271);
#8270 = CARTESIAN_POINT('',(0.,-0.));
#8271 = VECTOR('',#8272,1.);
#8272 = DIRECTION('',(0.,1.));
#8273 = ( GEOMETRIC_REPRESENTATION_CONTEXT(2) 
PARAMETRIC_REPRESENTATION_CONTEXT() REPRESENTATION_CONTEXT('2D SPACE',''
  ) );
#8274 = ORIENTED_EDGE('',*,*,#8275,.T.);
#8275 = EDGE_CURVE('',#8253,#8253,#8276,.T.);
#8276 = SURFACE_CURVE('',#8277,(#8282,#8289),.PCURVE_S1.);
#8277 = CIRCLE('',#8278,27.);
#8278 = AXIS2_PLACEMENT_3D('',#8279,#8280,#8281);
#8279 = CARTESIAN_POINT('',(3.552713678801E-15,0.,2.285E+03));
#8280 = DIRECTION('',(0.588171697675,0.,-0.808736084303));
#8281 = DIRECTION('',(-0.808736084303,0.,-0.588171697675));
#8282 = PCURVE('',#8228,#8283);
#8283 = DEFINITIONAL_REPRESENTATION('',(#8284),#8288);
#8284 = LINE('',#8285,#8286);
#8285 = CARTESIAN_POINT('',(0.,0.));
#8286 = VECTOR('',#8287,1.);
#8287 = DIRECTION('',(1.,0.));
#8288 = ( GEOMETRIC_REPRESENTATION_CONTEXT(2) 
PARAMETRIC_REPRESENTATION_CONTEXT() REPRESENTATION_CONTEXT('2D SPACE',''
  ) );
#8289 = PCURVE('',#8290,#8295);
#8290 = PLANE('',#8291);
#8291 = AXIS2_PLACEMENT_3D('',#8292,#8293,#8294);
#8292 = CARTESIAN_POINT('',(3.552713678801E-15,0.,2.285E+03));
#8293 = DIRECTION('',(0.588171697675,0.,-0.808736084303));
#8294 = DIRECTION('',(-0.808736084303,0.,-0.588171697675));
#8295 = DEFINITIONAL_REPRESENTATION('',(#8296),#8300);
#8296 = CIRCLE('',#8297,27.);
#8297 = AXIS2_PLACEMENT_2D('',#8298,#8299);
#8298 = CARTESIAN_POINT('',(0.,0.));
#8299 = DIRECTION('',(1.,0.));
#8300 = ( GEOMETRIC_REPRESENTATION_CONTEXT(2) 
PARAMETRIC_REPRESENTATION_CONTEXT() REPRESENTATION_CONTEXT('2D SPACE',''
  ) );
#8301 = ORIENTED_EDGE('',*,*,#8252,.T.);
#8302 = ADVANCED_FACE('',(#8303),#8240,.T.);
#8303 = FACE_BOUND('',#8304,.T.);
#8304 = EDGE_LOOP('',(#8305));
#8305 = ORIENTED_EDGE('',*,*,#8218,.T.);
#8306 = ADVANCED_FACE('',(#8307),#8290,.F.);
#8307 = FACE_BOUND('',#8308,.T.);
#8308 = EDGE_LOOP('',(#8309));
#8309 = ORIENTED_EDGE('',*,*,#8275,.F.);
#8310 = ( GEOMETRIC_REPRESENTATION_CONTEXT(3) 
GLOBAL_UNCERTAINTY_ASSIGNED_CONTEXT((#8314)) 
GLOBAL_UNIT_ASSIGNED_CONTEXT((#8311,#8312,#8313)) REPRESENTATION_CONTEXT
('Context #1','3D Context with UNIT and UNCERTAINTY') );
#8311 = ( LENGTH_UNIT() NAMED_UNIT(*) SI_UNIT(.MILLI.,.METRE.) );
#8312 = ( NAMED_UNIT(*) PLANE_ANGLE_UNIT() SI_UNIT($,.RADIAN.) );
#8313 = ( NAMED_UNIT(*) SI_UNIT($,.STERADIAN.) SOLID_ANGLE_UNIT() );
#8314 = UNCERTAINTY_MEASURE_WITH_UNIT(LENGTH_MEASURE(1.E-07),#8311,
  'distance_accuracy_value','confusion accuracy');
#8315 = CONTEXT_DEPENDENT_SHAPE_REPRESENTATION(#8316,#8318);
#8316 = ( REPRESENTATION_RELATIONSHIP('','',#8211,#10) 
REPRESENTATION_RELATIONSHIP_WITH_TRANSFORMATION(#8317) 
SHAPE_REPRESENTATION_RELATIONSHIP() );
#8317 = ITEM_DEFINED_TRANSFORMATION('','',#11,#311);
#8318 = PRODUCT_DEFINITION_SHAPE('Placement','Placement of an item',
  #8319);
#8319 = NEXT_ASSEMBLY_USAGE_OCCURRENCE('75','Flexible_Pipe_1','',#5,
  #8206,$);
#8320 = PRODUCT_RELATED_PRODUCT_CATEGORY('part',$,(#8208));
#8321 = SHAPE_DEFINITION_REPRESENTATION(#8322,#8328);
#8322 = PRODUCT_DEFINITION_SHAPE('','',#8323);
#8323 = PRODUCT_DEFINITION('design','',#8324,#8327);
#8324 = PRODUCT_DEFINITION_FORMATION('','',#8325);
#8325 = PRODUCT('Flexible_Pipe_2','Flexible_Pipe_2','',(#8326));
#8326 = PRODUCT_CONTEXT('',#2,'mechanical');
#8327 = PRODUCT_DEFINITION_CONTEXT('part definition',#2,'design');
#8328 = ADVANCED_BREP_SHAPE_REPRESENTATION('',(#11,#8329),#8427);
#8329 = MANIFOLD_SOLID_BREP('',#8330);
#8330 = CLOSED_SHELL('',(#8331,#8419,#8423));
#8331 = ADVANCED_FACE('',(#8332),#8345,.T.);
#8332 = FACE_BOUND('',#8333,.T.);
#8333 = EDGE_LOOP('',(#8334,#8368,#8391,#8418));
#8334 = ORIENTED_EDGE('',*,*,#8335,.F.);
#8335 = EDGE_CURVE('',#8336,#8336,#8338,.T.);
#8336 = VERTEX_POINT('',#8337);
#8337 = CARTESIAN_POINT('',(80.504361710785,-6.613092715396E-15,
    2.172221139831E+03));
#8338 = SURFACE_CURVE('',#8339,(#8344,#8356),.PCURVE_S1.);
#8339 = CIRCLE('',#8340,27.);
#8340 = AXIS2_PLACEMENT_3D('',#8341,#8342,#8343);
#8341 = CARTESIAN_POINT('',(95.,0.,2.195E+03));
#8342 = DIRECTION('',(0.843661487732,0.,-0.536875492193));
#8343 = DIRECTION('',(-0.536875492193,0.,-0.843661487732));
#8344 = PCURVE('',#8345,#8350);
#8345 = CYLINDRICAL_SURFACE('',#8346,27.);
#8346 = AXIS2_PLACEMENT_3D('',#8347,#8348,#8349);
#8347 = CARTESIAN_POINT('',(40.,0.,2.23E+03));
#8348 = DIRECTION('',(0.843661487732,0.,-0.536875492193));
#8349 = DIRECTION('',(-0.536875492193,0.,-0.843661487732));
#8350 = DEFINITIONAL_REPRESENTATION('',(#8351),#8355);
#8351 = LINE('',#8352,#8353);
#8352 = CARTESIAN_POINT('',(0.,65.192024052026));
#8353 = VECTOR('',#8354,1.);
#8354 = DIRECTION('',(1.,0.));
#8355 = ( GEOMETRIC_REPRESENTATION_CONTEXT(2) 
PARAMETRIC_REPRESENTATION_CONTEXT() REPRESENTATION_CONTEXT('2D SPACE',''
  ) );
#8356 = PCURVE('',#8357,#8362);
#8357 = PLANE('',#8358);
#8358 = AXIS2_PLACEMENT_3D('',#8359,#8360,#8361);
#8359 = CARTESIAN_POINT('',(95.,0.,2.195E+03));
#8360 = DIRECTION('',(0.843661487732,0.,-0.536875492193));
#8361 = DIRECTION('',(-0.536875492193,0.,-0.843661487732));
#8362 = DEFINITIONAL_REPRESENTATION('',(#8363),#8367);
#8363 = CIRCLE('',#8364,27.);
#8364 = AXIS2_PLACEMENT_2D('',#8365,#8366);
#8365 = CARTESIAN_POINT('',(0.,0.));
#8366 = DIRECTION('',(1.,0.));
#8367 = ( GEOMETRIC_REPRESENTATION_CONTEXT(2) 
PARAMETRIC_REPRESENTATION_CONTEXT() REPRESENTATION_CONTEXT('2D SPACE',''
  ) );
#8368 = ORIENTED_EDGE('',*,*,#8369,.F.);
#8369 = EDGE_CURVE('',#8370,#8336,#8372,.T.);
#8370 = VERTEX_POINT('',#8371);
#8371 = CARTESIAN_POINT('',(25.504361710785,-6.613092715396E-15,
    2.207221139831E+03));
#8372 = SEAM_CURVE('',#8373,(#8377,#8384),.PCURVE_S1.);
#8373 = LINE('',#8374,#8375);
#8374 = CARTESIAN_POINT('',(25.504361710785,-6.613092715396E-15,
    2.207221139831E+03));
#8375 = VECTOR('',#8376,1.);
#8376 = DIRECTION('',(0.843661487732,0.,-0.536875492193));
#8377 = PCURVE('',#8345,#8378);
#8378 = DEFINITIONAL_REPRESENTATION('',(#8379),#8383);
#8379 = LINE('',#8380,#8381);
#8380 = CARTESIAN_POINT('',(6.28318530718,-0.));
#8381 = VECTOR('',#8382,1.);
#8382 = DIRECTION('',(0.,1.));
#8383 = ( GEOMETRIC_REPRESENTATION_CONTEXT(2) 
PARAMETRIC_REPRESENTATION_CONTEXT() REPRESENTATION_CONTEXT('2D SPACE',''
  ) );
#8384 = PCURVE('',#8345,#8385);
#8385 = DEFINITIONAL_REPRESENTATION('',(#8386),#8390);
#8386 = LINE('',#8387,#8388);
#8387 = CARTESIAN_POINT('',(0.,-0.));
#8388 = VECTOR('',#8389,1.);
#8389 = DIRECTION('',(0.,1.));
#8390 = ( GEOMETRIC_REPRESENTATION_CONTEXT(2) 
PARAMETRIC_REPRESENTATION_CONTEXT() REPRESENTATION_CONTEXT('2D SPACE',''
  ) );
#8391 = ORIENTED_EDGE('',*,*,#8392,.T.);
#8392 = EDGE_CURVE('',#8370,#8370,#8393,.T.);
#8393 = SURFACE_CURVE('',#8394,(#8399,#8406),.PCURVE_S1.);
#8394 = CIRCLE('',#8395,27.);
#8395 = AXIS2_PLACEMENT_3D('',#8396,#8397,#8398);
#8396 = CARTESIAN_POINT('',(40.,0.,2.23E+03));
#8397 = DIRECTION('',(0.843661487732,0.,-0.536875492193));
#8398 = DIRECTION('',(-0.536875492193,0.,-0.843661487732));
#8399 = PCURVE('',#8345,#8400);
#8400 = DEFINITIONAL_REPRESENTATION('',(#8401),#8405);
#8401 = LINE('',#8402,#8403);
#8402 = CARTESIAN_POINT('',(0.,0.));
#8403 = VECTOR('',#8404,1.);
#8404 = DIRECTION('',(1.,0.));
#8405 = ( GEOMETRIC_REPRESENTATION_CONTEXT(2) 
PARAMETRIC_REPRESENTATION_CONTEXT() REPRESENTATION_CONTEXT('2D SPACE',''
  ) );
#8406 = PCURVE('',#8407,#8412);
#8407 = PLANE('',#8408);
#8408 = AXIS2_PLACEMENT_3D('',#8409,#8410,#8411);
#8409 = CARTESIAN_POINT('',(40.,0.,2.23E+03));
#8410 = DIRECTION('',(0.843661487732,0.,-0.536875492193));
#8411 = DIRECTION('',(-0.536875492193,0.,-0.843661487732));
#8412 = DEFINITIONAL_REPRESENTATION('',(#8413),#8417);
#8413 = CIRCLE('',#8414,27.);
#8414 = AXIS2_PLACEMENT_2D('',#8415,#8416);
#8415 = CARTESIAN_POINT('',(0.,0.));
#8416 = DIRECTION('',(1.,0.));
#8417 = ( GEOMETRIC_REPRESENTATION_CONTEXT(2) 
PARAMETRIC_REPRESENTATION_CONTEXT() REPRESENTATION_CONTEXT('2D SPACE',''
  ) );
#8418 = ORIENTED_EDGE('',*,*,#8369,.T.);
#8419 = ADVANCED_FACE('',(#8420),#8357,.T.);
#8420 = FACE_BOUND('',#8421,.T.);
#8421 = EDGE_LOOP('',(#8422));
#8422 = ORIENTED_EDGE('',*,*,#8335,.T.);
#8423 = ADVANCED_FACE('',(#8424),#8407,.F.);
#8424 = FACE_BOUND('',#8425,.T.);
#8425 = EDGE_LOOP('',(#8426));
#8426 = ORIENTED_EDGE('',*,*,#8392,.F.);
#8427 = ( GEOMETRIC_REPRESENTATION_CONTEXT(3) 
GLOBAL_UNCERTAINTY_ASSIGNED_CONTEXT((#8431)) 
GLOBAL_UNIT_ASSIGNED_CONTEXT((#8428,#8429,#8430)) REPRESENTATION_CONTEXT
('Context #1','3D Context with UNIT and UNCERTAINTY') );
#8428 = ( LENGTH_UNIT() NAMED_UNIT(*) SI_UNIT(.MILLI.,.METRE.) );
#8429 = ( NAMED_UNIT(*) PLANE_ANGLE_UNIT() SI_UNIT($,.RADIAN.) );
#8430 = ( NAMED_UNIT(*) SI_UNIT($,.STERADIAN.) SOLID_ANGLE_UNIT() );
#8431 = UNCERTAINTY_MEASURE_WITH_UNIT(LENGTH_MEASURE(1.E-07),#8428,
  'distance_accuracy_value','confusion accuracy');
#8432 = CONTEXT_DEPENDENT_SHAPE_REPRESENTATION(#8433,#8435);
#8433 = ( REPRESENTATION_RELATIONSHIP('','',#8328,#10) 
REPRESENTATION_RELATIONSHIP_WITH_TRANSFORMATION(#8434) 
SHAPE_REPRESENTATION_RELATIONSHIP() );
#8434 = ITEM_DEFINED_TRANSFORMATION('','',#11,#315);
#8435 = PRODUCT_DEFINITION_SHAPE('Placement','Placement of an item',
  #8436);
#8436 = NEXT_ASSEMBLY_USAGE_OCCURRENCE('76','Flexible_Pipe_2','',#5,
  #8323,$);
#8437 = PRODUCT_RELATED_PRODUCT_CATEGORY('part',$,(#8325));
#8438 = SHAPE_DEFINITION_REPRESENTATION(#8439,#8445);
#8439 = PRODUCT_DEFINITION_SHAPE('','',#8440);
#8440 = PRODUCT_DEFINITION('design','',#8441,#8444);
#8441 = PRODUCT_DEFINITION_FORMATION('','',#8442);
#8442 = PRODUCT('Flexible_Pipe_3','Flexible_Pipe_3','',(#8443));
#8443 = PRODUCT_CONTEXT('',#2,'mechanical');
#8444 = PRODUCT_DEFINITION_CONTEXT('part definition',#2,'design');
#8445 = ADVANCED_BREP_SHAPE_REPRESENTATION('',(#11,#8446),#8544);
#8446 = MANIFOLD_SOLID_BREP('',#8447);
#8447 = CLOSED_SHELL('',(#8448,#8536,#8540));
#8448 = ADVANCED_FACE('',(#8449),#8462,.T.);
#8449 = FACE_BOUND('',#8450,.T.);
#8450 = EDGE_LOOP('',(#8451,#8485,#8508,#8535));
#8451 = ORIENTED_EDGE('',*,*,#8452,.F.);
#8452 = EDGE_CURVE('',#8453,#8453,#8455,.T.);
#8453 = VERTEX_POINT('',#8454);
#8454 = CARTESIAN_POINT('',(159.22706270334,-6.613092715396E-15,
    2.189625577566E+03));
#8455 = SURFACE_CURVE('',#8456,(#8461,#8473),.PCURVE_S1.);
#8456 = CIRCLE('',#8457,27.);
#8457 = AXIS2_PLACEMENT_3D('',#8458,#8459,#8460);
#8458 = CARTESIAN_POINT('',(150.,0.,2.215E+03));
#8459 = DIRECTION('',(0.939793423488,-0.,0.341743063087));
#8460 = DIRECTION('',(0.341743063087,0.,-0.939793423488));
#8461 = PCURVE('',#8462,#8467);
#8462 = CYLINDRICAL_SURFACE('',#8463,27.);
#8463 = AXIS2_PLACEMENT_3D('',#8464,#8465,#8466);
#8464 = CARTESIAN_POINT('',(95.,0.,2.195E+03));
#8465 = DIRECTION('',(0.939793423488,0.,0.341743063087));
#8466 = DIRECTION('',(0.341743063087,0.,-0.939793423488));
#8467 = DEFINITIONAL_REPRESENTATION('',(#8468),#8472);
#8468 = LINE('',#8469,#8470);
#8469 = CARTESIAN_POINT('',(0.,58.523499553598));
#8470 = VECTOR('',#8471,1.);
#8471 = DIRECTION('',(1.,0.));
#8472 = ( GEOMETRIC_REPRESENTATION_CONTEXT(2) 
PARAMETRIC_REPRESENTATION_CONTEXT() REPRESENTATION_CONTEXT('2D SPACE',''
  ) );
#8473 = PCURVE('',#8474,#8479);
#8474 = PLANE('',#8475);
#8475 = AXIS2_PLACEMENT_3D('',#8476,#8477,#8478);
#8476 = CARTESIAN_POINT('',(150.,0.,2.215E+03));
#8477 = DIRECTION('',(0.939793423488,0.,0.341743063087));
#8478 = DIRECTION('',(0.341743063087,0.,-0.939793423488));
#8479 = DEFINITIONAL_REPRESENTATION('',(#8480),#8484);
#8480 = CIRCLE('',#8481,27.);
#8481 = AXIS2_PLACEMENT_2D('',#8482,#8483);
#8482 = CARTESIAN_POINT('',(0.,0.));
#8483 = DIRECTION('',(1.,0.));
#8484 = ( GEOMETRIC_REPRESENTATION_CONTEXT(2) 
PARAMETRIC_REPRESENTATION_CONTEXT() REPRESENTATION_CONTEXT('2D SPACE',''
  ) );
#8485 = ORIENTED_EDGE('',*,*,#8486,.F.);
#8486 = EDGE_CURVE('',#8487,#8453,#8489,.T.);
#8487 = VERTEX_POINT('',#8488);
#8488 = CARTESIAN_POINT('',(104.22706270334,-6.613092715396E-15,
    2.169625577566E+03));
#8489 = SEAM_CURVE('',#8490,(#8494,#8501),.PCURVE_S1.);
#8490 = LINE('',#8491,#8492);
#8491 = CARTESIAN_POINT('',(104.22706270334,-6.613092715396E-15,
    2.169625577566E+03));
#8492 = VECTOR('',#8493,1.);
#8493 = DIRECTION('',(0.939793423488,0.,0.341743063087));
#8494 = PCURVE('',#8462,#8495);
#8495 = DEFINITIONAL_REPRESENTATION('',(#8496),#8500);
#8496 = LINE('',#8497,#8498);
#8497 = CARTESIAN_POINT('',(6.28318530718,-0.));
#8498 = VECTOR('',#8499,1.);
#8499 = DIRECTION('',(0.,1.));
#8500 = ( GEOMETRIC_REPRESENTATION_CONTEXT(2) 
PARAMETRIC_REPRESENTATION_CONTEXT() REPRESENTATION_CONTEXT('2D SPACE',''
  ) );
#8501 = PCURVE('',#8462,#8502);
#8502 = DEFINITIONAL_REPRESENTATION('',(#8503),#8507);
#8503 = LINE('',#8504,#8505);
#8504 = CARTESIAN_POINT('',(0.,-0.));
#8505 = VECTOR('',#8506,1.);
#8506 = DIRECTION('',(0.,1.));
#8507 = ( GEOMETRIC_REPRESENTATION_CONTEXT(2) 
PARAMETRIC_REPRESENTATION_CONTEXT() REPRESENTATION_CONTEXT('2D SPACE',''
  ) );
#8508 = ORIENTED_EDGE('',*,*,#8509,.T.);
#8509 = EDGE_CURVE('',#8487,#8487,#8510,.T.);
#8510 = SURFACE_CURVE('',#8511,(#8516,#8523),.PCURVE_S1.);
#8511 = CIRCLE('',#8512,27.);
#8512 = AXIS2_PLACEMENT_3D('',#8513,#8514,#8515);
#8513 = CARTESIAN_POINT('',(95.,0.,2.195E+03));
#8514 = DIRECTION('',(0.939793423488,-0.,0.341743063087));
#8515 = DIRECTION('',(0.341743063087,0.,-0.939793423488));
#8516 = PCURVE('',#8462,#8517);
#8517 = DEFINITIONAL_REPRESENTATION('',(#8518),#8522);
#8518 = LINE('',#8519,#8520);
#8519 = CARTESIAN_POINT('',(0.,0.));
#8520 = VECTOR('',#8521,1.);
#8521 = DIRECTION('',(1.,0.));
#8522 = ( GEOMETRIC_REPRESENTATION_CONTEXT(2) 
PARAMETRIC_REPRESENTATION_CONTEXT() REPRESENTATION_CONTEXT('2D SPACE',''
  ) );
#8523 = PCURVE('',#8524,#8529);
#8524 = PLANE('',#8525);
#8525 = AXIS2_PLACEMENT_3D('',#8526,#8527,#8528);
#8526 = CARTESIAN_POINT('',(95.,0.,2.195E+03));
#8527 = DIRECTION('',(0.939793423488,0.,0.341743063087));
#8528 = DIRECTION('',(0.341743063087,0.,-0.939793423488));
#8529 = DEFINITIONAL_REPRESENTATION('',(#8530),#8534);
#8530 = CIRCLE('',#8531,27.);
#8531 = AXIS2_PLACEMENT_2D('',#8532,#8533);
#8532 = CARTESIAN_POINT('',(0.,0.));
#8533 = DIRECTION('',(1.,0.));
#8534 = ( GEOMETRIC_REPRESENTATION_CONTEXT(2) 
PARAMETRIC_REPRESENTATION_CONTEXT() REPRESENTATION_CONTEXT('2D SPACE',''
  ) );
#8535 = ORIENTED_EDGE('',*,*,#8486,.T.);
#8536 = ADVANCED_FACE('',(#8537),#8474,.T.);
#8537 = FACE_BOUND('',#8538,.T.);
#8538 = EDGE_LOOP('',(#8539));
#8539 = ORIENTED_EDGE('',*,*,#8452,.T.);
#8540 = ADVANCED_FACE('',(#8541),#8524,.F.);
#8541 = FACE_BOUND('',#8542,.T.);
#8542 = EDGE_LOOP('',(#8543));
#8543 = ORIENTED_EDGE('',*,*,#8509,.F.);
#8544 = ( GEOMETRIC_REPRESENTATION_CONTEXT(3) 
GLOBAL_UNCERTAINTY_ASSIGNED_CONTEXT((#8548)) 
GLOBAL_UNIT_ASSIGNED_CONTEXT((#8545,#8546,#8547)) REPRESENTATION_CONTEXT
('Context #1','3D Context with UNIT and UNCERTAINTY') );
#8545 = ( LENGTH_UNIT() NAMED_UNIT(*) SI_UNIT(.MILLI.,.METRE.) );
#8546 = ( NAMED_UNIT(*) PLANE_ANGLE_UNIT() SI_UNIT($,.RADIAN.) );
#8547 = ( NAMED_UNIT(*) SI_UNIT($,.STERADIAN.) SOLID_ANGLE_UNIT() );
#8548 = UNCERTAINTY_MEASURE_WITH_UNIT(LENGTH_MEASURE(1.E-07),#8545,
  'distance_accuracy_value','confusion accuracy');
#8549 = CONTEXT_DEPENDENT_SHAPE_REPRESENTATION(#8550,#8552);
#8550 = ( REPRESENTATION_RELATIONSHIP('','',#8445,#10) 
REPRESENTATION_RELATIONSHIP_WITH_TRANSFORMATION(#8551) 
SHAPE_REPRESENTATION_RELATIONSHIP() );
#8551 = ITEM_DEFINED_TRANSFORMATION('','',#11,#319);
#8552 = PRODUCT_DEFINITION_SHAPE('Placement','Placement of an item',
  #8553);
#8553 = NEXT_ASSEMBLY_USAGE_OCCURRENCE('77','Flexible_Pipe_3','',#5,
  #8440,$);
#8554 = PRODUCT_RELATED_PRODUCT_CATEGORY('part',$,(#8442));
#8555 = SHAPE_DEFINITION_REPRESENTATION(#8556,#8562);
#8556 = PRODUCT_DEFINITION_SHAPE('','',#8557);
#8557 = PRODUCT_DEFINITION('design','',#8558,#8561);
#8558 = PRODUCT_DEFINITION_FORMATION('','',#8559);
#8559 = PRODUCT('Flexible_Pipe_4','Flexible_Pipe_4','',(#8560));
#8560 = PRODUCT_CONTEXT('',#2,'mechanical');
#8561 = PRODUCT_DEFINITION_CONTEXT('part definition',#2,'design');
#8562 = ADVANCED_BREP_SHAPE_REPRESENTATION('',(#11,#8563),#8661);
#8563 = MANIFOLD_SOLID_BREP('',#8564);
#8564 = CLOSED_SHELL('',(#8565,#8653,#8657));
#8565 = ADVANCED_FACE('',(#8566),#8579,.T.);
#8566 = FACE_BOUND('',#8567,.T.);
#8567 = EDGE_LOOP('',(#8568,#8602,#8625,#8652));
#8568 = ORIENTED_EDGE('',*,*,#8569,.F.);
#8569 = EDGE_CURVE('',#8570,#8570,#8572,.T.);
#8570 = VERTEX_POINT('',#8571);
#8571 = CARTESIAN_POINT('',(220.88063583722,-6.613092715396E-15,
    2.233164125724E+03));
#8572 = SURFACE_CURVE('',#8573,(#8578,#8590),.PCURVE_S1.);
#8573 = CIRCLE('',#8574,27.);
#8574 = AXIS2_PLACEMENT_3D('',#8575,#8576,#8577);
#8575 = CARTESIAN_POINT('',(205.,0.,2.255E+03));
#8576 = DIRECTION('',(0.808736084303,-0.,0.588171697675));
#8577 = DIRECTION('',(0.588171697675,0.,-0.808736084303));
#8578 = PCURVE('',#8579,#8584);
#8579 = CYLINDRICAL_SURFACE('',#8580,27.);
#8580 = AXIS2_PLACEMENT_3D('',#8581,#8582,#8583);
#8581 = CARTESIAN_POINT('',(150.,0.,2.215E+03));
#8582 = DIRECTION('',(0.808736084303,0.,0.588171697675));
#8583 = DIRECTION('',(0.588171697675,0.,-0.808736084303));
#8584 = DEFINITIONAL_REPRESENTATION('',(#8585),#8589);
#8585 = LINE('',#8586,#8587);
#8586 = CARTESIAN_POINT('',(0.,68.007352543677));
#8587 = VECTOR('',#8588,1.);
#8588 = DIRECTION('',(1.,0.));
#8589 = ( GEOMETRIC_REPRESENTATION_CONTEXT(2) 
PARAMETRIC_REPRESENTATION_CONTEXT() REPRESENTATION_CONTEXT('2D SPACE',''
  ) );
#8590 = PCURVE('',#8591,#8596);
#8591 = PLANE('',#8592);
#8592 = AXIS2_PLACEMENT_3D('',#8593,#8594,#8595);
#8593 = CARTESIAN_POINT('',(205.,0.,2.255E+03));
#8594 = DIRECTION('',(0.808736084303,0.,0.588171697675));
#8595 = DIRECTION('',(0.588171697675,0.,-0.808736084303));
#8596 = DEFINITIONAL_REPRESENTATION('',(#8597),#8601);
#8597 = CIRCLE('',#8598,27.);
#8598 = AXIS2_PLACEMENT_2D('',#8599,#8600);
#8599 = CARTESIAN_POINT('',(0.,0.));
#8600 = DIRECTION('',(1.,0.));
#8601 = ( GEOMETRIC_REPRESENTATION_CONTEXT(2) 
PARAMETRIC_REPRESENTATION_CONTEXT() REPRESENTATION_CONTEXT('2D SPACE',''
  ) );
#8602 = ORIENTED_EDGE('',*,*,#8603,.F.);
#8603 = EDGE_CURVE('',#8604,#8570,#8606,.T.);
#8604 = VERTEX_POINT('',#8605);
#8605 = CARTESIAN_POINT('',(165.88063583722,-6.613092715396E-15,
    2.193164125724E+03));
#8606 = SEAM_CURVE('',#8607,(#8611,#8618),.PCURVE_S1.);
#8607 = LINE('',#8608,#8609);
#8608 = CARTESIAN_POINT('',(165.88063583722,-6.613092715396E-15,
    2.193164125724E+03));
#8609 = VECTOR('',#8610,1.);
#8610 = DIRECTION('',(0.808736084303,0.,0.588171697675));
#8611 = PCURVE('',#8579,#8612);
#8612 = DEFINITIONAL_REPRESENTATION('',(#8613),#8617);
#8613 = LINE('',#8614,#8615);
#8614 = CARTESIAN_POINT('',(6.28318530718,-0.));
#8615 = VECTOR('',#8616,1.);
#8616 = DIRECTION('',(0.,1.));
#8617 = ( GEOMETRIC_REPRESENTATION_CONTEXT(2) 
PARAMETRIC_REPRESENTATION_CONTEXT() REPRESENTATION_CONTEXT('2D SPACE',''
  ) );
#8618 = PCURVE('',#8579,#8619);
#8619 = DEFINITIONAL_REPRESENTATION('',(#8620),#8624);
#8620 = LINE('',#8621,#8622);
#8621 = CARTESIAN_POINT('',(0.,-0.));
#8622 = VECTOR('',#8623,1.);
#8623 = DIRECTION('',(0.,1.));
#8624 = ( GEOMETRIC_REPRESENTATION_CONTEXT(2) 
PARAMETRIC_REPRESENTATION_CONTEXT() REPRESENTATION_CONTEXT('2D SPACE',''
  ) );
#8625 = ORIENTED_EDGE('',*,*,#8626,.T.);
#8626 = EDGE_CURVE('',#8604,#8604,#8627,.T.);
#8627 = SURFACE_CURVE('',#8628,(#8633,#8640),.PCURVE_S1.);
#8628 = CIRCLE('',#8629,27.);
#8629 = AXIS2_PLACEMENT_3D('',#8630,#8631,#8632);
#8630 = CARTESIAN_POINT('',(150.,0.,2.215E+03));
#8631 = DIRECTION('',(0.808736084303,-0.,0.588171697675));
#8632 = DIRECTION('',(0.588171697675,0.,-0.808736084303));
#8633 = PCURVE('',#8579,#8634);
#8634 = DEFINITIONAL_REPRESENTATION('',(#8635),#8639);
#8635 = LINE('',#8636,#8637);
#8636 = CARTESIAN_POINT('',(0.,0.));
#8637 = VECTOR('',#8638,1.);
#8638 = DIRECTION('',(1.,0.));
#8639 = ( GEOMETRIC_REPRESENTATION_CONTEXT(2) 
PARAMETRIC_REPRESENTATION_CONTEXT() REPRESENTATION_CONTEXT('2D SPACE',''
  ) );
#8640 = PCURVE('',#8641,#8646);
#8641 = PLANE('',#8642);
#8642 = AXIS2_PLACEMENT_3D('',#8643,#8644,#8645);
#8643 = CARTESIAN_POINT('',(150.,0.,2.215E+03));
#8644 = DIRECTION('',(0.808736084303,0.,0.588171697675));
#8645 = DIRECTION('',(0.588171697675,0.,-0.808736084303));
#8646 = DEFINITIONAL_REPRESENTATION('',(#8647),#8651);
#8647 = CIRCLE('',#8648,27.);
#8648 = AXIS2_PLACEMENT_2D('',#8649,#8650);
#8649 = CARTESIAN_POINT('',(0.,0.));
#8650 = DIRECTION('',(1.,0.));
#8651 = ( GEOMETRIC_REPRESENTATION_CONTEXT(2) 
PARAMETRIC_REPRESENTATION_CONTEXT() REPRESENTATION_CONTEXT('2D SPACE',''
  ) );
#8652 = ORIENTED_EDGE('',*,*,#8603,.T.);
#8653 = ADVANCED_FACE('',(#8654),#8591,.T.);
#8654 = FACE_BOUND('',#8655,.T.);
#8655 = EDGE_LOOP('',(#8656));
#8656 = ORIENTED_EDGE('',*,*,#8569,.T.);
#8657 = ADVANCED_FACE('',(#8658),#8641,.F.);
#8658 = FACE_BOUND('',#8659,.T.);
#8659 = EDGE_LOOP('',(#8660));
#8660 = ORIENTED_EDGE('',*,*,#8626,.F.);
#8661 = ( GEOMETRIC_REPRESENTATION_CONTEXT(3) 
GLOBAL_UNCERTAINTY_ASSIGNED_CONTEXT((#8665)) 
GLOBAL_UNIT_ASSIGNED_CONTEXT((#8662,#8663,#8664)) REPRESENTATION_CONTEXT
('Context #1','3D Context with UNIT and UNCERTAINTY') );
#8662 = ( LENGTH_UNIT() NAMED_UNIT(*) SI_UNIT(.MILLI.,.METRE.) );
#8663 = ( NAMED_UNIT(*) PLANE_ANGLE_UNIT() SI_UNIT($,.RADIAN.) );
#8664 = ( NAMED_UNIT(*) SI_UNIT($,.STERADIAN.) SOLID_ANGLE_UNIT() );
#8665 = UNCERTAINTY_MEASURE_WITH_UNIT(LENGTH_MEASURE(1.E-07),#8662,
  'distance_accuracy_value','confusion accuracy');
#8666 = CONTEXT_DEPENDENT_SHAPE_REPRESENTATION(#8667,#8669);
#8667 = ( REPRESENTATION_RELATIONSHIP('','',#8562,#10) 
REPRESENTATION_RELATIONSHIP_WITH_TRANSFORMATION(#8668) 
SHAPE_REPRESENTATION_RELATIONSHIP() );
#8668 = ITEM_DEFINED_TRANSFORMATION('','',#11,#323);
#8669 = PRODUCT_DEFINITION_SHAPE('Placement','Placement of an item',
  #8670);
#8670 = NEXT_ASSEMBLY_USAGE_OCCURRENCE('78','Flexible_Pipe_4','',#5,
  #8557,$);
#8671 = PRODUCT_RELATED_PRODUCT_CATEGORY('part',$,(#8559));
#8672 = SHAPE_DEFINITION_REPRESENTATION(#8673,#8679);
#8673 = PRODUCT_DEFINITION_SHAPE('','',#8674);
#8674 = PRODUCT_DEFINITION('design','',#8675,#8678);
#8675 = PRODUCT_DEFINITION_FORMATION('','',#8676);
#8676 = PRODUCT('Yaw_Gimbal_Base','Yaw_Gimbal_Base','',(#8677));
#8677 = PRODUCT_CONTEXT('',#2,'mechanical');
#8678 = PRODUCT_DEFINITION_CONTEXT('part definition',#2,'design');
#8679 = ADVANCED_BREP_SHAPE_REPRESENTATION('',(#11,#8680),#8778);
#8680 = MANIFOLD_SOLID_BREP('',#8681);
#8681 = CLOSED_SHELL('',(#8682,#8770,#8774));
#8682 = ADVANCED_FACE('',(#8683),#8696,.T.);
#8683 = FACE_BOUND('',#8684,.T.);
#8684 = EDGE_LOOP('',(#8685,#8719,#8742,#8769));
#8685 = ORIENTED_EDGE('',*,*,#8686,.F.);
#8686 = EDGE_CURVE('',#8687,#8687,#8689,.T.);
#8687 = VERTEX_POINT('',#8688);
#8688 = CARTESIAN_POINT('',(310.,-1.592040838892E-14,2.23E+03));
#8689 = SURFACE_CURVE('',#8690,(#8695,#8707),.PCURVE_S1.);
#8690 = CIRCLE('',#8691,65.);
#8691 = AXIS2_PLACEMENT_3D('',#8692,#8693,#8694);
#8692 = CARTESIAN_POINT('',(245.,0.,2.23E+03));
#8693 = DIRECTION('',(0.,0.,1.));
#8694 = DIRECTION('',(1.,0.,0.));
#8695 = PCURVE('',#8696,#8701);
#8696 = CYLINDRICAL_SURFACE('',#8697,65.);
#8697 = AXIS2_PLACEMENT_3D('',#8698,#8699,#8700);
#8698 = CARTESIAN_POINT('',(245.,0.,2.2E+03));
#8699 = DIRECTION('',(0.,0.,1.));
#8700 = DIRECTION('',(1.,0.,0.));
#8701 = DEFINITIONAL_REPRESENTATION('',(#8702),#8706);
#8702 = LINE('',#8703,#8704);
#8703 = CARTESIAN_POINT('',(0.,30.));
#8704 = VECTOR('',#8705,1.);
#8705 = DIRECTION('',(1.,0.));
#8706 = ( GEOMETRIC_REPRESENTATION_CONTEXT(2) 
PARAMETRIC_REPRESENTATION_CONTEXT() REPRESENTATION_CONTEXT('2D SPACE',''
  ) );
#8707 = PCURVE('',#8708,#8713);
#8708 = PLANE('',#8709);
#8709 = AXIS2_PLACEMENT_3D('',#8710,#8711,#8712);
#8710 = CARTESIAN_POINT('',(245.,0.,2.23E+03));
#8711 = DIRECTION('',(0.,0.,1.));
#8712 = DIRECTION('',(1.,0.,0.));
#8713 = DEFINITIONAL_REPRESENTATION('',(#8714),#8718);
#8714 = CIRCLE('',#8715,65.);
#8715 = AXIS2_PLACEMENT_2D('',#8716,#8717);
#8716 = CARTESIAN_POINT('',(0.,0.));
#8717 = DIRECTION('',(1.,0.));
#8718 = ( GEOMETRIC_REPRESENTATION_CONTEXT(2) 
PARAMETRIC_REPRESENTATION_CONTEXT() REPRESENTATION_CONTEXT('2D SPACE',''
  ) );
#8719 = ORIENTED_EDGE('',*,*,#8720,.F.);
#8720 = EDGE_CURVE('',#8721,#8687,#8723,.T.);
#8721 = VERTEX_POINT('',#8722);
#8722 = CARTESIAN_POINT('',(310.,-1.592040838892E-14,2.2E+03));
#8723 = SEAM_CURVE('',#8724,(#8728,#8735),.PCURVE_S1.);
#8724 = LINE('',#8725,#8726);
#8725 = CARTESIAN_POINT('',(310.,-1.592040838892E-14,2.2E+03));
#8726 = VECTOR('',#8727,1.);
#8727 = DIRECTION('',(0.,0.,1.));
#8728 = PCURVE('',#8696,#8729);
#8729 = DEFINITIONAL_REPRESENTATION('',(#8730),#8734);
#8730 = LINE('',#8731,#8732);
#8731 = CARTESIAN_POINT('',(6.28318530718,-0.));
#8732 = VECTOR('',#8733,1.);
#8733 = DIRECTION('',(0.,1.));
#8734 = ( GEOMETRIC_REPRESENTATION_CONTEXT(2) 
PARAMETRIC_REPRESENTATION_CONTEXT() REPRESENTATION_CONTEXT('2D SPACE',''
  ) );
#8735 = PCURVE('',#8696,#8736);
#8736 = DEFINITIONAL_REPRESENTATION('',(#8737),#8741);
#8737 = LINE('',#8738,#8739);
#8738 = CARTESIAN_POINT('',(0.,-0.));
#8739 = VECTOR('',#8740,1.);
#8740 = DIRECTION('',(0.,1.));
#8741 = ( GEOMETRIC_REPRESENTATION_CONTEXT(2) 
PARAMETRIC_REPRESENTATION_CONTEXT() REPRESENTATION_CONTEXT('2D SPACE',''
  ) );
#8742 = ORIENTED_EDGE('',*,*,#8743,.T.);
#8743 = EDGE_CURVE('',#8721,#8721,#8744,.T.);
#8744 = SURFACE_CURVE('',#8745,(#8750,#8757),.PCURVE_S1.);
#8745 = CIRCLE('',#8746,65.);
#8746 = AXIS2_PLACEMENT_3D('',#8747,#8748,#8749);
#8747 = CARTESIAN_POINT('',(245.,0.,2.2E+03));
#8748 = DIRECTION('',(0.,0.,1.));
#8749 = DIRECTION('',(1.,0.,0.));
#8750 = PCURVE('',#8696,#8751);
#8751 = DEFINITIONAL_REPRESENTATION('',(#8752),#8756);
#8752 = LINE('',#8753,#8754);
#8753 = CARTESIAN_POINT('',(0.,0.));
#8754 = VECTOR('',#8755,1.);
#8755 = DIRECTION('',(1.,0.));
#8756 = ( GEOMETRIC_REPRESENTATION_CONTEXT(2) 
PARAMETRIC_REPRESENTATION_CONTEXT() REPRESENTATION_CONTEXT('2D SPACE',''
  ) );
#8757 = PCURVE('',#8758,#8763);
#8758 = PLANE('',#8759);
#8759 = AXIS2_PLACEMENT_3D('',#8760,#8761,#8762);
#8760 = CARTESIAN_POINT('',(245.,0.,2.2E+03));
#8761 = DIRECTION('',(0.,0.,1.));
#8762 = DIRECTION('',(1.,0.,0.));
#8763 = DEFINITIONAL_REPRESENTATION('',(#8764),#8768);
#8764 = CIRCLE('',#8765,65.);
#8765 = AXIS2_PLACEMENT_2D('',#8766,#8767);
#8766 = CARTESIAN_POINT('',(0.,0.));
#8767 = DIRECTION('',(1.,0.));
#8768 = ( GEOMETRIC_REPRESENTATION_CONTEXT(2) 
PARAMETRIC_REPRESENTATION_CONTEXT() REPRESENTATION_CONTEXT('2D SPACE',''
  ) );
#8769 = ORIENTED_EDGE('',*,*,#8720,.T.);
#8770 = ADVANCED_FACE('',(#8771),#8708,.T.);
#8771 = FACE_BOUND('',#8772,.T.);
#8772 = EDGE_LOOP('',(#8773));
#8773 = ORIENTED_EDGE('',*,*,#8686,.T.);
#8774 = ADVANCED_FACE('',(#8775),#8758,.F.);
#8775 = FACE_BOUND('',#8776,.T.);
#8776 = EDGE_LOOP('',(#8777));
#8777 = ORIENTED_EDGE('',*,*,#8743,.F.);
#8778 = ( GEOMETRIC_REPRESENTATION_CONTEXT(3) 
GLOBAL_UNCERTAINTY_ASSIGNED_CONTEXT((#8782)) 
GLOBAL_UNIT_ASSIGNED_CONTEXT((#8779,#8780,#8781)) REPRESENTATION_CONTEXT
('Context #1','3D Context with UNIT and UNCERTAINTY') );
#8779 = ( LENGTH_UNIT() NAMED_UNIT(*) SI_UNIT(.MILLI.,.METRE.) );
#8780 = ( NAMED_UNIT(*) PLANE_ANGLE_UNIT() SI_UNIT($,.RADIAN.) );
#8781 = ( NAMED_UNIT(*) SI_UNIT($,.STERADIAN.) SOLID_ANGLE_UNIT() );
#8782 = UNCERTAINTY_MEASURE_WITH_UNIT(LENGTH_MEASURE(1.E-07),#8779,
  'distance_accuracy_value','confusion accuracy');
#8783 = CONTEXT_DEPENDENT_SHAPE_REPRESENTATION(#8784,#8786);
#8784 = ( REPRESENTATION_RELATIONSHIP('','',#8679,#10) 
REPRESENTATION_RELATIONSHIP_WITH_TRANSFORMATION(#8785) 
SHAPE_REPRESENTATION_RELATIONSHIP() );
#8785 = ITEM_DEFINED_TRANSFORMATION('','',#11,#327);
#8786 = PRODUCT_DEFINITION_SHAPE('Placement','Placement of an item',
  #8787);
#8787 = NEXT_ASSEMBLY_USAGE_OCCURRENCE('79','Yaw_Gimbal_Base','',#5,
  #8674,$);
#8788 = PRODUCT_RELATED_PRODUCT_CATEGORY('part',$,(#8676));
#8789 = SHAPE_DEFINITION_REPRESENTATION(#8790,#8796);
#8790 = PRODUCT_DEFINITION_SHAPE('','',#8791);
#8791 = PRODUCT_DEFINITION('design','',#8792,#8795);
#8792 = PRODUCT_DEFINITION_FORMATION('','',#8793);
#8793 = PRODUCT('Yaw_Servo','Yaw_Servo','',(#8794));
#8794 = PRODUCT_CONTEXT('',#2,'mechanical');
#8795 = PRODUCT_DEFINITION_CONTEXT('part definition',#2,'design');
#8796 = ADVANCED_BREP_SHAPE_REPRESENTATION('',(#11,#8797),#9127);
#8797 = MANIFOLD_SOLID_BREP('',#8798);
#8798 = CLOSED_SHELL('',(#8799,#8919,#9019,#9066,#9113,#9120));
#8799 = ADVANCED_FACE('',(#8800),#8814,.F.);
#8800 = FACE_BOUND('',#8801,.F.);
#8801 = EDGE_LOOP('',(#8802,#8837,#8865,#8893));
#8802 = ORIENTED_EDGE('',*,*,#8803,.F.);
#8803 = EDGE_CURVE('',#8804,#8806,#8808,.T.);
#8804 = VERTEX_POINT('',#8805);
#8805 = CARTESIAN_POINT('',(210.,42.5,2.2225E+03));
#8806 = VERTEX_POINT('',#8807);
#8807 = CARTESIAN_POINT('',(210.,42.5,2.2675E+03));
#8808 = SURFACE_CURVE('',#8809,(#8813,#8825),.PCURVE_S1.);
#8809 = LINE('',#8810,#8811);
#8810 = CARTESIAN_POINT('',(210.,42.5,2.2225E+03));
#8811 = VECTOR('',#8812,1.);
#8812 = DIRECTION('',(0.,0.,1.));
#8813 = PCURVE('',#8814,#8819);
#8814 = PLANE('',#8815);
#8815 = AXIS2_PLACEMENT_3D('',#8816,#8817,#8818);
#8816 = CARTESIAN_POINT('',(210.,42.5,2.2225E+03));
#8817 = DIRECTION('',(1.,0.,0.));
#8818 = DIRECTION('',(0.,0.,1.));
#8819 = DEFINITIONAL_REPRESENTATION('',(#8820),#8824);
#8820 = LINE('',#8821,#8822);
#8821 = CARTESIAN_POINT('',(0.,0.));
#8822 = VECTOR('',#8823,1.);
#8823 = DIRECTION('',(1.,0.));
#8824 = ( GEOMETRIC_REPRESENTATION_CONTEXT(2) 
PARAMETRIC_REPRESENTATION_CONTEXT() REPRESENTATION_CONTEXT('2D SPACE',''
  ) );
#8825 = PCURVE('',#8826,#8831);
#8826 = PLANE('',#8827);
#8827 = AXIS2_PLACEMENT_3D('',#8828,#8829,#8830);
#8828 = CARTESIAN_POINT('',(210.,42.5,2.2225E+03));
#8829 = DIRECTION('',(0.,1.,0.));
#8830 = DIRECTION('',(0.,0.,1.));
#8831 = DEFINITIONAL_REPRESENTATION('',(#8832),#8836);
#8832 = LINE('',#8833,#8834);
#8833 = CARTESIAN_POINT('',(0.,0.));
#8834 = VECTOR('',#8835,1.);
#8835 = DIRECTION('',(1.,0.));
#8836 = ( GEOMETRIC_REPRESENTATION_CONTEXT(2) 
PARAMETRIC_REPRESENTATION_CONTEXT() REPRESENTATION_CONTEXT('2D SPACE',''
  ) );
#8837 = ORIENTED_EDGE('',*,*,#8838,.T.);
#8838 = EDGE_CURVE('',#8804,#8839,#8841,.T.);
#8839 = VERTEX_POINT('',#8840);
#8840 = CARTESIAN_POINT('',(210.,87.5,2.2225E+03));
#8841 = SURFACE_CURVE('',#8842,(#8846,#8853),.PCURVE_S1.);
#8842 = LINE('',#8843,#8844);
#8843 = CARTESIAN_POINT('',(210.,42.5,2.2225E+03));
#8844 = VECTOR('',#8845,1.);
#8845 = DIRECTION('',(0.,1.,0.));
#8846 = PCURVE('',#8814,#8847);
#8847 = DEFINITIONAL_REPRESENTATION('',(#8848),#8852);
#8848 = LINE('',#8849,#8850);
#8849 = CARTESIAN_POINT('',(0.,0.));
#8850 = VECTOR('',#8851,1.);
#8851 = DIRECTION('',(0.,-1.));
#8852 = ( GEOMETRIC_REPRESENTATION_CONTEXT(2) 
PARAMETRIC_REPRESENTATION_CONTEXT() REPRESENTATION_CONTEXT('2D SPACE',''
  ) );
#8853 = PCURVE('',#8854,#8859);
#8854 = PLANE('',#8855);
#8855 = AXIS2_PLACEMENT_3D('',#8856,#8857,#8858);
#8856 = CARTESIAN_POINT('',(210.,42.5,2.2225E+03));
#8857 = DIRECTION('',(0.,0.,1.));
#8858 = DIRECTION('',(1.,0.,0.));
#8859 = DEFINITIONAL_REPRESENTATION('',(#8860),#8864);
#8860 = LINE('',#8861,#8862);
#8861 = CARTESIAN_POINT('',(0.,0.));
#8862 = VECTOR('',#8863,1.);
#8863 = DIRECTION('',(0.,1.));
#8864 = ( GEOMETRIC_REPRESENTATION_CONTEXT(2) 
PARAMETRIC_REPRESENTATION_CONTEXT() REPRESENTATION_CONTEXT('2D SPACE',''
  ) );
#8865 = ORIENTED_EDGE('',*,*,#8866,.T.);
#8866 = EDGE_CURVE('',#8839,#8867,#8869,.T.);
#8867 = VERTEX_POINT('',#8868);
#8868 = CARTESIAN_POINT('',(210.,87.5,2.2675E+03));
#8869 = SURFACE_CURVE('',#8870,(#8874,#8881),.PCURVE_S1.);
#8870 = LINE('',#8871,#8872);
#8871 = CARTESIAN_POINT('',(210.,87.5,2.2225E+03));
#8872 = VECTOR('',#8873,1.);
#8873 = DIRECTION('',(0.,0.,1.));
#8874 = PCURVE('',#8814,#8875);
#8875 = DEFINITIONAL_REPRESENTATION('',(#8876),#8880);
#8876 = LINE('',#8877,#8878);
#8877 = CARTESIAN_POINT('',(0.,-45.));
#8878 = VECTOR('',#8879,1.);
#8879 = DIRECTION('',(1.,0.));
#8880 = ( GEOMETRIC_REPRESENTATION_CONTEXT(2) 
PARAMETRIC_REPRESENTATION_CONTEXT() REPRESENTATION_CONTEXT('2D SPACE',''
  ) );
#8881 = PCURVE('',#8882,#8887);
#8882 = PLANE('',#8883);
#8883 = AXIS2_PLACEMENT_3D('',#8884,#8885,#8886);
#8884 = CARTESIAN_POINT('',(210.,87.5,2.2225E+03));
#8885 = DIRECTION('',(0.,1.,0.));
#8886 = DIRECTION('',(0.,0.,1.));
#8887 = DEFINITIONAL_REPRESENTATION('',(#8888),#8892);
#8888 = LINE('',#8889,#8890);
#8889 = CARTESIAN_POINT('',(0.,0.));
#8890 = VECTOR('',#8891,1.);
#8891 = DIRECTION('',(1.,0.));
#8892 = ( GEOMETRIC_REPRESENTATION_CONTEXT(2) 
PARAMETRIC_REPRESENTATION_CONTEXT() REPRESENTATION_CONTEXT('2D SPACE',''
  ) );
#8893 = ORIENTED_EDGE('',*,*,#8894,.F.);
#8894 = EDGE_CURVE('',#8806,#8867,#8895,.T.);
#8895 = SURFACE_CURVE('',#8896,(#8900,#8907),.PCURVE_S1.);
#8896 = LINE('',#8897,#8898);
#8897 = CARTESIAN_POINT('',(210.,42.5,2.2675E+03));
#8898 = VECTOR('',#8899,1.);
#8899 = DIRECTION('',(0.,1.,0.));
#8900 = PCURVE('',#8814,#8901);
#8901 = DEFINITIONAL_REPRESENTATION('',(#8902),#8906);
#8902 = LINE('',#8903,#8904);
#8903 = CARTESIAN_POINT('',(45.,0.));
#8904 = VECTOR('',#8905,1.);
#8905 = DIRECTION('',(0.,-1.));
#8906 = ( GEOMETRIC_REPRESENTATION_CONTEXT(2) 
PARAMETRIC_REPRESENTATION_CONTEXT() REPRESENTATION_CONTEXT('2D SPACE',''
  ) );
#8907 = PCURVE('',#8908,#8913);
#8908 = PLANE('',#8909);
#8909 = AXIS2_PLACEMENT_3D('',#8910,#8911,#8912);
#8910 = CARTESIAN_POINT('',(210.,42.5,2.2675E+03));
#8911 = DIRECTION('',(0.,0.,1.));
#8912 = DIRECTION('',(1.,0.,0.));
#8913 = DEFINITIONAL_REPRESENTATION('',(#8914),#8918);
#8914 = LINE('',#8915,#8916);
#8915 = CARTESIAN_POINT('',(0.,0.));
#8916 = VECTOR('',#8917,1.);
#8917 = DIRECTION('',(0.,1.));
#8918 = ( GEOMETRIC_REPRESENTATION_CONTEXT(2) 
PARAMETRIC_REPRESENTATION_CONTEXT() REPRESENTATION_CONTEXT('2D SPACE',''
  ) );
#8919 = ADVANCED_FACE('',(#8920),#8934,.T.);
#8920 = FACE_BOUND('',#8921,.T.);
#8921 = EDGE_LOOP('',(#8922,#8952,#8975,#8998));
#8922 = ORIENTED_EDGE('',*,*,#8923,.F.);
#8923 = EDGE_CURVE('',#8924,#8926,#8928,.T.);
#8924 = VERTEX_POINT('',#8925);
#8925 = CARTESIAN_POINT('',(280.,42.5,2.2225E+03));
#8926 = VERTEX_POINT('',#8927);
#8927 = CARTESIAN_POINT('',(280.,42.5,2.2675E+03));
#8928 = SURFACE_CURVE('',#8929,(#8933,#8945),.PCURVE_S1.);
#8929 = LINE('',#8930,#8931);
#8930 = CARTESIAN_POINT('',(280.,42.5,2.2225E+03));
#8931 = VECTOR('',#8932,1.);
#8932 = DIRECTION('',(0.,0.,1.));
#8933 = PCURVE('',#8934,#8939);
#8934 = PLANE('',#8935);
#8935 = AXIS2_PLACEMENT_3D('',#8936,#8937,#8938);
#8936 = CARTESIAN_POINT('',(280.,42.5,2.2225E+03));
#8937 = DIRECTION('',(1.,0.,0.));
#8938 = DIRECTION('',(0.,0.,1.));
#8939 = DEFINITIONAL_REPRESENTATION('',(#8940),#8944);
#8940 = LINE('',#8941,#8942);
#8941 = CARTESIAN_POINT('',(0.,0.));
#8942 = VECTOR('',#8943,1.);
#8943 = DIRECTION('',(1.,0.));
#8944 = ( GEOMETRIC_REPRESENTATION_CONTEXT(2) 
PARAMETRIC_REPRESENTATION_CONTEXT() REPRESENTATION_CONTEXT('2D SPACE',''
  ) );
#8945 = PCURVE('',#8826,#8946);
#8946 = DEFINITIONAL_REPRESENTATION('',(#8947),#8951);
#8947 = LINE('',#8948,#8949);
#8948 = CARTESIAN_POINT('',(0.,70.));
#8949 = VECTOR('',#8950,1.);
#8950 = DIRECTION('',(1.,0.));
#8951 = ( GEOMETRIC_REPRESENTATION_CONTEXT(2) 
PARAMETRIC_REPRESENTATION_CONTEXT() REPRESENTATION_CONTEXT('2D SPACE',''
  ) );
#8952 = ORIENTED_EDGE('',*,*,#8953,.T.);
#8953 = EDGE_CURVE('',#8924,#8954,#8956,.T.);
#8954 = VERTEX_POINT('',#8955);
#8955 = CARTESIAN_POINT('',(280.,87.5,2.2225E+03));
#8956 = SURFACE_CURVE('',#8957,(#8961,#8968),.PCURVE_S1.);
#8957 = LINE('',#8958,#8959);
#8958 = CARTESIAN_POINT('',(280.,42.5,2.2225E+03));
#8959 = VECTOR('',#8960,1.);
#8960 = DIRECTION('',(0.,1.,0.));
#8961 = PCURVE('',#8934,#8962);
#8962 = DEFINITIONAL_REPRESENTATION('',(#8963),#8967);
#8963 = LINE('',#8964,#8965);
#8964 = CARTESIAN_POINT('',(0.,0.));
#8965 = VECTOR('',#8966,1.);
#8966 = DIRECTION('',(0.,-1.));
#8967 = ( GEOMETRIC_REPRESENTATION_CONTEXT(2) 
PARAMETRIC_REPRESENTATION_CONTEXT() REPRESENTATION_CONTEXT('2D SPACE',''
  ) );
#8968 = PCURVE('',#8854,#8969);
#8969 = DEFINITIONAL_REPRESENTATION('',(#8970),#8974);
#8970 = LINE('',#8971,#8972);
#8971 = CARTESIAN_POINT('',(70.,0.));
#8972 = VECTOR('',#8973,1.);
#8973 = DIRECTION('',(0.,1.));
#8974 = ( GEOMETRIC_REPRESENTATION_CONTEXT(2) 
PARAMETRIC_REPRESENTATION_CONTEXT() REPRESENTATION_CONTEXT('2D SPACE',''
  ) );
#8975 = ORIENTED_EDGE('',*,*,#8976,.T.);
#8976 = EDGE_CURVE('',#8954,#8977,#8979,.T.);
#8977 = VERTEX_POINT('',#8978);
#8978 = CARTESIAN_POINT('',(280.,87.5,2.2675E+03));
#8979 = SURFACE_CURVE('',#8980,(#8984,#8991),.PCURVE_S1.);
#8980 = LINE('',#8981,#8982);
#8981 = CARTESIAN_POINT('',(280.,87.5,2.2225E+03));
#8982 = VECTOR('',#8983,1.);
#8983 = DIRECTION('',(0.,0.,1.));
#8984 = PCURVE('',#8934,#8985);
#8985 = DEFINITIONAL_REPRESENTATION('',(#8986),#8990);
#8986 = LINE('',#8987,#8988);
#8987 = CARTESIAN_POINT('',(0.,-45.));
#8988 = VECTOR('',#8989,1.);
#8989 = DIRECTION('',(1.,0.));
#8990 = ( GEOMETRIC_REPRESENTATION_CONTEXT(2) 
PARAMETRIC_REPRESENTATION_CONTEXT() REPRESENTATION_CONTEXT('2D SPACE',''
  ) );
#8991 = PCURVE('',#8882,#8992);
#8992 = DEFINITIONAL_REPRESENTATION('',(#8993),#8997);
#8993 = LINE('',#8994,#8995);
#8994 = CARTESIAN_POINT('',(0.,70.));
#8995 = VECTOR('',#8996,1.);
#8996 = DIRECTION('',(1.,0.));
#8997 = ( GEOMETRIC_REPRESENTATION_CONTEXT(2) 
PARAMETRIC_REPRESENTATION_CONTEXT() REPRESENTATION_CONTEXT('2D SPACE',''
  ) );
#8998 = ORIENTED_EDGE('',*,*,#8999,.F.);
#8999 = EDGE_CURVE('',#8926,#8977,#9000,.T.);
#9000 = SURFACE_CURVE('',#9001,(#9005,#9012),.PCURVE_S1.);
#9001 = LINE('',#9002,#9003);
#9002 = CARTESIAN_POINT('',(280.,42.5,2.2675E+03));
#9003 = VECTOR('',#9004,1.);
#9004 = DIRECTION('',(0.,1.,0.));
#9005 = PCURVE('',#8934,#9006);
#9006 = DEFINITIONAL_REPRESENTATION('',(#9007),#9011);
#9007 = LINE('',#9008,#9009);
#9008 = CARTESIAN_POINT('',(45.,0.));
#9009 = VECTOR('',#9010,1.);
#9010 = DIRECTION('',(0.,-1.));
#9011 = ( GEOMETRIC_REPRESENTATION_CONTEXT(2) 
PARAMETRIC_REPRESENTATION_CONTEXT() REPRESENTATION_CONTEXT('2D SPACE',''
  ) );
#9012 = PCURVE('',#8908,#9013);
#9013 = DEFINITIONAL_REPRESENTATION('',(#9014),#9018);
#9014 = LINE('',#9015,#9016);
#9015 = CARTESIAN_POINT('',(70.,0.));
#9016 = VECTOR('',#9017,1.);
#9017 = DIRECTION('',(0.,1.));
#9018 = ( GEOMETRIC_REPRESENTATION_CONTEXT(2) 
PARAMETRIC_REPRESENTATION_CONTEXT() REPRESENTATION_CONTEXT('2D SPACE',''
  ) );
#9019 = ADVANCED_FACE('',(#9020),#8826,.F.);
#9020 = FACE_BOUND('',#9021,.F.);
#9021 = EDGE_LOOP('',(#9022,#9043,#9044,#9065));
#9022 = ORIENTED_EDGE('',*,*,#9023,.F.);
#9023 = EDGE_CURVE('',#8804,#8924,#9024,.T.);
#9024 = SURFACE_CURVE('',#9025,(#9029,#9036),.PCURVE_S1.);
#9025 = LINE('',#9026,#9027);
#9026 = CARTESIAN_POINT('',(210.,42.5,2.2225E+03));
#9027 = VECTOR('',#9028,1.);
#9028 = DIRECTION('',(1.,0.,0.));
#9029 = PCURVE('',#8826,#9030);
#9030 = DEFINITIONAL_REPRESENTATION('',(#9031),#9035);
#9031 = LINE('',#9032,#9033);
#9032 = CARTESIAN_POINT('',(0.,0.));
#9033 = VECTOR('',#9034,1.);
#9034 = DIRECTION('',(0.,1.));
#9035 = ( GEOMETRIC_REPRESENTATION_CONTEXT(2) 
PARAMETRIC_REPRESENTATION_CONTEXT() REPRESENTATION_CONTEXT('2D SPACE',''
  ) );
#9036 = PCURVE('',#8854,#9037);
#9037 = DEFINITIONAL_REPRESENTATION('',(#9038),#9042);
#9038 = LINE('',#9039,#9040);
#9039 = CARTESIAN_POINT('',(0.,0.));
#9040 = VECTOR('',#9041,1.);
#9041 = DIRECTION('',(1.,0.));
#9042 = ( GEOMETRIC_REPRESENTATION_CONTEXT(2) 
PARAMETRIC_REPRESENTATION_CONTEXT() REPRESENTATION_CONTEXT('2D SPACE',''
  ) );
#9043 = ORIENTED_EDGE('',*,*,#8803,.T.);
#9044 = ORIENTED_EDGE('',*,*,#9045,.T.);
#9045 = EDGE_CURVE('',#8806,#8926,#9046,.T.);
#9046 = SURFACE_CURVE('',#9047,(#9051,#9058),.PCURVE_S1.);
#9047 = LINE('',#9048,#9049);
#9048 = CARTESIAN_POINT('',(210.,42.5,2.2675E+03));
#9049 = VECTOR('',#9050,1.);
#9050 = DIRECTION('',(1.,0.,0.));
#9051 = PCURVE('',#8826,#9052);
#9052 = DEFINITIONAL_REPRESENTATION('',(#9053),#9057);
#9053 = LINE('',#9054,#9055);
#9054 = CARTESIAN_POINT('',(45.,0.));
#9055 = VECTOR('',#9056,1.);
#9056 = DIRECTION('',(0.,1.));
#9057 = ( GEOMETRIC_REPRESENTATION_CONTEXT(2) 
PARAMETRIC_REPRESENTATION_CONTEXT() REPRESENTATION_CONTEXT('2D SPACE',''
  ) );
#9058 = PCURVE('',#8908,#9059);
#9059 = DEFINITIONAL_REPRESENTATION('',(#9060),#9064);
#9060 = LINE('',#9061,#9062);
#9061 = CARTESIAN_POINT('',(0.,0.));
#9062 = VECTOR('',#9063,1.);
#9063 = DIRECTION('',(1.,0.));
#9064 = ( GEOMETRIC_REPRESENTATION_CONTEXT(2) 
PARAMETRIC_REPRESENTATION_CONTEXT() REPRESENTATION_CONTEXT('2D SPACE',''
  ) );
#9065 = ORIENTED_EDGE('',*,*,#8923,.F.);
#9066 = ADVANCED_FACE('',(#9067),#8882,.T.);
#9067 = FACE_BOUND('',#9068,.T.);
#9068 = EDGE_LOOP('',(#9069,#9090,#9091,#9112));
#9069 = ORIENTED_EDGE('',*,*,#9070,.F.);
#9070 = EDGE_CURVE('',#8839,#8954,#9071,.T.);
#9071 = SURFACE_CURVE('',#9072,(#9076,#9083),.PCURVE_S1.);
#9072 = LINE('',#9073,#9074);
#9073 = CARTESIAN_POINT('',(210.,87.5,2.2225E+03));
#9074 = VECTOR('',#9075,1.);
#9075 = DIRECTION('',(1.,0.,0.));
#9076 = PCURVE('',#8882,#9077);
#9077 = DEFINITIONAL_REPRESENTATION('',(#9078),#9082);
#9078 = LINE('',#9079,#9080);
#9079 = CARTESIAN_POINT('',(0.,0.));
#9080 = VECTOR('',#9081,1.);
#9081 = DIRECTION('',(0.,1.));
#9082 = ( GEOMETRIC_REPRESENTATION_CONTEXT(2) 
PARAMETRIC_REPRESENTATION_CONTEXT() REPRESENTATION_CONTEXT('2D SPACE',''
  ) );
#9083 = PCURVE('',#8854,#9084);
#9084 = DEFINITIONAL_REPRESENTATION('',(#9085),#9089);
#9085 = LINE('',#9086,#9087);
#9086 = CARTESIAN_POINT('',(0.,45.));
#9087 = VECTOR('',#9088,1.);
#9088 = DIRECTION('',(1.,0.));
#9089 = ( GEOMETRIC_REPRESENTATION_CONTEXT(2) 
PARAMETRIC_REPRESENTATION_CONTEXT() REPRESENTATION_CONTEXT('2D SPACE',''
  ) );
#9090 = ORIENTED_EDGE('',*,*,#8866,.T.);
#9091 = ORIENTED_EDGE('',*,*,#9092,.T.);
#9092 = EDGE_CURVE('',#8867,#8977,#9093,.T.);
#9093 = SURFACE_CURVE('',#9094,(#9098,#9105),.PCURVE_S1.);
#9094 = LINE('',#9095,#9096);
#9095 = CARTESIAN_POINT('',(210.,87.5,2.2675E+03));
#9096 = VECTOR('',#9097,1.);
#9097 = DIRECTION('',(1.,0.,0.));
#9098 = PCURVE('',#8882,#9099);
#9099 = DEFINITIONAL_REPRESENTATION('',(#9100),#9104);
#9100 = LINE('',#9101,#9102);
#9101 = CARTESIAN_POINT('',(45.,0.));
#9102 = VECTOR('',#9103,1.);
#9103 = DIRECTION('',(0.,1.));
#9104 = ( GEOMETRIC_REPRESENTATION_CONTEXT(2) 
PARAMETRIC_REPRESENTATION_CONTEXT() REPRESENTATION_CONTEXT('2D SPACE',''
  ) );
#9105 = PCURVE('',#8908,#9106);
#9106 = DEFINITIONAL_REPRESENTATION('',(#9107),#9111);
#9107 = LINE('',#9108,#9109);
#9108 = CARTESIAN_POINT('',(0.,45.));
#9109 = VECTOR('',#9110,1.);
#9110 = DIRECTION('',(1.,0.));
#9111 = ( GEOMETRIC_REPRESENTATION_CONTEXT(2) 
PARAMETRIC_REPRESENTATION_CONTEXT() REPRESENTATION_CONTEXT('2D SPACE',''
  ) );
#9112 = ORIENTED_EDGE('',*,*,#8976,.F.);
#9113 = ADVANCED_FACE('',(#9114),#8854,.F.);
#9114 = FACE_BOUND('',#9115,.F.);
#9115 = EDGE_LOOP('',(#9116,#9117,#9118,#9119));
#9116 = ORIENTED_EDGE('',*,*,#8838,.F.);
#9117 = ORIENTED_EDGE('',*,*,#9023,.T.);
#9118 = ORIENTED_EDGE('',*,*,#8953,.T.);
#9119 = ORIENTED_EDGE('',*,*,#9070,.F.);
#9120 = ADVANCED_FACE('',(#9121),#8908,.T.);
#9121 = FACE_BOUND('',#9122,.T.);
#9122 = EDGE_LOOP('',(#9123,#9124,#9125,#9126));
#9123 = ORIENTED_EDGE('',*,*,#8894,.F.);
#9124 = ORIENTED_EDGE('',*,*,#9045,.T.);
#9125 = ORIENTED_EDGE('',*,*,#8999,.T.);
#9126 = ORIENTED_EDGE('',*,*,#9092,.F.);
#9127 = ( GEOMETRIC_REPRESENTATION_CONTEXT(3) 
GLOBAL_UNCERTAINTY_ASSIGNED_CONTEXT((#9131)) 
GLOBAL_UNIT_ASSIGNED_CONTEXT((#9128,#9129,#9130)) REPRESENTATION_CONTEXT
('Context #1','3D Context with UNIT and UNCERTAINTY') );
#9128 = ( LENGTH_UNIT() NAMED_UNIT(*) SI_UNIT(.MILLI.,.METRE.) );
#9129 = ( NAMED_UNIT(*) PLANE_ANGLE_UNIT() SI_UNIT($,.RADIAN.) );
#9130 = ( NAMED_UNIT(*) SI_UNIT($,.STERADIAN.) SOLID_ANGLE_UNIT() );
#9131 = UNCERTAINTY_MEASURE_WITH_UNIT(LENGTH_MEASURE(1.E-07),#9128,
  'distance_accuracy_value','confusion accuracy');
#9132 = CONTEXT_DEPENDENT_SHAPE_REPRESENTATION(#9133,#9135);
#9133 = ( REPRESENTATION_RELATIONSHIP('','',#8796,#10) 
REPRESENTATION_RELATIONSHIP_WITH_TRANSFORMATION(#9134) 
SHAPE_REPRESENTATION_RELATIONSHIP() );
#9134 = ITEM_DEFINED_TRANSFORMATION('','',#11,#331);
#9135 = PRODUCT_DEFINITION_SHAPE('Placement','Placement of an item',
  #9136);
#9136 = NEXT_ASSEMBLY_USAGE_OCCURRENCE('80','Yaw_Servo','',#5,#8791,$);
#9137 = PRODUCT_RELATED_PRODUCT_CATEGORY('part',$,(#8793));
#9138 = SHAPE_DEFINITION_REPRESENTATION(#9139,#9145);
#9139 = PRODUCT_DEFINITION_SHAPE('','',#9140);
#9140 = PRODUCT_DEFINITION('design','',#9141,#9144);
#9141 = PRODUCT_DEFINITION_FORMATION('','',#9142);
#9142 = PRODUCT('Pitch_Servo','Pitch_Servo','',(#9143));
#9143 = PRODUCT_CONTEXT('',#2,'mechanical');
#9144 = PRODUCT_DEFINITION_CONTEXT('part definition',#2,'design');
#9145 = ADVANCED_BREP_SHAPE_REPRESENTATION('',(#11,#9146),#9476);
#9146 = MANIFOLD_SOLID_BREP('',#9147);
#9147 = CLOSED_SHELL('',(#9148,#9268,#9368,#9415,#9462,#9469));
#9148 = ADVANCED_FACE('',(#9149),#9163,.F.);
#9149 = FACE_BOUND('',#9150,.F.);
#9150 = EDGE_LOOP('',(#9151,#9186,#9214,#9242));
#9151 = ORIENTED_EDGE('',*,*,#9152,.F.);
#9152 = EDGE_CURVE('',#9153,#9155,#9157,.T.);
#9153 = VERTEX_POINT('',#9154);
#9154 = CARTESIAN_POINT('',(210.,-87.5,2.2225E+03));
#9155 = VERTEX_POINT('',#9156);
#9156 = CARTESIAN_POINT('',(210.,-87.5,2.2675E+03));
#9157 = SURFACE_CURVE('',#9158,(#9162,#9174),.PCURVE_S1.);
#9158 = LINE('',#9159,#9160);
#9159 = CARTESIAN_POINT('',(210.,-87.5,2.2225E+03));
#9160 = VECTOR('',#9161,1.);
#9161 = DIRECTION('',(0.,0.,1.));
#9162 = PCURVE('',#9163,#9168);
#9163 = PLANE('',#9164);
#9164 = AXIS2_PLACEMENT_3D('',#9165,#9166,#9167);
#9165 = CARTESIAN_POINT('',(210.,-87.5,2.2225E+03));
#9166 = DIRECTION('',(1.,0.,0.));
#9167 = DIRECTION('',(0.,0.,1.));
#9168 = DEFINITIONAL_REPRESENTATION('',(#9169),#9173);
#9169 = LINE('',#9170,#9171);
#9170 = CARTESIAN_POINT('',(0.,0.));
#9171 = VECTOR('',#9172,1.);
#9172 = DIRECTION('',(1.,0.));
#9173 = ( GEOMETRIC_REPRESENTATION_CONTEXT(2) 
PARAMETRIC_REPRESENTATION_CONTEXT() REPRESENTATION_CONTEXT('2D SPACE',''
  ) );
#9174 = PCURVE('',#9175,#9180);
#9175 = PLANE('',#9176);
#9176 = AXIS2_PLACEMENT_3D('',#9177,#9178,#9179);
#9177 = CARTESIAN_POINT('',(210.,-87.5,2.2225E+03));
#9178 = DIRECTION('',(0.,1.,0.));
#9179 = DIRECTION('',(0.,0.,1.));
#9180 = DEFINITIONAL_REPRESENTATION('',(#9181),#9185);
#9181 = LINE('',#9182,#9183);
#9182 = CARTESIAN_POINT('',(0.,0.));
#9183 = VECTOR('',#9184,1.);
#9184 = DIRECTION('',(1.,0.));
#9185 = ( GEOMETRIC_REPRESENTATION_CONTEXT(2) 
PARAMETRIC_REPRESENTATION_CONTEXT() REPRESENTATION_CONTEXT('2D SPACE',''
  ) );
#9186 = ORIENTED_EDGE('',*,*,#9187,.T.);
#9187 = EDGE_CURVE('',#9153,#9188,#9190,.T.);
#9188 = VERTEX_POINT('',#9189);
#9189 = CARTESIAN_POINT('',(210.,-42.5,2.2225E+03));
#9190 = SURFACE_CURVE('',#9191,(#9195,#9202),.PCURVE_S1.);
#9191 = LINE('',#9192,#9193);
#9192 = CARTESIAN_POINT('',(210.,-87.5,2.2225E+03));
#9193 = VECTOR('',#9194,1.);
#9194 = DIRECTION('',(0.,1.,0.));
#9195 = PCURVE('',#9163,#9196);
#9196 = DEFINITIONAL_REPRESENTATION('',(#9197),#9201);
#9197 = LINE('',#9198,#9199);
#9198 = CARTESIAN_POINT('',(0.,0.));
#9199 = VECTOR('',#9200,1.);
#9200 = DIRECTION('',(0.,-1.));
#9201 = ( GEOMETRIC_REPRESENTATION_CONTEXT(2) 
PARAMETRIC_REPRESENTATION_CONTEXT() REPRESENTATION_CONTEXT('2D SPACE',''
  ) );
#9202 = PCURVE('',#9203,#9208);
#9203 = PLANE('',#9204);
#9204 = AXIS2_PLACEMENT_3D('',#9205,#9206,#9207);
#9205 = CARTESIAN_POINT('',(210.,-87.5,2.2225E+03));
#9206 = DIRECTION('',(0.,0.,1.));
#9207 = DIRECTION('',(1.,0.,0.));
#9208 = DEFINITIONAL_REPRESENTATION('',(#9209),#9213);
#9209 = LINE('',#9210,#9211);
#9210 = CARTESIAN_POINT('',(0.,0.));
#9211 = VECTOR('',#9212,1.);
#9212 = DIRECTION('',(0.,1.));
#9213 = ( GEOMETRIC_REPRESENTATION_CONTEXT(2) 
PARAMETRIC_REPRESENTATION_CONTEXT() REPRESENTATION_CONTEXT('2D SPACE',''
  ) );
#9214 = ORIENTED_EDGE('',*,*,#9215,.T.);
#9215 = EDGE_CURVE('',#9188,#9216,#9218,.T.);
#9216 = VERTEX_POINT('',#9217);
#9217 = CARTESIAN_POINT('',(210.,-42.5,2.2675E+03));
#9218 = SURFACE_CURVE('',#9219,(#9223,#9230),.PCURVE_S1.);
#9219 = LINE('',#9220,#9221);
#9220 = CARTESIAN_POINT('',(210.,-42.5,2.2225E+03));
#9221 = VECTOR('',#9222,1.);
#9222 = DIRECTION('',(0.,0.,1.));
#9223 = PCURVE('',#9163,#9224);
#9224 = DEFINITIONAL_REPRESENTATION('',(#9225),#9229);
#9225 = LINE('',#9226,#9227);
#9226 = CARTESIAN_POINT('',(0.,-45.));
#9227 = VECTOR('',#9228,1.);
#9228 = DIRECTION('',(1.,0.));
#9229 = ( GEOMETRIC_REPRESENTATION_CONTEXT(2) 
PARAMETRIC_REPRESENTATION_CONTEXT() REPRESENTATION_CONTEXT('2D SPACE',''
  ) );
#9230 = PCURVE('',#9231,#9236);
#9231 = PLANE('',#9232);
#9232 = AXIS2_PLACEMENT_3D('',#9233,#9234,#9235);
#9233 = CARTESIAN_POINT('',(210.,-42.5,2.2225E+03));
#9234 = DIRECTION('',(0.,1.,0.));
#9235 = DIRECTION('',(0.,0.,1.));
#9236 = DEFINITIONAL_REPRESENTATION('',(#9237),#9241);
#9237 = LINE('',#9238,#9239);
#9238 = CARTESIAN_POINT('',(0.,0.));
#9239 = VECTOR('',#9240,1.);
#9240 = DIRECTION('',(1.,0.));
#9241 = ( GEOMETRIC_REPRESENTATION_CONTEXT(2) 
PARAMETRIC_REPRESENTATION_CONTEXT() REPRESENTATION_CONTEXT('2D SPACE',''
  ) );
#9242 = ORIENTED_EDGE('',*,*,#9243,.F.);
#9243 = EDGE_CURVE('',#9155,#9216,#9244,.T.);
#9244 = SURFACE_CURVE('',#9245,(#9249,#9256),.PCURVE_S1.);
#9245 = LINE('',#9246,#9247);
#9246 = CARTESIAN_POINT('',(210.,-87.5,2.2675E+03));
#9247 = VECTOR('',#9248,1.);
#9248 = DIRECTION('',(0.,1.,0.));
#9249 = PCURVE('',#9163,#9250);
#9250 = DEFINITIONAL_REPRESENTATION('',(#9251),#9255);
#9251 = LINE('',#9252,#9253);
#9252 = CARTESIAN_POINT('',(45.,0.));
#9253 = VECTOR('',#9254,1.);
#9254 = DIRECTION('',(0.,-1.));
#9255 = ( GEOMETRIC_REPRESENTATION_CONTEXT(2) 
PARAMETRIC_REPRESENTATION_CONTEXT() REPRESENTATION_CONTEXT('2D SPACE',''
  ) );
#9256 = PCURVE('',#9257,#9262);
#9257 = PLANE('',#9258);
#9258 = AXIS2_PLACEMENT_3D('',#9259,#9260,#9261);
#9259 = CARTESIAN_POINT('',(210.,-87.5,2.2675E+03));
#9260 = DIRECTION('',(0.,0.,1.));
#9261 = DIRECTION('',(1.,0.,0.));
#9262 = DEFINITIONAL_REPRESENTATION('',(#9263),#9267);
#9263 = LINE('',#9264,#9265);
#9264 = CARTESIAN_POINT('',(0.,0.));
#9265 = VECTOR('',#9266,1.);
#9266 = DIRECTION('',(0.,1.));
#9267 = ( GEOMETRIC_REPRESENTATION_CONTEXT(2) 
PARAMETRIC_REPRESENTATION_CONTEXT() REPRESENTATION_CONTEXT('2D SPACE',''
  ) );
#9268 = ADVANCED_FACE('',(#9269),#9283,.T.);
#9269 = FACE_BOUND('',#9270,.T.);
#9270 = EDGE_LOOP('',(#9271,#9301,#9324,#9347));
#9271 = ORIENTED_EDGE('',*,*,#9272,.F.);
#9272 = EDGE_CURVE('',#9273,#9275,#9277,.T.);
#9273 = VERTEX_POINT('',#9274);
#9274 = CARTESIAN_POINT('',(280.,-87.5,2.2225E+03));
#9275 = VERTEX_POINT('',#9276);
#9276 = CARTESIAN_POINT('',(280.,-87.5,2.2675E+03));
#9277 = SURFACE_CURVE('',#9278,(#9282,#9294),.PCURVE_S1.);
#9278 = LINE('',#9279,#9280);
#9279 = CARTESIAN_POINT('',(280.,-87.5,2.2225E+03));
#9280 = VECTOR('',#9281,1.);
#9281 = DIRECTION('',(0.,0.,1.));
#9282 = PCURVE('',#9283,#9288);
#9283 = PLANE('',#9284);
#9284 = AXIS2_PLACEMENT_3D('',#9285,#9286,#9287);
#9285 = CARTESIAN_POINT('',(280.,-87.5,2.2225E+03));
#9286 = DIRECTION('',(1.,0.,0.));
#9287 = DIRECTION('',(0.,0.,1.));
#9288 = DEFINITIONAL_REPRESENTATION('',(#9289),#9293);
#9289 = LINE('',#9290,#9291);
#9290 = CARTESIAN_POINT('',(0.,0.));
#9291 = VECTOR('',#9292,1.);
#9292 = DIRECTION('',(1.,0.));
#9293 = ( GEOMETRIC_REPRESENTATION_CONTEXT(2) 
PARAMETRIC_REPRESENTATION_CONTEXT() REPRESENTATION_CONTEXT('2D SPACE',''
  ) );
#9294 = PCURVE('',#9175,#9295);
#9295 = DEFINITIONAL_REPRESENTATION('',(#9296),#9300);
#9296 = LINE('',#9297,#9298);
#9297 = CARTESIAN_POINT('',(0.,70.));
#9298 = VECTOR('',#9299,1.);
#9299 = DIRECTION('',(1.,0.));
#9300 = ( GEOMETRIC_REPRESENTATION_CONTEXT(2) 
PARAMETRIC_REPRESENTATION_CONTEXT() REPRESENTATION_CONTEXT('2D SPACE',''
  ) );
#9301 = ORIENTED_EDGE('',*,*,#9302,.T.);
#9302 = EDGE_CURVE('',#9273,#9303,#9305,.T.);
#9303 = VERTEX_POINT('',#9304);
#9304 = CARTESIAN_POINT('',(280.,-42.5,2.2225E+03));
#9305 = SURFACE_CURVE('',#9306,(#9310,#9317),.PCURVE_S1.);
#9306 = LINE('',#9307,#9308);
#9307 = CARTESIAN_POINT('',(280.,-87.5,2.2225E+03));
#9308 = VECTOR('',#9309,1.);
#9309 = DIRECTION('',(0.,1.,0.));
#9310 = PCURVE('',#9283,#9311);
#9311 = DEFINITIONAL_REPRESENTATION('',(#9312),#9316);
#9312 = LINE('',#9313,#9314);
#9313 = CARTESIAN_POINT('',(0.,0.));
#9314 = VECTOR('',#9315,1.);
#9315 = DIRECTION('',(0.,-1.));
#9316 = ( GEOMETRIC_REPRESENTATION_CONTEXT(2) 
PARAMETRIC_REPRESENTATION_CONTEXT() REPRESENTATION_CONTEXT('2D SPACE',''
  ) );
#9317 = PCURVE('',#9203,#9318);
#9318 = DEFINITIONAL_REPRESENTATION('',(#9319),#9323);
#9319 = LINE('',#9320,#9321);
#9320 = CARTESIAN_POINT('',(70.,0.));
#9321 = VECTOR('',#9322,1.);
#9322 = DIRECTION('',(0.,1.));
#9323 = ( GEOMETRIC_REPRESENTATION_CONTEXT(2) 
PARAMETRIC_REPRESENTATION_CONTEXT() REPRESENTATION_CONTEXT('2D SPACE',''
  ) );
#9324 = ORIENTED_EDGE('',*,*,#9325,.T.);
#9325 = EDGE_CURVE('',#9303,#9326,#9328,.T.);
#9326 = VERTEX_POINT('',#9327);
#9327 = CARTESIAN_POINT('',(280.,-42.5,2.2675E+03));
#9328 = SURFACE_CURVE('',#9329,(#9333,#9340),.PCURVE_S1.);
#9329 = LINE('',#9330,#9331);
#9330 = CARTESIAN_POINT('',(280.,-42.5,2.2225E+03));
#9331 = VECTOR('',#9332,1.);
#9332 = DIRECTION('',(0.,0.,1.));
#9333 = PCURVE('',#9283,#9334);
#9334 = DEFINITIONAL_REPRESENTATION('',(#9335),#9339);
#9335 = LINE('',#9336,#9337);
#9336 = CARTESIAN_POINT('',(0.,-45.));
#9337 = VECTOR('',#9338,1.);
#9338 = DIRECTION('',(1.,0.));
#9339 = ( GEOMETRIC_REPRESENTATION_CONTEXT(2) 
PARAMETRIC_REPRESENTATION_CONTEXT() REPRESENTATION_CONTEXT('2D SPACE',''
  ) );
#9340 = PCURVE('',#9231,#9341);
#9341 = DEFINITIONAL_REPRESENTATION('',(#9342),#9346);
#9342 = LINE('',#9343,#9344);
#9343 = CARTESIAN_POINT('',(0.,70.));
#9344 = VECTOR('',#9345,1.);
#9345 = DIRECTION('',(1.,0.));
#9346 = ( GEOMETRIC_REPRESENTATION_CONTEXT(2) 
PARAMETRIC_REPRESENTATION_CONTEXT() REPRESENTATION_CONTEXT('2D SPACE',''
  ) );
#9347 = ORIENTED_EDGE('',*,*,#9348,.F.);
#9348 = EDGE_CURVE('',#9275,#9326,#9349,.T.);
#9349 = SURFACE_CURVE('',#9350,(#9354,#9361),.PCURVE_S1.);
#9350 = LINE('',#9351,#9352);
#9351 = CARTESIAN_POINT('',(280.,-87.5,2.2675E+03));
#9352 = VECTOR('',#9353,1.);
#9353 = DIRECTION('',(0.,1.,0.));
#9354 = PCURVE('',#9283,#9355);
#9355 = DEFINITIONAL_REPRESENTATION('',(#9356),#9360);
#9356 = LINE('',#9357,#9358);
#9357 = CARTESIAN_POINT('',(45.,0.));
#9358 = VECTOR('',#9359,1.);
#9359 = DIRECTION('',(0.,-1.));
#9360 = ( GEOMETRIC_REPRESENTATION_CONTEXT(2) 
PARAMETRIC_REPRESENTATION_CONTEXT() REPRESENTATION_CONTEXT('2D SPACE',''
  ) );
#9361 = PCURVE('',#9257,#9362);
#9362 = DEFINITIONAL_REPRESENTATION('',(#9363),#9367);
#9363 = LINE('',#9364,#9365);
#9364 = CARTESIAN_POINT('',(70.,0.));
#9365 = VECTOR('',#9366,1.);
#9366 = DIRECTION('',(0.,1.));
#9367 = ( GEOMETRIC_REPRESENTATION_CONTEXT(2) 
PARAMETRIC_REPRESENTATION_CONTEXT() REPRESENTATION_CONTEXT('2D SPACE',''
  ) );
#9368 = ADVANCED_FACE('',(#9369),#9175,.F.);
#9369 = FACE_BOUND('',#9370,.F.);
#9370 = EDGE_LOOP('',(#9371,#9392,#9393,#9414));
#9371 = ORIENTED_EDGE('',*,*,#9372,.F.);
#9372 = EDGE_CURVE('',#9153,#9273,#9373,.T.);
#9373 = SURFACE_CURVE('',#9374,(#9378,#9385),.PCURVE_S1.);
#9374 = LINE('',#9375,#9376);
#9375 = CARTESIAN_POINT('',(210.,-87.5,2.2225E+03));
#9376 = VECTOR('',#9377,1.);
#9377 = DIRECTION('',(1.,0.,0.));
#9378 = PCURVE('',#9175,#9379);
#9379 = DEFINITIONAL_REPRESENTATION('',(#9380),#9384);
#9380 = LINE('',#9381,#9382);
#9381 = CARTESIAN_POINT('',(0.,0.));
#9382 = VECTOR('',#9383,1.);
#9383 = DIRECTION('',(0.,1.));
#9384 = ( GEOMETRIC_REPRESENTATION_CONTEXT(2) 
PARAMETRIC_REPRESENTATION_CONTEXT() REPRESENTATION_CONTEXT('2D SPACE',''
  ) );
#9385 = PCURVE('',#9203,#9386);
#9386 = DEFINITIONAL_REPRESENTATION('',(#9387),#9391);
#9387 = LINE('',#9388,#9389);
#9388 = CARTESIAN_POINT('',(0.,0.));
#9389 = VECTOR('',#9390,1.);
#9390 = DIRECTION('',(1.,0.));
#9391 = ( GEOMETRIC_REPRESENTATION_CONTEXT(2) 
PARAMETRIC_REPRESENTATION_CONTEXT() REPRESENTATION_CONTEXT('2D SPACE',''
  ) );
#9392 = ORIENTED_EDGE('',*,*,#9152,.T.);
#9393 = ORIENTED_EDGE('',*,*,#9394,.T.);
#9394 = EDGE_CURVE('',#9155,#9275,#9395,.T.);
#9395 = SURFACE_CURVE('',#9396,(#9400,#9407),.PCURVE_S1.);
#9396 = LINE('',#9397,#9398);
#9397 = CARTESIAN_POINT('',(210.,-87.5,2.2675E+03));
#9398 = VECTOR('',#9399,1.);
#9399 = DIRECTION('',(1.,0.,0.));
#9400 = PCURVE('',#9175,#9401);
#9401 = DEFINITIONAL_REPRESENTATION('',(#9402),#9406);
#9402 = LINE('',#9403,#9404);
#9403 = CARTESIAN_POINT('',(45.,0.));
#9404 = VECTOR('',#9405,1.);
#9405 = DIRECTION('',(0.,1.));
#9406 = ( GEOMETRIC_REPRESENTATION_CONTEXT(2) 
PARAMETRIC_REPRESENTATION_CONTEXT() REPRESENTATION_CONTEXT('2D SPACE',''
  ) );
#9407 = PCURVE('',#9257,#9408);
#9408 = DEFINITIONAL_REPRESENTATION('',(#9409),#9413);
#9409 = LINE('',#9410,#9411);
#9410 = CARTESIAN_POINT('',(0.,0.));
#9411 = VECTOR('',#9412,1.);
#9412 = DIRECTION('',(1.,0.));
#9413 = ( GEOMETRIC_REPRESENTATION_CONTEXT(2) 
PARAMETRIC_REPRESENTATION_CONTEXT() REPRESENTATION_CONTEXT('2D SPACE',''
  ) );
#9414 = ORIENTED_EDGE('',*,*,#9272,.F.);
#9415 = ADVANCED_FACE('',(#9416),#9231,.T.);
#9416 = FACE_BOUND('',#9417,.T.);
#9417 = EDGE_LOOP('',(#9418,#9439,#9440,#9461));
#9418 = ORIENTED_EDGE('',*,*,#9419,.F.);
#9419 = EDGE_CURVE('',#9188,#9303,#9420,.T.);
#9420 = SURFACE_CURVE('',#9421,(#9425,#9432),.PCURVE_S1.);
#9421 = LINE('',#9422,#9423);
#9422 = CARTESIAN_POINT('',(210.,-42.5,2.2225E+03));
#9423 = VECTOR('',#9424,1.);
#9424 = DIRECTION('',(1.,0.,0.));
#9425 = PCURVE('',#9231,#9426);
#9426 = DEFINITIONAL_REPRESENTATION('',(#9427),#9431);
#9427 = LINE('',#9428,#9429);
#9428 = CARTESIAN_POINT('',(0.,0.));
#9429 = VECTOR('',#9430,1.);
#9430 = DIRECTION('',(0.,1.));
#9431 = ( GEOMETRIC_REPRESENTATION_CONTEXT(2) 
PARAMETRIC_REPRESENTATION_CONTEXT() REPRESENTATION_CONTEXT('2D SPACE',''
  ) );
#9432 = PCURVE('',#9203,#9433);
#9433 = DEFINITIONAL_REPRESENTATION('',(#9434),#9438);
#9434 = LINE('',#9435,#9436);
#9435 = CARTESIAN_POINT('',(0.,45.));
#9436 = VECTOR('',#9437,1.);
#9437 = DIRECTION('',(1.,0.));
#9438 = ( GEOMETRIC_REPRESENTATION_CONTEXT(2) 
PARAMETRIC_REPRESENTATION_CONTEXT() REPRESENTATION_CONTEXT('2D SPACE',''
  ) );
#9439 = ORIENTED_EDGE('',*,*,#9215,.T.);
#9440 = ORIENTED_EDGE('',*,*,#9441,.T.);
#9441 = EDGE_CURVE('',#9216,#9326,#9442,.T.);
#9442 = SURFACE_CURVE('',#9443,(#9447,#9454),.PCURVE_S1.);
#9443 = LINE('',#9444,#9445);
#9444 = CARTESIAN_POINT('',(210.,-42.5,2.2675E+03));
#9445 = VECTOR('',#9446,1.);
#9446 = DIRECTION('',(1.,0.,0.));
#9447 = PCURVE('',#9231,#9448);
#9448 = DEFINITIONAL_REPRESENTATION('',(#9449),#9453);
#9449 = LINE('',#9450,#9451);
#9450 = CARTESIAN_POINT('',(45.,0.));
#9451 = VECTOR('',#9452,1.);
#9452 = DIRECTION('',(0.,1.));
#9453 = ( GEOMETRIC_REPRESENTATION_CONTEXT(2) 
PARAMETRIC_REPRESENTATION_CONTEXT() REPRESENTATION_CONTEXT('2D SPACE',''
  ) );
#9454 = PCURVE('',#9257,#9455);
#9455 = DEFINITIONAL_REPRESENTATION('',(#9456),#9460);
#9456 = LINE('',#9457,#9458);
#9457 = CARTESIAN_POINT('',(0.,45.));
#9458 = VECTOR('',#9459,1.);
#9459 = DIRECTION('',(1.,0.));
#9460 = ( GEOMETRIC_REPRESENTATION_CONTEXT(2) 
PARAMETRIC_REPRESENTATION_CONTEXT() REPRESENTATION_CONTEXT('2D SPACE',''
  ) );
#9461 = ORIENTED_EDGE('',*,*,#9325,.F.);
#9462 = ADVANCED_FACE('',(#9463),#9203,.F.);
#9463 = FACE_BOUND('',#9464,.F.);
#9464 = EDGE_LOOP('',(#9465,#9466,#9467,#9468));
#9465 = ORIENTED_EDGE('',*,*,#9187,.F.);
#9466 = ORIENTED_EDGE('',*,*,#9372,.T.);
#9467 = ORIENTED_EDGE('',*,*,#9302,.T.);
#9468 = ORIENTED_EDGE('',*,*,#9419,.F.);
#9469 = ADVANCED_FACE('',(#9470),#9257,.T.);
#9470 = FACE_BOUND('',#9471,.T.);
#9471 = EDGE_LOOP('',(#9472,#9473,#9474,#9475));
#9472 = ORIENTED_EDGE('',*,*,#9243,.F.);
#9473 = ORIENTED_EDGE('',*,*,#9394,.T.);
#9474 = ORIENTED_EDGE('',*,*,#9348,.T.);
#9475 = ORIENTED_EDGE('',*,*,#9441,.F.);
#9476 = ( GEOMETRIC_REPRESENTATION_CONTEXT(3) 
GLOBAL_UNCERTAINTY_ASSIGNED_CONTEXT((#9480)) 
GLOBAL_UNIT_ASSIGNED_CONTEXT((#9477,#9478,#9479)) REPRESENTATION_CONTEXT
('Context #1','3D Context with UNIT and UNCERTAINTY') );
#9477 = ( LENGTH_UNIT() NAMED_UNIT(*) SI_UNIT(.MILLI.,.METRE.) );
#9478 = ( NAMED_UNIT(*) PLANE_ANGLE_UNIT() SI_UNIT($,.RADIAN.) );
#9479 = ( NAMED_UNIT(*) SI_UNIT($,.STERADIAN.) SOLID_ANGLE_UNIT() );
#9480 = UNCERTAINTY_MEASURE_WITH_UNIT(LENGTH_MEASURE(1.E-07),#9477,
  'distance_accuracy_value','confusion accuracy');
#9481 = CONTEXT_DEPENDENT_SHAPE_REPRESENTATION(#9482,#9484);
#9482 = ( REPRESENTATION_RELATIONSHIP('','',#9145,#10) 
REPRESENTATION_RELATIONSHIP_WITH_TRANSFORMATION(#9483) 
SHAPE_REPRESENTATION_RELATIONSHIP() );
#9483 = ITEM_DEFINED_TRANSFORMATION('','',#11,#335);
#9484 = PRODUCT_DEFINITION_SHAPE('Placement','Placement of an item',
  #9485);
#9485 = NEXT_ASSEMBLY_USAGE_OCCURRENCE('81','Pitch_Servo','',#5,#9140,$
  );
#9486 = PRODUCT_RELATED_PRODUCT_CATEGORY('part',$,(#9142));
#9487 = SHAPE_DEFINITION_REPRESENTATION(#9488,#9494);
#9488 = PRODUCT_DEFINITION_SHAPE('','',#9489);
#9489 = PRODUCT_DEFINITION('design','',#9490,#9493);
#9490 = PRODUCT_DEFINITION_FORMATION('','',#9491);
#9491 = PRODUCT('Cylindrical_Shooter','Cylindrical_Shooter','',(#9492));
#9492 = PRODUCT_CONTEXT('',#2,'mechanical');
#9493 = PRODUCT_DEFINITION_CONTEXT('part definition',#2,'design');
#9494 = ADVANCED_BREP_SHAPE_REPRESENTATION('',(#11,#9495),#9593);
#9495 = MANIFOLD_SOLID_BREP('',#9496);
#9496 = CLOSED_SHELL('',(#9497,#9585,#9589));
#9497 = ADVANCED_FACE('',(#9498),#9511,.T.);
#9498 = FACE_BOUND('',#9499,.T.);
#9499 = EDGE_LOOP('',(#9500,#9534,#9557,#9584));
#9500 = ORIENTED_EDGE('',*,*,#9501,.F.);
#9501 = EDGE_CURVE('',#9502,#9502,#9504,.T.);
#9502 = VERTEX_POINT('',#9503);
#9503 = CARTESIAN_POINT('',(317.,-1.763491390772E-14,2.28E+03));
#9504 = SURFACE_CURVE('',#9505,(#9510,#9522),.PCURVE_S1.);
#9505 = CIRCLE('',#9506,72.);
#9506 = AXIS2_PLACEMENT_3D('',#9507,#9508,#9509);
#9507 = CARTESIAN_POINT('',(245.,0.,2.28E+03));
#9508 = DIRECTION('',(0.,0.,1.));
#9509 = DIRECTION('',(1.,0.,0.));
#9510 = PCURVE('',#9511,#9516);
#9511 = CYLINDRICAL_SURFACE('',#9512,72.);
#9512 = AXIS2_PLACEMENT_3D('',#9513,#9514,#9515);
#9513 = CARTESIAN_POINT('',(245.,0.,2.07E+03));
#9514 = DIRECTION('',(0.,0.,1.));
#9515 = DIRECTION('',(1.,0.,0.));
#9516 = DEFINITIONAL_REPRESENTATION('',(#9517),#9521);
#9517 = LINE('',#9518,#9519);
#9518 = CARTESIAN_POINT('',(0.,210.));
#9519 = VECTOR('',#9520,1.);
#9520 = DIRECTION('',(1.,0.));
#9521 = ( GEOMETRIC_REPRESENTATION_CONTEXT(2) 
PARAMETRIC_REPRESENTATION_CONTEXT() REPRESENTATION_CONTEXT('2D SPACE',''
  ) );
#9522 = PCURVE('',#9523,#9528);
#9523 = PLANE('',#9524);
#9524 = AXIS2_PLACEMENT_3D('',#9525,#9526,#9527);
#9525 = CARTESIAN_POINT('',(245.,0.,2.28E+03));
#9526 = DIRECTION('',(0.,0.,1.));
#9527 = DIRECTION('',(1.,0.,0.));
#9528 = DEFINITIONAL_REPRESENTATION('',(#9529),#9533);
#9529 = CIRCLE('',#9530,72.);
#9530 = AXIS2_PLACEMENT_2D('',#9531,#9532);
#9531 = CARTESIAN_POINT('',(0.,0.));
#9532 = DIRECTION('',(1.,0.));
#9533 = ( GEOMETRIC_REPRESENTATION_CONTEXT(2) 
PARAMETRIC_REPRESENTATION_CONTEXT() REPRESENTATION_CONTEXT('2D SPACE',''
  ) );
#9534 = ORIENTED_EDGE('',*,*,#9535,.F.);
#9535 = EDGE_CURVE('',#9536,#9502,#9538,.T.);
#9536 = VERTEX_POINT('',#9537);
#9537 = CARTESIAN_POINT('',(317.,-1.763491390772E-14,2.07E+03));
#9538 = SEAM_CURVE('',#9539,(#9543,#9550),.PCURVE_S1.);
#9539 = LINE('',#9540,#9541);
#9540 = CARTESIAN_POINT('',(317.,-1.763491390772E-14,2.07E+03));
#9541 = VECTOR('',#9542,1.);
#9542 = DIRECTION('',(0.,0.,1.));
#9543 = PCURVE('',#9511,#9544);
#9544 = DEFINITIONAL_REPRESENTATION('',(#9545),#9549);
#9545 = LINE('',#9546,#9547);
#9546 = CARTESIAN_POINT('',(6.28318530718,-0.));
#9547 = VECTOR('',#9548,1.);
#9548 = DIRECTION('',(0.,1.));
#9549 = ( GEOMETRIC_REPRESENTATION_CONTEXT(2) 
PARAMETRIC_REPRESENTATION_CONTEXT() REPRESENTATION_CONTEXT('2D SPACE',''
  ) );
#9550 = PCURVE('',#9511,#9551);
#9551 = DEFINITIONAL_REPRESENTATION('',(#9552),#9556);
#9552 = LINE('',#9553,#9554);
#9553 = CARTESIAN_POINT('',(0.,-0.));
#9554 = VECTOR('',#9555,1.);
#9555 = DIRECTION('',(0.,1.));
#9556 = ( GEOMETRIC_REPRESENTATION_CONTEXT(2) 
PARAMETRIC_REPRESENTATION_CONTEXT() REPRESENTATION_CONTEXT('2D SPACE',''
  ) );
#9557 = ORIENTED_EDGE('',*,*,#9558,.T.);
#9558 = EDGE_CURVE('',#9536,#9536,#9559,.T.);
#9559 = SURFACE_CURVE('',#9560,(#9565,#9572),.PCURVE_S1.);
#9560 = CIRCLE('',#9561,72.);
#9561 = AXIS2_PLACEMENT_3D('',#9562,#9563,#9564);
#9562 = CARTESIAN_POINT('',(245.,0.,2.07E+03));
#9563 = DIRECTION('',(0.,0.,1.));
#9564 = DIRECTION('',(1.,0.,0.));
#9565 = PCURVE('',#9511,#9566);
#9566 = DEFINITIONAL_REPRESENTATION('',(#9567),#9571);
#9567 = LINE('',#9568,#9569);
#9568 = CARTESIAN_POINT('',(0.,0.));
#9569 = VECTOR('',#9570,1.);
#9570 = DIRECTION('',(1.,0.));
#9571 = ( GEOMETRIC_REPRESENTATION_CONTEXT(2) 
PARAMETRIC_REPRESENTATION_CONTEXT() REPRESENTATION_CONTEXT('2D SPACE',''
  ) );
#9572 = PCURVE('',#9573,#9578);
#9573 = PLANE('',#9574);
#9574 = AXIS2_PLACEMENT_3D('',#9575,#9576,#9577);
#9575 = CARTESIAN_POINT('',(245.,0.,2.07E+03));
#9576 = DIRECTION('',(0.,0.,1.));
#9577 = DIRECTION('',(1.,0.,0.));
#9578 = DEFINITIONAL_REPRESENTATION('',(#9579),#9583);
#9579 = CIRCLE('',#9580,72.);
#9580 = AXIS2_PLACEMENT_2D('',#9581,#9582);
#9581 = CARTESIAN_POINT('',(0.,0.));
#9582 = DIRECTION('',(1.,0.));
#9583 = ( GEOMETRIC_REPRESENTATION_CONTEXT(2) 
PARAMETRIC_REPRESENTATION_CONTEXT() REPRESENTATION_CONTEXT('2D SPACE',''
  ) );
#9584 = ORIENTED_EDGE('',*,*,#9535,.T.);
#9585 = ADVANCED_FACE('',(#9586),#9523,.T.);
#9586 = FACE_BOUND('',#9587,.T.);
#9587 = EDGE_LOOP('',(#9588));
#9588 = ORIENTED_EDGE('',*,*,#9501,.T.);
#9589 = ADVANCED_FACE('',(#9590),#9573,.F.);
#9590 = FACE_BOUND('',#9591,.T.);
#9591 = EDGE_LOOP('',(#9592));
#9592 = ORIENTED_EDGE('',*,*,#9558,.F.);
#9593 = ( GEOMETRIC_REPRESENTATION_CONTEXT(3) 
GLOBAL_UNCERTAINTY_ASSIGNED_CONTEXT((#9597)) 
GLOBAL_UNIT_ASSIGNED_CONTEXT((#9594,#9595,#9596)) REPRESENTATION_CONTEXT
('Context #1','3D Context with UNIT and UNCERTAINTY') );
#9594 = ( LENGTH_UNIT() NAMED_UNIT(*) SI_UNIT(.MILLI.,.METRE.) );
#9595 = ( NAMED_UNIT(*) PLANE_ANGLE_UNIT() SI_UNIT($,.RADIAN.) );
#9596 = ( NAMED_UNIT(*) SI_UNIT($,.STERADIAN.) SOLID_ANGLE_UNIT() );
#9597 = UNCERTAINTY_MEASURE_WITH_UNIT(LENGTH_MEASURE(1.E-07),#9594,
  'distance_accuracy_value','confusion accuracy');
#9598 = CONTEXT_DEPENDENT_SHAPE_REPRESENTATION(#9599,#9601);
#9599 = ( REPRESENTATION_RELATIONSHIP('','',#9494,#10) 
REPRESENTATION_RELATIONSHIP_WITH_TRANSFORMATION(#9600) 
SHAPE_REPRESENTATION_RELATIONSHIP() );
#9600 = ITEM_DEFINED_TRANSFORMATION('','',#11,#339);
#9601 = PRODUCT_DEFINITION_SHAPE('Placement','Placement of an item',
  #9602);
#9602 = NEXT_ASSEMBLY_USAGE_OCCURRENCE('82','Cylindrical_Shooter','',#5,
  #9489,$);
#9603 = PRODUCT_RELATED_PRODUCT_CATEGORY('part',$,(#9491));
#9604 = SHAPE_DEFINITION_REPRESENTATION(#9605,#9611);
#9605 = PRODUCT_DEFINITION_SHAPE('','',#9606);
#9606 = PRODUCT_DEFINITION('design','',#9607,#9610);
#9607 = PRODUCT_DEFINITION_FORMATION('','',#9608);
#9608 = PRODUCT('Rubber_Launch_Wheel_L','Rubber_Launch_Wheel_L','',(
    #9609));
#9609 = PRODUCT_CONTEXT('',#2,'mechanical');
#9610 = PRODUCT_DEFINITION_CONTEXT('part definition',#2,'design');
#9611 = ADVANCED_BREP_SHAPE_REPRESENTATION('',(#11,#9612),#9710);
#9612 = MANIFOLD_SOLID_BREP('',#9613);
#9613 = CLOSED_SHELL('',(#9614,#9702,#9706));
#9614 = ADVANCED_FACE('',(#9615),#9628,.T.);
#9615 = FACE_BOUND('',#9616,.T.);
#9616 = EDGE_LOOP('',(#9617,#9651,#9674,#9701));
#9617 = ORIENTED_EDGE('',*,*,#9618,.F.);
#9618 = EDGE_CURVE('',#9619,#9619,#9621,.T.);
#9619 = VERTEX_POINT('',#9620);
#9620 = CARTESIAN_POINT('',(398.,28.,2.184E+03));
#9621 = SURFACE_CURVE('',#9622,(#9627,#9639),.PCURVE_S1.);
#9622 = CIRCLE('',#9623,48.);
#9623 = AXIS2_PLACEMENT_3D('',#9624,#9625,#9626);
#9624 = CARTESIAN_POINT('',(350.,28.,2.184E+03));
#9625 = DIRECTION('',(0.,0.,1.));
#9626 = DIRECTION('',(1.,0.,0.));
#9627 = PCURVE('',#9628,#9633);
#9628 = CYLINDRICAL_SURFACE('',#9629,48.);
#9629 = AXIS2_PLACEMENT_3D('',#9630,#9631,#9632);
#9630 = CARTESIAN_POINT('',(350.,28.,2.166E+03));
#9631 = DIRECTION('',(0.,0.,1.));
#9632 = DIRECTION('',(1.,0.,0.));
#9633 = DEFINITIONAL_REPRESENTATION('',(#9634),#9638);
#9634 = LINE('',#9635,#9636);
#9635 = CARTESIAN_POINT('',(0.,18.));
#9636 = VECTOR('',#9637,1.);
#9637 = DIRECTION('',(1.,0.));
#9638 = ( GEOMETRIC_REPRESENTATION_CONTEXT(2) 
PARAMETRIC_REPRESENTATION_CONTEXT() REPRESENTATION_CONTEXT('2D SPACE',''
  ) );
#9639 = PCURVE('',#9640,#9645);
#9640 = PLANE('',#9641);
#9641 = AXIS2_PLACEMENT_3D('',#9642,#9643,#9644);
#9642 = CARTESIAN_POINT('',(350.,28.,2.184E+03));
#9643 = DIRECTION('',(0.,0.,1.));
#9644 = DIRECTION('',(1.,0.,0.));
#9645 = DEFINITIONAL_REPRESENTATION('',(#9646),#9650);
#9646 = CIRCLE('',#9647,48.);
#9647 = AXIS2_PLACEMENT_2D('',#9648,#9649);
#9648 = CARTESIAN_POINT('',(0.,0.));
#9649 = DIRECTION('',(1.,0.));
#9650 = ( GEOMETRIC_REPRESENTATION_CONTEXT(2) 
PARAMETRIC_REPRESENTATION_CONTEXT() REPRESENTATION_CONTEXT('2D SPACE',''
  ) );
#9651 = ORIENTED_EDGE('',*,*,#9652,.F.);
#9652 = EDGE_CURVE('',#9653,#9619,#9655,.T.);
#9653 = VERTEX_POINT('',#9654);
#9654 = CARTESIAN_POINT('',(398.,28.,2.166E+03));
#9655 = SEAM_CURVE('',#9656,(#9660,#9667),.PCURVE_S1.);
#9656 = LINE('',#9657,#9658);
#9657 = CARTESIAN_POINT('',(398.,28.,2.166E+03));
#9658 = VECTOR('',#9659,1.);
#9659 = DIRECTION('',(0.,0.,1.));
#9660 = PCURVE('',#9628,#9661);
#9661 = DEFINITIONAL_REPRESENTATION('',(#9662),#9666);
#9662 = LINE('',#9663,#9664);
#9663 = CARTESIAN_POINT('',(6.28318530718,-0.));
#9664 = VECTOR('',#9665,1.);
#9665 = DIRECTION('',(0.,1.));
#9666 = ( GEOMETRIC_REPRESENTATION_CONTEXT(2) 
PARAMETRIC_REPRESENTATION_CONTEXT() REPRESENTATION_CONTEXT('2D SPACE',''
  ) );
#9667 = PCURVE('',#9628,#9668);
#9668 = DEFINITIONAL_REPRESENTATION('',(#9669),#9673);
#9669 = LINE('',#9670,#9671);
#9670 = CARTESIAN_POINT('',(0.,-0.));
#9671 = VECTOR('',#9672,1.);
#9672 = DIRECTION('',(0.,1.));
#9673 = ( GEOMETRIC_REPRESENTATION_CONTEXT(2) 
PARAMETRIC_REPRESENTATION_CONTEXT() REPRESENTATION_CONTEXT('2D SPACE',''
  ) );
#9674 = ORIENTED_EDGE('',*,*,#9675,.T.);
#9675 = EDGE_CURVE('',#9653,#9653,#9676,.T.);
#9676 = SURFACE_CURVE('',#9677,(#9682,#9689),.PCURVE_S1.);
#9677 = CIRCLE('',#9678,48.);
#9678 = AXIS2_PLACEMENT_3D('',#9679,#9680,#9681);
#9679 = CARTESIAN_POINT('',(350.,28.,2.166E+03));
#9680 = DIRECTION('',(0.,0.,1.));
#9681 = DIRECTION('',(1.,0.,0.));
#9682 = PCURVE('',#9628,#9683);
#9683 = DEFINITIONAL_REPRESENTATION('',(#9684),#9688);
#9684 = LINE('',#9685,#9686);
#9685 = CARTESIAN_POINT('',(0.,0.));
#9686 = VECTOR('',#9687,1.);
#9687 = DIRECTION('',(1.,0.));
#9688 = ( GEOMETRIC_REPRESENTATION_CONTEXT(2) 
PARAMETRIC_REPRESENTATION_CONTEXT() REPRESENTATION_CONTEXT('2D SPACE',''
  ) );
#9689 = PCURVE('',#9690,#9695);
#9690 = PLANE('',#9691);
#9691 = AXIS2_PLACEMENT_3D('',#9692,#9693,#9694);
#9692 = CARTESIAN_POINT('',(350.,28.,2.166E+03));
#9693 = DIRECTION('',(0.,0.,1.));
#9694 = DIRECTION('',(1.,0.,0.));
#9695 = DEFINITIONAL_REPRESENTATION('',(#9696),#9700);
#9696 = CIRCLE('',#9697,48.);
#9697 = AXIS2_PLACEMENT_2D('',#9698,#9699);
#9698 = CARTESIAN_POINT('',(0.,0.));
#9699 = DIRECTION('',(1.,0.));
#9700 = ( GEOMETRIC_REPRESENTATION_CONTEXT(2) 
PARAMETRIC_REPRESENTATION_CONTEXT() REPRESENTATION_CONTEXT('2D SPACE',''
  ) );
#9701 = ORIENTED_EDGE('',*,*,#9652,.T.);
#9702 = ADVANCED_FACE('',(#9703),#9640,.T.);
#9703 = FACE_BOUND('',#9704,.T.);
#9704 = EDGE_LOOP('',(#9705));
#9705 = ORIENTED_EDGE('',*,*,#9618,.T.);
#9706 = ADVANCED_FACE('',(#9707),#9690,.F.);
#9707 = FACE_BOUND('',#9708,.T.);
#9708 = EDGE_LOOP('',(#9709));
#9709 = ORIENTED_EDGE('',*,*,#9675,.F.);
#9710 = ( GEOMETRIC_REPRESENTATION_CONTEXT(3) 
GLOBAL_UNCERTAINTY_ASSIGNED_CONTEXT((#9714)) 
GLOBAL_UNIT_ASSIGNED_CONTEXT((#9711,#9712,#9713)) REPRESENTATION_CONTEXT
('Context #1','3D Context with UNIT and UNCERTAINTY') );
#9711 = ( LENGTH_UNIT() NAMED_UNIT(*) SI_UNIT(.MILLI.,.METRE.) );
#9712 = ( NAMED_UNIT(*) PLANE_ANGLE_UNIT() SI_UNIT($,.RADIAN.) );
#9713 = ( NAMED_UNIT(*) SI_UNIT($,.STERADIAN.) SOLID_ANGLE_UNIT() );
#9714 = UNCERTAINTY_MEASURE_WITH_UNIT(LENGTH_MEASURE(1.E-07),#9711,
  'distance_accuracy_value','confusion accuracy');
#9715 = CONTEXT_DEPENDENT_SHAPE_REPRESENTATION(#9716,#9718);
#9716 = ( REPRESENTATION_RELATIONSHIP('','',#9611,#10) 
REPRESENTATION_RELATIONSHIP_WITH_TRANSFORMATION(#9717) 
SHAPE_REPRESENTATION_RELATIONSHIP() );
#9717 = ITEM_DEFINED_TRANSFORMATION('','',#11,#343);
#9718 = PRODUCT_DEFINITION_SHAPE('Placement','Placement of an item',
  #9719);
#9719 = NEXT_ASSEMBLY_USAGE_OCCURRENCE('83','Rubber_Launch_Wheel_L','',
  #5,#9606,$);
#9720 = PRODUCT_RELATED_PRODUCT_CATEGORY('part',$,(#9608));
#9721 = SHAPE_DEFINITION_REPRESENTATION(#9722,#9728);
#9722 = PRODUCT_DEFINITION_SHAPE('','',#9723);
#9723 = PRODUCT_DEFINITION('design','',#9724,#9727);
#9724 = PRODUCT_DEFINITION_FORMATION('','',#9725);
#9725 = PRODUCT('Rubber_Launch_Wheel_R','Rubber_Launch_Wheel_R','',(
    #9726));
#9726 = PRODUCT_CONTEXT('',#2,'mechanical');
#9727 = PRODUCT_DEFINITION_CONTEXT('part definition',#2,'design');
#9728 = ADVANCED_BREP_SHAPE_REPRESENTATION('',(#11,#9729),#9827);
#9729 = MANIFOLD_SOLID_BREP('',#9730);
#9730 = CLOSED_SHELL('',(#9731,#9819,#9823));
#9731 = ADVANCED_FACE('',(#9732),#9745,.T.);
#9732 = FACE_BOUND('',#9733,.T.);
#9733 = EDGE_LOOP('',(#9734,#9768,#9791,#9818));
#9734 = ORIENTED_EDGE('',*,*,#9735,.F.);
#9735 = EDGE_CURVE('',#9736,#9736,#9738,.T.);
#9736 = VERTEX_POINT('',#9737);
#9737 = CARTESIAN_POINT('',(398.,-28.,2.184E+03));
#9738 = SURFACE_CURVE('',#9739,(#9744,#9756),.PCURVE_S1.);
#9739 = CIRCLE('',#9740,48.);
#9740 = AXIS2_PLACEMENT_3D('',#9741,#9742,#9743);
#9741 = CARTESIAN_POINT('',(350.,-28.,2.184E+03));
#9742 = DIRECTION('',(0.,0.,1.));
#9743 = DIRECTION('',(1.,0.,0.));
#9744 = PCURVE('',#9745,#9750);
#9745 = CYLINDRICAL_SURFACE('',#9746,48.);
#9746 = AXIS2_PLACEMENT_3D('',#9747,#9748,#9749);
#9747 = CARTESIAN_POINT('',(350.,-28.,2.166E+03));
#9748 = DIRECTION('',(0.,0.,1.));
#9749 = DIRECTION('',(1.,0.,0.));
#9750 = DEFINITIONAL_REPRESENTATION('',(#9751),#9755);
#9751 = LINE('',#9752,#9753);
#9752 = CARTESIAN_POINT('',(0.,18.));
#9753 = VECTOR('',#9754,1.);
#9754 = DIRECTION('',(1.,0.));
#9755 = ( GEOMETRIC_REPRESENTATION_CONTEXT(2) 
PARAMETRIC_REPRESENTATION_CONTEXT() REPRESENTATION_CONTEXT('2D SPACE',''
  ) );
#9756 = PCURVE('',#9757,#9762);
#9757 = PLANE('',#9758);
#9758 = AXIS2_PLACEMENT_3D('',#9759,#9760,#9761);
#9759 = CARTESIAN_POINT('',(350.,-28.,2.184E+03));
#9760 = DIRECTION('',(0.,0.,1.));
#9761 = DIRECTION('',(1.,0.,0.));
#9762 = DEFINITIONAL_REPRESENTATION('',(#9763),#9767);
#9763 = CIRCLE('',#9764,48.);
#9764 = AXIS2_PLACEMENT_2D('',#9765,#9766);
#9765 = CARTESIAN_POINT('',(0.,0.));
#9766 = DIRECTION('',(1.,0.));
#9767 = ( GEOMETRIC_REPRESENTATION_CONTEXT(2) 
PARAMETRIC_REPRESENTATION_CONTEXT() REPRESENTATION_CONTEXT('2D SPACE',''
  ) );
#9768 = ORIENTED_EDGE('',*,*,#9769,.F.);
#9769 = EDGE_CURVE('',#9770,#9736,#9772,.T.);
#9770 = VERTEX_POINT('',#9771);
#9771 = CARTESIAN_POINT('',(398.,-28.,2.166E+03));
#9772 = SEAM_CURVE('',#9773,(#9777,#9784),.PCURVE_S1.);
#9773 = LINE('',#9774,#9775);
#9774 = CARTESIAN_POINT('',(398.,-28.,2.166E+03));
#9775 = VECTOR('',#9776,1.);
#9776 = DIRECTION('',(0.,0.,1.));
#9777 = PCURVE('',#9745,#9778);
#9778 = DEFINITIONAL_REPRESENTATION('',(#9779),#9783);
#9779 = LINE('',#9780,#9781);
#9780 = CARTESIAN_POINT('',(6.28318530718,-0.));
#9781 = VECTOR('',#9782,1.);
#9782 = DIRECTION('',(0.,1.));
#9783 = ( GEOMETRIC_REPRESENTATION_CONTEXT(2) 
PARAMETRIC_REPRESENTATION_CONTEXT() REPRESENTATION_CONTEXT('2D SPACE',''
  ) );
#9784 = PCURVE('',#9745,#9785);
#9785 = DEFINITIONAL_REPRESENTATION('',(#9786),#9790);
#9786 = LINE('',#9787,#9788);
#9787 = CARTESIAN_POINT('',(0.,-0.));
#9788 = VECTOR('',#9789,1.);
#9789 = DIRECTION('',(0.,1.));
#9790 = ( GEOMETRIC_REPRESENTATION_CONTEXT(2) 
PARAMETRIC_REPRESENTATION_CONTEXT() REPRESENTATION_CONTEXT('2D SPACE',''
  ) );
#9791 = ORIENTED_EDGE('',*,*,#9792,.T.);
#9792 = EDGE_CURVE('',#9770,#9770,#9793,.T.);
#9793 = SURFACE_CURVE('',#9794,(#9799,#9806),.PCURVE_S1.);
#9794 = CIRCLE('',#9795,48.);
#9795 = AXIS2_PLACEMENT_3D('',#9796,#9797,#9798);
#9796 = CARTESIAN_POINT('',(350.,-28.,2.166E+03));
#9797 = DIRECTION('',(0.,0.,1.));
#9798 = DIRECTION('',(1.,0.,0.));
#9799 = PCURVE('',#9745,#9800);
#9800 = DEFINITIONAL_REPRESENTATION('',(#9801),#9805);
#9801 = LINE('',#9802,#9803);
#9802 = CARTESIAN_POINT('',(0.,0.));
#9803 = VECTOR('',#9804,1.);
#9804 = DIRECTION('',(1.,0.));
#9805 = ( GEOMETRIC_REPRESENTATION_CONTEXT(2) 
PARAMETRIC_REPRESENTATION_CONTEXT() REPRESENTATION_CONTEXT('2D SPACE',''
  ) );
#9806 = PCURVE('',#9807,#9812);
#9807 = PLANE('',#9808);
#9808 = AXIS2_PLACEMENT_3D('',#9809,#9810,#9811);
#9809 = CARTESIAN_POINT('',(350.,-28.,2.166E+03));
#9810 = DIRECTION('',(0.,0.,1.));
#9811 = DIRECTION('',(1.,0.,0.));
#9812 = DEFINITIONAL_REPRESENTATION('',(#9813),#9817);
#9813 = CIRCLE('',#9814,48.);
#9814 = AXIS2_PLACEMENT_2D('',#9815,#9816);
#9815 = CARTESIAN_POINT('',(0.,0.));
#9816 = DIRECTION('',(1.,0.));
#9817 = ( GEOMETRIC_REPRESENTATION_CONTEXT(2) 
PARAMETRIC_REPRESENTATION_CONTEXT() REPRESENTATION_CONTEXT('2D SPACE',''
  ) );
#9818 = ORIENTED_EDGE('',*,*,#9769,.T.);
#9819 = ADVANCED_FACE('',(#9820),#9757,.T.);
#9820 = FACE_BOUND('',#9821,.T.);
#9821 = EDGE_LOOP('',(#9822));
#9822 = ORIENTED_EDGE('',*,*,#9735,.T.);
#9823 = ADVANCED_FACE('',(#9824),#9807,.F.);
#9824 = FACE_BOUND('',#9825,.T.);
#9825 = EDGE_LOOP('',(#9826));
#9826 = ORIENTED_EDGE('',*,*,#9792,.F.);
#9827 = ( GEOMETRIC_REPRESENTATION_CONTEXT(3) 
GLOBAL_UNCERTAINTY_ASSIGNED_CONTEXT((#9831)) 
GLOBAL_UNIT_ASSIGNED_CONTEXT((#9828,#9829,#9830)) REPRESENTATION_CONTEXT
('Context #1','3D Context with UNIT and UNCERTAINTY') );
#9828 = ( LENGTH_UNIT() NAMED_UNIT(*) SI_UNIT(.MILLI.,.METRE.) );
#9829 = ( NAMED_UNIT(*) PLANE_ANGLE_UNIT() SI_UNIT($,.RADIAN.) );
#9830 = ( NAMED_UNIT(*) SI_UNIT($,.STERADIAN.) SOLID_ANGLE_UNIT() );
#9831 = UNCERTAINTY_MEASURE_WITH_UNIT(LENGTH_MEASURE(1.E-07),#9828,
  'distance_accuracy_value','confusion accuracy');
#9832 = CONTEXT_DEPENDENT_SHAPE_REPRESENTATION(#9833,#9835);
#9833 = ( REPRESENTATION_RELATIONSHIP('','',#9728,#10) 
REPRESENTATION_RELATIONSHIP_WITH_TRANSFORMATION(#9834) 
SHAPE_REPRESENTATION_RELATIONSHIP() );
#9834 = ITEM_DEFINED_TRANSFORMATION('','',#11,#347);
#9835 = PRODUCT_DEFINITION_SHAPE('Placement','Placement of an item',
  #9836);
#9836 = NEXT_ASSEMBLY_USAGE_OCCURRENCE('84','Rubber_Launch_Wheel_R','',
  #5,#9723,$);
#9837 = PRODUCT_RELATED_PRODUCT_CATEGORY('part',$,(#9725));
#9838 = SHAPE_DEFINITION_REPRESENTATION(#9839,#9845);
#9839 = PRODUCT_DEFINITION_SHAPE('','',#9840);
#9840 = PRODUCT_DEFINITION('design','',#9841,#9844);
#9841 = PRODUCT_DEFINITION_FORMATION('','',#9842);
#9842 = PRODUCT('Launcher_BLDC_L','Launcher_BLDC_L','',(#9843));
#9843 = PRODUCT_CONTEXT('',#2,'mechanical');
#9844 = PRODUCT_DEFINITION_CONTEXT('part definition',#2,'design');
#9845 = ADVANCED_BREP_SHAPE_REPRESENTATION('',(#11,#9846),#9944);
#9846 = MANIFOLD_SOLID_BREP('',#9847);
#9847 = CLOSED_SHELL('',(#9848,#9936,#9940));
#9848 = ADVANCED_FACE('',(#9849),#9862,.T.);
#9849 = FACE_BOUND('',#9850,.T.);
#9850 = EDGE_LOOP('',(#9851,#9885,#9908,#9935));
#9851 = ORIENTED_EDGE('',*,*,#9852,.F.);
#9852 = EDGE_CURVE('',#9853,#9853,#9855,.T.);
#9853 = VERTEX_POINT('',#9854);
#9854 = CARTESIAN_POINT('',(372.,62.,2.1975E+03));
#9855 = SURFACE_CURVE('',#9856,(#9861,#9873),.PCURVE_S1.);
#9856 = CIRCLE('',#9857,22.);
#9857 = AXIS2_PLACEMENT_3D('',#9858,#9859,#9860);
#9858 = CARTESIAN_POINT('',(350.,62.,2.1975E+03));
#9859 = DIRECTION('',(0.,0.,1.));
#9860 = DIRECTION('',(1.,0.,0.));
#9861 = PCURVE('',#9862,#9867);
#9862 = CYLINDRICAL_SURFACE('',#9863,22.);
#9863 = AXIS2_PLACEMENT_3D('',#9864,#9865,#9866);
#9864 = CARTESIAN_POINT('',(350.,62.,2.1525E+03));
#9865 = DIRECTION('',(0.,0.,1.));
#9866 = DIRECTION('',(1.,0.,0.));
#9867 = DEFINITIONAL_REPRESENTATION('',(#9868),#9872);
#9868 = LINE('',#9869,#9870);
#9869 = CARTESIAN_POINT('',(0.,45.));
#9870 = VECTOR('',#9871,1.);
#9871 = DIRECTION('',(1.,0.));
#9872 = ( GEOMETRIC_REPRESENTATION_CONTEXT(2) 
PARAMETRIC_REPRESENTATION_CONTEXT() REPRESENTATION_CONTEXT('2D SPACE',''
  ) );
#9873 = PCURVE('',#9874,#9879);
#9874 = PLANE('',#9875);
#9875 = AXIS2_PLACEMENT_3D('',#9876,#9877,#9878);
#9876 = CARTESIAN_POINT('',(350.,62.,2.1975E+03));
#9877 = DIRECTION('',(0.,0.,1.));
#9878 = DIRECTION('',(1.,0.,0.));
#9879 = DEFINITIONAL_REPRESENTATION('',(#9880),#9884);
#9880 = CIRCLE('',#9881,22.);
#9881 = AXIS2_PLACEMENT_2D('',#9882,#9883);
#9882 = CARTESIAN_POINT('',(0.,0.));
#9883 = DIRECTION('',(1.,0.));
#9884 = ( GEOMETRIC_REPRESENTATION_CONTEXT(2) 
PARAMETRIC_REPRESENTATION_CONTEXT() REPRESENTATION_CONTEXT('2D SPACE',''
  ) );
#9885 = ORIENTED_EDGE('',*,*,#9886,.F.);
#9886 = EDGE_CURVE('',#9887,#9853,#9889,.T.);
#9887 = VERTEX_POINT('',#9888);
#9888 = CARTESIAN_POINT('',(372.,62.,2.1525E+03));
#9889 = SEAM_CURVE('',#9890,(#9894,#9901),.PCURVE_S1.);
#9890 = LINE('',#9891,#9892);
#9891 = CARTESIAN_POINT('',(372.,62.,2.1525E+03));
#9892 = VECTOR('',#9893,1.);
#9893 = DIRECTION('',(0.,0.,1.));
#9894 = PCURVE('',#9862,#9895);
#9895 = DEFINITIONAL_REPRESENTATION('',(#9896),#9900);
#9896 = LINE('',#9897,#9898);
#9897 = CARTESIAN_POINT('',(6.28318530718,-0.));
#9898 = VECTOR('',#9899,1.);
#9899 = DIRECTION('',(0.,1.));
#9900 = ( GEOMETRIC_REPRESENTATION_CONTEXT(2) 
PARAMETRIC_REPRESENTATION_CONTEXT() REPRESENTATION_CONTEXT('2D SPACE',''
  ) );
#9901 = PCURVE('',#9862,#9902);
#9902 = DEFINITIONAL_REPRESENTATION('',(#9903),#9907);
#9903 = LINE('',#9904,#9905);
#9904 = CARTESIAN_POINT('',(0.,-0.));
#9905 = VECTOR('',#9906,1.);
#9906 = DIRECTION('',(0.,1.));
#9907 = ( GEOMETRIC_REPRESENTATION_CONTEXT(2) 
PARAMETRIC_REPRESENTATION_CONTEXT() REPRESENTATION_CONTEXT('2D SPACE',''
  ) );
#9908 = ORIENTED_EDGE('',*,*,#9909,.T.);
#9909 = EDGE_CURVE('',#9887,#9887,#9910,.T.);
#9910 = SURFACE_CURVE('',#9911,(#9916,#9923),.PCURVE_S1.);
#9911 = CIRCLE('',#9912,22.);
#9912 = AXIS2_PLACEMENT_3D('',#9913,#9914,#9915);
#9913 = CARTESIAN_POINT('',(350.,62.,2.1525E+03));
#9914 = DIRECTION('',(0.,0.,1.));
#9915 = DIRECTION('',(1.,0.,0.));
#9916 = PCURVE('',#9862,#9917);
#9917 = DEFINITIONAL_REPRESENTATION('',(#9918),#9922);
#9918 = LINE('',#9919,#9920);
#9919 = CARTESIAN_POINT('',(0.,0.));
#9920 = VECTOR('',#9921,1.);
#9921 = DIRECTION('',(1.,0.));
#9922 = ( GEOMETRIC_REPRESENTATION_CONTEXT(2) 
PARAMETRIC_REPRESENTATION_CONTEXT() REPRESENTATION_CONTEXT('2D SPACE',''
  ) );
#9923 = PCURVE('',#9924,#9929);
#9924 = PLANE('',#9925);
#9925 = AXIS2_PLACEMENT_3D('',#9926,#9927,#9928);
#9926 = CARTESIAN_POINT('',(350.,62.,2.1525E+03));
#9927 = DIRECTION('',(0.,0.,1.));
#9928 = DIRECTION('',(1.,0.,0.));
#9929 = DEFINITIONAL_REPRESENTATION('',(#9930),#9934);
#9930 = CIRCLE('',#9931,22.);
#9931 = AXIS2_PLACEMENT_2D('',#9932,#9933);
#9932 = CARTESIAN_POINT('',(0.,0.));
#9933 = DIRECTION('',(1.,0.));
#9934 = ( GEOMETRIC_REPRESENTATION_CONTEXT(2) 
PARAMETRIC_REPRESENTATION_CONTEXT() REPRESENTATION_CONTEXT('2D SPACE',''
  ) );
#9935 = ORIENTED_EDGE('',*,*,#9886,.T.);
#9936 = ADVANCED_FACE('',(#9937),#9874,.T.);
#9937 = FACE_BOUND('',#9938,.T.);
#9938 = EDGE_LOOP('',(#9939));
#9939 = ORIENTED_EDGE('',*,*,#9852,.T.);
#9940 = ADVANCED_FACE('',(#9941),#9924,.F.);
#9941 = FACE_BOUND('',#9942,.T.);
#9942 = EDGE_LOOP('',(#9943));
#9943 = ORIENTED_EDGE('',*,*,#9909,.F.);
#9944 = ( GEOMETRIC_REPRESENTATION_CONTEXT(3) 
GLOBAL_UNCERTAINTY_ASSIGNED_CONTEXT((#9948)) 
GLOBAL_UNIT_ASSIGNED_CONTEXT((#9945,#9946,#9947)) REPRESENTATION_CONTEXT
('Context #1','3D Context with UNIT and UNCERTAINTY') );
#9945 = ( LENGTH_UNIT() NAMED_UNIT(*) SI_UNIT(.MILLI.,.METRE.) );
#9946 = ( NAMED_UNIT(*) PLANE_ANGLE_UNIT() SI_UNIT($,.RADIAN.) );
#9947 = ( NAMED_UNIT(*) SI_UNIT($,.STERADIAN.) SOLID_ANGLE_UNIT() );
#9948 = UNCERTAINTY_MEASURE_WITH_UNIT(LENGTH_MEASURE(1.E-07),#9945,
  'distance_accuracy_value','confusion accuracy');
#9949 = CONTEXT_DEPENDENT_SHAPE_REPRESENTATION(#9950,#9952);
#9950 = ( REPRESENTATION_RELATIONSHIP('','',#9845,#10) 
REPRESENTATION_RELATIONSHIP_WITH_TRANSFORMATION(#9951) 
SHAPE_REPRESENTATION_RELATIONSHIP() );
#9951 = ITEM_DEFINED_TRANSFORMATION('','',#11,#351);
#9952 = PRODUCT_DEFINITION_SHAPE('Placement','Placement of an item',
  #9953);
#9953 = NEXT_ASSEMBLY_USAGE_OCCURRENCE('85','Launcher_BLDC_L','',#5,
  #9840,$);
#9954 = PRODUCT_RELATED_PRODUCT_CATEGORY('part',$,(#9842));
#9955 = SHAPE_DEFINITION_REPRESENTATION(#9956,#9962);
#9956 = PRODUCT_DEFINITION_SHAPE('','',#9957);
#9957 = PRODUCT_DEFINITION('design','',#9958,#9961);
#9958 = PRODUCT_DEFINITION_FORMATION('','',#9959);
#9959 = PRODUCT('Launcher_BLDC_R','Launcher_BLDC_R','',(#9960));
#9960 = PRODUCT_CONTEXT('',#2,'mechanical');
#9961 = PRODUCT_DEFINITION_CONTEXT('part definition',#2,'design');
#9962 = ADVANCED_BREP_SHAPE_REPRESENTATION('',(#11,#9963),#10061);
#9963 = MANIFOLD_SOLID_BREP('',#9964);
#9964 = CLOSED_SHELL('',(#9965,#10053,#10057));
#9965 = ADVANCED_FACE('',(#9966),#9979,.T.);
#9966 = FACE_BOUND('',#9967,.T.);
#9967 = EDGE_LOOP('',(#9968,#10002,#10025,#10052));
#9968 = ORIENTED_EDGE('',*,*,#9969,.F.);
#9969 = EDGE_CURVE('',#9970,#9970,#9972,.T.);
#9970 = VERTEX_POINT('',#9971);
#9971 = CARTESIAN_POINT('',(372.,-62.,2.1975E+03));
#9972 = SURFACE_CURVE('',#9973,(#9978,#9990),.PCURVE_S1.);
#9973 = CIRCLE('',#9974,22.);
#9974 = AXIS2_PLACEMENT_3D('',#9975,#9976,#9977);
#9975 = CARTESIAN_POINT('',(350.,-62.,2.1975E+03));
#9976 = DIRECTION('',(0.,0.,1.));
#9977 = DIRECTION('',(1.,0.,0.));
#9978 = PCURVE('',#9979,#9984);
#9979 = CYLINDRICAL_SURFACE('',#9980,22.);
#9980 = AXIS2_PLACEMENT_3D('',#9981,#9982,#9983);
#9981 = CARTESIAN_POINT('',(350.,-62.,2.1525E+03));
#9982 = DIRECTION('',(0.,0.,1.));
#9983 = DIRECTION('',(1.,0.,0.));
#9984 = DEFINITIONAL_REPRESENTATION('',(#9985),#9989);
#9985 = LINE('',#9986,#9987);
#9986 = CARTESIAN_POINT('',(0.,45.));
#9987 = VECTOR('',#9988,1.);
#9988 = DIRECTION('',(1.,0.));
#9989 = ( GEOMETRIC_REPRESENTATION_CONTEXT(2) 
PARAMETRIC_REPRESENTATION_CONTEXT() REPRESENTATION_CONTEXT('2D SPACE',''
  ) );
#9990 = PCURVE('',#9991,#9996);
#9991 = PLANE('',#9992);
#9992 = AXIS2_PLACEMENT_3D('',#9993,#9994,#9995);
#9993 = CARTESIAN_POINT('',(350.,-62.,2.1975E+03));
#9994 = DIRECTION('',(0.,0.,1.));
#9995 = DIRECTION('',(1.,0.,0.));
#9996 = DEFINITIONAL_REPRESENTATION('',(#9997),#10001);
#9997 = CIRCLE('',#9998,22.);
#9998 = AXIS2_PLACEMENT_2D('',#9999,#10000);
#9999 = CARTESIAN_POINT('',(0.,0.));
#10000 = DIRECTION('',(1.,0.));
#10001 = ( GEOMETRIC_REPRESENTATION_CONTEXT(2) 
PARAMETRIC_REPRESENTATION_CONTEXT() REPRESENTATION_CONTEXT('2D SPACE',''
  ) );
#10002 = ORIENTED_EDGE('',*,*,#10003,.F.);
#10003 = EDGE_CURVE('',#10004,#9970,#10006,.T.);
#10004 = VERTEX_POINT('',#10005);
#10005 = CARTESIAN_POINT('',(372.,-62.,2.1525E+03));
#10006 = SEAM_CURVE('',#10007,(#10011,#10018),.PCURVE_S1.);
#10007 = LINE('',#10008,#10009);
#10008 = CARTESIAN_POINT('',(372.,-62.,2.1525E+03));
#10009 = VECTOR('',#10010,1.);
#10010 = DIRECTION('',(0.,0.,1.));
#10011 = PCURVE('',#9979,#10012);
#10012 = DEFINITIONAL_REPRESENTATION('',(#10013),#10017);
#10013 = LINE('',#10014,#10015);
#10014 = CARTESIAN_POINT('',(6.28318530718,-0.));
#10015 = VECTOR('',#10016,1.);
#10016 = DIRECTION('',(0.,1.));
#10017 = ( GEOMETRIC_REPRESENTATION_CONTEXT(2) 
PARAMETRIC_REPRESENTATION_CONTEXT() REPRESENTATION_CONTEXT('2D SPACE',''
  ) );
#10018 = PCURVE('',#9979,#10019);
#10019 = DEFINITIONAL_REPRESENTATION('',(#10020),#10024);
#10020 = LINE('',#10021,#10022);
#10021 = CARTESIAN_POINT('',(0.,-0.));
#10022 = VECTOR('',#10023,1.);
#10023 = DIRECTION('',(0.,1.));
#10024 = ( GEOMETRIC_REPRESENTATION_CONTEXT(2) 
PARAMETRIC_REPRESENTATION_CONTEXT() REPRESENTATION_CONTEXT('2D SPACE',''
  ) );
#10025 = ORIENTED_EDGE('',*,*,#10026,.T.);
#10026 = EDGE_CURVE('',#10004,#10004,#10027,.T.);
#10027 = SURFACE_CURVE('',#10028,(#10033,#10040),.PCURVE_S1.);
#10028 = CIRCLE('',#10029,22.);
#10029 = AXIS2_PLACEMENT_3D('',#10030,#10031,#10032);
#10030 = CARTESIAN_POINT('',(350.,-62.,2.1525E+03));
#10031 = DIRECTION('',(0.,0.,1.));
#10032 = DIRECTION('',(1.,0.,0.));
#10033 = PCURVE('',#9979,#10034);
#10034 = DEFINITIONAL_REPRESENTATION('',(#10035),#10039);
#10035 = LINE('',#10036,#10037);
#10036 = CARTESIAN_POINT('',(0.,0.));
#10037 = VECTOR('',#10038,1.);
#10038 = DIRECTION('',(1.,0.));
#10039 = ( GEOMETRIC_REPRESENTATION_CONTEXT(2) 
PARAMETRIC_REPRESENTATION_CONTEXT() REPRESENTATION_CONTEXT('2D SPACE',''
  ) );
#10040 = PCURVE('',#10041,#10046);
#10041 = PLANE('',#10042);
#10042 = AXIS2_PLACEMENT_3D('',#10043,#10044,#10045);
#10043 = CARTESIAN_POINT('',(350.,-62.,2.1525E+03));
#10044 = DIRECTION('',(0.,0.,1.));
#10045 = DIRECTION('',(1.,0.,0.));
#10046 = DEFINITIONAL_REPRESENTATION('',(#10047),#10051);
#10047 = CIRCLE('',#10048,22.);
#10048 = AXIS2_PLACEMENT_2D('',#10049,#10050);
#10049 = CARTESIAN_POINT('',(0.,0.));
#10050 = DIRECTION('',(1.,0.));
#10051 = ( GEOMETRIC_REPRESENTATION_CONTEXT(2) 
PARAMETRIC_REPRESENTATION_CONTEXT() REPRESENTATION_CONTEXT('2D SPACE',''
  ) );
#10052 = ORIENTED_EDGE('',*,*,#10003,.T.);
#10053 = ADVANCED_FACE('',(#10054),#9991,.T.);
#10054 = FACE_BOUND('',#10055,.T.);
#10055 = EDGE_LOOP('',(#10056));
#10056 = ORIENTED_EDGE('',*,*,#9969,.T.);
#10057 = ADVANCED_FACE('',(#10058),#10041,.F.);
#10058 = FACE_BOUND('',#10059,.T.);
#10059 = EDGE_LOOP('',(#10060));
#10060 = ORIENTED_EDGE('',*,*,#10026,.F.);
#10061 = ( GEOMETRIC_REPRESENTATION_CONTEXT(3) 
GLOBAL_UNCERTAINTY_ASSIGNED_CONTEXT((#10065)) 
GLOBAL_UNIT_ASSIGNED_CONTEXT((#10062,#10063,#10064)) 
REPRESENTATION_CONTEXT('Context #1',
  '3D Context with UNIT and UNCERTAINTY') );
#10062 = ( LENGTH_UNIT() NAMED_UNIT(*) SI_UNIT(.MILLI.,.METRE.) );
#10063 = ( NAMED_UNIT(*) PLANE_ANGLE_UNIT() SI_UNIT($,.RADIAN.) );
#10064 = ( NAMED_UNIT(*) SI_UNIT($,.STERADIAN.) SOLID_ANGLE_UNIT() );
#10065 = UNCERTAINTY_MEASURE_WITH_UNIT(LENGTH_MEASURE(1.E-07),#10062,
  'distance_accuracy_value','confusion accuracy');
#10066 = CONTEXT_DEPENDENT_SHAPE_REPRESENTATION(#10067,#10069);
#10067 = ( REPRESENTATION_RELATIONSHIP('','',#9962,#10) 
REPRESENTATION_RELATIONSHIP_WITH_TRANSFORMATION(#10068) 
SHAPE_REPRESENTATION_RELATIONSHIP() );
#10068 = ITEM_DEFINED_TRANSFORMATION('','',#11,#355);
#10069 = PRODUCT_DEFINITION_SHAPE('Placement','Placement of an item',
  #10070);
#10070 = NEXT_ASSEMBLY_USAGE_OCCURRENCE('86','Launcher_BLDC_R','',#5,
  #9957,$);
#10071 = PRODUCT_RELATED_PRODUCT_CATEGORY('part',$,(#9959));
#10072 = SHAPE_DEFINITION_REPRESENTATION(#10073,#10079);
#10073 = PRODUCT_DEFINITION_SHAPE('','',#10074);
#10074 = PRODUCT_DEFINITION('design','',#10075,#10078);
#10075 = PRODUCT_DEFINITION_FORMATION('','',#10076);
#10076 = PRODUCT('Shooter_Feed_Adapter','Shooter_Feed_Adapter','',(
    #10077));
#10077 = PRODUCT_CONTEXT('',#2,'mechanical');
#10078 = PRODUCT_DEFINITION_CONTEXT('part definition',#2,'design');
#10079 = ADVANCED_BREP_SHAPE_REPRESENTATION('',(#11,#10080),#10178);
#10080 = MANIFOLD_SOLID_BREP('',#10081);
#10081 = CLOSED_SHELL('',(#10082,#10170,#10174));
#10082 = ADVANCED_FACE('',(#10083),#10096,.T.);
#10083 = FACE_BOUND('',#10084,.T.);
#10084 = EDGE_LOOP('',(#10085,#10119,#10142,#10169));
#10085 = ORIENTED_EDGE('',*,*,#10086,.F.);
#10086 = EDGE_CURVE('',#10087,#10087,#10089,.T.);
#10087 = VERTEX_POINT('',#10088);
#10088 = CARTESIAN_POINT('',(179.,-7.102951435055E-15,2.2025E+03));
#10089 = SURFACE_CURVE('',#10090,(#10095,#10107),.PCURVE_S1.);
#10090 = CIRCLE('',#10091,29.);
#10091 = AXIS2_PLACEMENT_3D('',#10092,#10093,#10094);
#10092 = CARTESIAN_POINT('',(150.,0.,2.2025E+03));
#10093 = DIRECTION('',(0.,0.,1.));
#10094 = DIRECTION('',(1.,0.,0.));
#10095 = PCURVE('',#10096,#10101);
#10096 = CYLINDRICAL_SURFACE('',#10097,29.);
#10097 = AXIS2_PLACEMENT_3D('',#10098,#10099,#10100);
#10098 = CARTESIAN_POINT('',(150.,0.,2.1475E+03));
#10099 = DIRECTION('',(0.,0.,1.));
#10100 = DIRECTION('',(1.,0.,0.));
#10101 = DEFINITIONAL_REPRESENTATION('',(#10102),#10106);
#10102 = LINE('',#10103,#10104);
#10103 = CARTESIAN_POINT('',(0.,55.));
#10104 = VECTOR('',#10105,1.);
#10105 = DIRECTION('',(1.,0.));
#10106 = ( GEOMETRIC_REPRESENTATION_CONTEXT(2) 
PARAMETRIC_REPRESENTATION_CONTEXT() REPRESENTATION_CONTEXT('2D SPACE',''
  ) );
#10107 = PCURVE('',#10108,#10113);
#10108 = PLANE('',#10109);
#10109 = AXIS2_PLACEMENT_3D('',#10110,#10111,#10112);
#10110 = CARTESIAN_POINT('',(150.,0.,2.2025E+03));
#10111 = DIRECTION('',(0.,0.,1.));
#10112 = DIRECTION('',(1.,0.,0.));
#10113 = DEFINITIONAL_REPRESENTATION('',(#10114),#10118);
#10114 = CIRCLE('',#10115,29.);
#10115 = AXIS2_PLACEMENT_2D('',#10116,#10117);
#10116 = CARTESIAN_POINT('',(0.,0.));
#10117 = DIRECTION('',(1.,0.));
#10118 = ( GEOMETRIC_REPRESENTATION_CONTEXT(2) 
PARAMETRIC_REPRESENTATION_CONTEXT() REPRESENTATION_CONTEXT('2D SPACE',''
  ) );
#10119 = ORIENTED_EDGE('',*,*,#10120,.F.);
#10120 = EDGE_CURVE('',#10121,#10087,#10123,.T.);
#10121 = VERTEX_POINT('',#10122);
#10122 = CARTESIAN_POINT('',(179.,-7.102951435055E-15,2.1475E+03));
#10123 = SEAM_CURVE('',#10124,(#10128,#10135),.PCURVE_S1.);
#10124 = LINE('',#10125,#10126);
#10125 = CARTESIAN_POINT('',(179.,-7.102951435055E-15,2.1475E+03));
#10126 = VECTOR('',#10127,1.);
#10127 = DIRECTION('',(0.,0.,1.));
#10128 = PCURVE('',#10096,#10129);
#10129 = DEFINITIONAL_REPRESENTATION('',(#10130),#10134);
#10130 = LINE('',#10131,#10132);
#10131 = CARTESIAN_POINT('',(6.28318530718,-0.));
#10132 = VECTOR('',#10133,1.);
#10133 = DIRECTION('',(0.,1.));
#10134 = ( GEOMETRIC_REPRESENTATION_CONTEXT(2) 
PARAMETRIC_REPRESENTATION_CONTEXT() REPRESENTATION_CONTEXT('2D SPACE',''
  ) );
#10135 = PCURVE('',#10096,#10136);
#10136 = DEFINITIONAL_REPRESENTATION('',(#10137),#10141);
#10137 = LINE('',#10138,#10139);
#10138 = CARTESIAN_POINT('',(0.,-0.));
#10139 = VECTOR('',#10140,1.);
#10140 = DIRECTION('',(0.,1.));
#10141 = ( GEOMETRIC_REPRESENTATION_CONTEXT(2) 
PARAMETRIC_REPRESENTATION_CONTEXT() REPRESENTATION_CONTEXT('2D SPACE',''
  ) );
#10142 = ORIENTED_EDGE('',*,*,#10143,.T.);
#10143 = EDGE_CURVE('',#10121,#10121,#10144,.T.);
#10144 = SURFACE_CURVE('',#10145,(#10150,#10157),.PCURVE_S1.);
#10145 = CIRCLE('',#10146,29.);
#10146 = AXIS2_PLACEMENT_3D('',#10147,#10148,#10149);
#10147 = CARTESIAN_POINT('',(150.,0.,2.1475E+03));
#10148 = DIRECTION('',(0.,0.,1.));
#10149 = DIRECTION('',(1.,0.,0.));
#10150 = PCURVE('',#10096,#10151);
#10151 = DEFINITIONAL_REPRESENTATION('',(#10152),#10156);
#10152 = LINE('',#10153,#10154);
#10153 = CARTESIAN_POINT('',(0.,0.));
#10154 = VECTOR('',#10155,1.);
#10155 = DIRECTION('',(1.,0.));
#10156 = ( GEOMETRIC_REPRESENTATION_CONTEXT(2) 
PARAMETRIC_REPRESENTATION_CONTEXT() REPRESENTATION_CONTEXT('2D SPACE',''
  ) );
#10157 = PCURVE('',#10158,#10163);
#10158 = PLANE('',#10159);
#10159 = AXIS2_PLACEMENT_3D('',#10160,#10161,#10162);
#10160 = CARTESIAN_POINT('',(150.,0.,2.1475E+03));
#10161 = DIRECTION('',(0.,0.,1.));
#10162 = DIRECTION('',(1.,0.,0.));
#10163 = DEFINITIONAL_REPRESENTATION('',(#10164),#10168);
#10164 = CIRCLE('',#10165,29.);
#10165 = AXIS2_PLACEMENT_2D('',#10166,#10167);
#10166 = CARTESIAN_POINT('',(0.,0.));
#10167 = DIRECTION('',(1.,0.));
#10168 = ( GEOMETRIC_REPRESENTATION_CONTEXT(2) 
PARAMETRIC_REPRESENTATION_CONTEXT() REPRESENTATION_CONTEXT('2D SPACE',''
  ) );
#10169 = ORIENTED_EDGE('',*,*,#10120,.T.);
#10170 = ADVANCED_FACE('',(#10171),#10108,.T.);
#10171 = FACE_BOUND('',#10172,.T.);
#10172 = EDGE_LOOP('',(#10173));
#10173 = ORIENTED_EDGE('',*,*,#10086,.T.);
#10174 = ADVANCED_FACE('',(#10175),#10158,.F.);
#10175 = FACE_BOUND('',#10176,.T.);
#10176 = EDGE_LOOP('',(#10177));
#10177 = ORIENTED_EDGE('',*,*,#10143,.F.);
#10178 = ( GEOMETRIC_REPRESENTATION_CONTEXT(3) 
GLOBAL_UNCERTAINTY_ASSIGNED_CONTEXT((#10182)) 
GLOBAL_UNIT_ASSIGNED_CONTEXT((#10179,#10180,#10181)) 
REPRESENTATION_CONTEXT('Context #1',
  '3D Context with UNIT and UNCERTAINTY') );
#10179 = ( LENGTH_UNIT() NAMED_UNIT(*) SI_UNIT(.MILLI.,.METRE.) );
#10180 = ( NAMED_UNIT(*) PLANE_ANGLE_UNIT() SI_UNIT($,.RADIAN.) );
#10181 = ( NAMED_UNIT(*) SI_UNIT($,.STERADIAN.) SOLID_ANGLE_UNIT() );
#10182 = UNCERTAINTY_MEASURE_WITH_UNIT(LENGTH_MEASURE(1.E-07),#10179,
  'distance_accuracy_value','confusion accuracy');
#10183 = CONTEXT_DEPENDENT_SHAPE_REPRESENTATION(#10184,#10186);
#10184 = ( REPRESENTATION_RELATIONSHIP('','',#10079,#10) 
REPRESENTATION_RELATIONSHIP_WITH_TRANSFORMATION(#10185) 
SHAPE_REPRESENTATION_RELATIONSHIP() );
#10185 = ITEM_DEFINED_TRANSFORMATION('','',#11,#359);
#10186 = PRODUCT_DEFINITION_SHAPE('Placement','Placement of an item',
  #10187);
#10187 = NEXT_ASSEMBLY_USAGE_OCCURRENCE('87','Shooter_Feed_Adapter','',
  #5,#10074,$);
#10188 = PRODUCT_RELATED_PRODUCT_CATEGORY('part',$,(#10076));
ENDSEC;
END-ISO-10303-21;
